Produtor;Tanque;Data Entrada;Saldo Final;Dt.últ Biometria;Última Pesagem(g);Região;Classe
AGD;E016;24/10/2025;3211;08/04/2026;678;APT;Integ
AGD;E123;24/10/2025;1043;08/04/2026;486;APT;Integ
AGD;E035;24/10/2025;3346;08/04/2026;595;APT;Integ
AGD;E040;24/10/2025;2533;08/04/2026;567;APT;Integ
AGD;E009;22/11/2025;2705;27/02/2026;417;APT;Integ
AGD;E021;22/11/2025;2893;24/02/2026;236;APT;Integ
AGD;E041;27/11/2025;2905;25/02/2026;418;APT;Integ
AGD;E032;27/11/2025;3195;24/02/2026;334;APT;Integ
AGD;E037;27/11/2025;2833;25/02/2026;235;APT;Integ
AGD;E029;27/11/2025;1594;25/02/2026;239;APT;Integ
AGD;E047;22/11/2025;2861;23/02/2026;337;APT;Integ
AGD;E048;27/11/2025;3224;25/02/2026;337;APT;Integ
AGD;E064;22/11/2025;2771;27/02/2026;237;APT;Integ
AGD;E086;22/11/2025;3153;27/02/2026;335;APT;Integ
AGD;E078;22/11/2025;2396;04/03/2026;212;APT;Integ
AGD;E100;22/11/2025;1070;24/02/2026;133;APT;Integ
AGD;E091;27/11/2025;2855;24/02/2026;335;APT;Integ
AGD;E101;27/11/2025;1018;25/02/2026;471;APT;Integ
AGD;E089;22/11/2025;2968;26/02/2026;334;APT;Integ
AGD;E102;22/11/2025;1192;27/02/2026;337;APT;Integ
AGD;E025;22/11/2025;2647;24/02/2026;419;APT;Integ
AGD;E106;27/11/2025;1220;25/02/2026;338;APT;Integ
AGD;E010;04/12/2025;3214;27/03/2026;604;APT;Integ
AGD;E003;26/12/2025;3286;14/04/2026;515;APT;Integ
AGD;E005;18/12/2025;3162;16/04/2026;326;APT;Integ
AGD;E015;18/12/2025;3305;14/04/2026;651;APT;Integ
AGD;E030;18/12/2025;3067;14/04/2026;322;APT;Integ
AGD;E013;18/12/2025;3322;16/04/2026;652;APT;Integ
AGD;E034;26/12/2025;3277;16/04/2026;513;APT;Integ
AGD;E023;26/12/2025;2932;16/04/2026;652;APT;Integ
AGD;E065;04/12/2025;3101;25/03/2026;601;APT;Integ
AGD;E045;04/12/2025;3121;26/03/2026;438;APT;Integ
AGD;E044;04/12/2025;2401;30/03/2026;605;APT;Integ
AGD;E049;18/12/2025;3366;14/04/2026;514;APT;Integ
AGD;E063;26/12/2025;3303;15/04/2026;512;APT;Integ
AGD;E067;04/12/2025;3090;25/03/2026;432;APT;Integ
AGD;E088;04/12/2025;2969;25/03/2026;303;APT;Integ
AGD;E083;04/12/2025;3052;27/03/2026;301;APT;Integ
AGD;E090;04/12/2025;3177;27/03/2026;440;APT;Integ
AGD;E082;04/12/2025;1208;30/03/2026;309;APT;Integ
AGD;E093;04/12/2025;3240;26/03/2026;603;APT;Integ
AGD;E114;04/12/2025;967;30/03/2026;442;APT;Integ
AGD;E001;19/01/2026;3196;23/04/2026;521;APT;Integ
AGD;E004;19/01/2026;3282;24/04/2026;519;APT;Integ
AGD;E002;23/01/2026;3533;29/04/2026;373;APT;Integ
AGD;E014;14/01/2026;3285;17/04/2026;370;APT;Integ
AGD;E019;19/01/2026;3060;23/04/2026;239;APT;Integ
AGD;E024;14/01/2026;3338;24/04/2026;367;APT;Integ
AGD;E008;19/01/2026;3208;29/04/2026;247;APT;Integ
AGD;E020;23/01/2026;3507;29/04/2026;516;APT;Integ
AGD;E038;14/01/2026;3245;20/04/2026;373;APT;Integ
AGD;E042;14/01/2026;3113;23/04/2026;237;APT;Integ
AGD;E043;19/01/2026;3273;23/04/2026;511;APT;Integ
AGD;E036;19/01/2026;3261;23/04/2026;366;APT;Integ
AGD;E027;23/01/2026;3050;30/04/2026;247;APT;Integ
AGD;E054;14/01/2026;3426;17/04/2026;494;APT;Integ
AGD;E057;14/01/2026;3202;20/04/2026;493;APT;Integ
AGD;E055;14/01/2026;3082;22/04/2026;237;APT;Integ
AGD;E052;19/01/2026;3188;22/04/2026;510;APT;Integ
AGD;E058;19/01/2026;3131;20/04/2026;367;APT;Integ
AGD;E062;14/01/2026;3034;17/04/2026;237;APT;Integ
AGD;E066;14/01/2026;3333;22/04/2026;368;APT;Integ
AGD;E069;30/01/2026;3422;28/04/2026;520;APT;Integ
AGD;E073;23/01/2026;3412;30/04/2026;519;APT;Integ
AGD;E070;30/01/2026;3191;30/04/2026;374;APT;Integ
AGD;R125;05/02/2026;2893;03/03/2026;61;APT;Integ
AGD;R102;05/02/2026;3127;03/03/2026;38;APT;Integ
AGD;R105;25/02/2026;3194;19/03/2026;41;APT;Integ
AGD;E098;30/01/2026;3414;28/04/2026;379;APT;Integ
AGD;E081;23/01/2026;3530;29/04/2026;376;APT;Integ
AGD;R141;05/02/2026;2846;03/03/2026;39;APT;Integ
AGD;R025;05/02/2026;2866;03/03/2026;38;APT;Integ
AGD;R020;16/02/2026;2919;10/03/2026;61;APT;Integ
AGD;R022;25/02/2026;3064;18/03/2026;65;APT;Integ
AGD;R011;25/02/2026;3200;18/03/2026;41;APT;Integ
AGD;R027;05/02/2026;2868;03/03/2026;64;APT;Integ
AGD;R039;16/02/2026;2709;06/03/2026;60;APT;Integ
AGD;R033;16/02/2026;2905;10/03/2026;64;APT;Integ
AGD;R028;25/02/2026;3094;18/03/2026;66;APT;Integ
AGD;R040;25/02/2026;3332;18/03/2026;67;APT;Integ
AGD;R061;05/02/2026;2883;03/03/2026;64;APT;Integ
AGD;R055;16/02/2026;3188;06/04/2026;148;APT;Integ
AGD;R047;16/02/2026;2743;10/03/2026;47;APT;Integ
AGD;R052;25/02/2026;2994;13/03/2026;64;APT;Integ
AGD;R054;25/02/2026;3229;18/03/2026;41;APT;Integ
AGD;R091;05/02/2026;2775;03/03/2026;60;APT;Integ
AGD;R077;05/02/2026;2839;03/03/2026;64;APT;Integ
AGD;R092;16/02/2026;2590;10/03/2026;63;APT;Integ
AGD;R076;25/02/2026;2982;13/03/2026;69;APT;Integ
AGD;R072;25/02/2026;3229;19/03/2026;66;APT;Integ
AGD;R095;05/02/2026;2903;03/03/2026;39;APT;Integ
AGD;R096;16/02/2026;2898;06/03/2026;40;APT;Integ
AGD;R094;16/02/2026;2738;10/03/2026;43;APT;Integ
AGD;R101;16/02/2026;2295;11/03/2026;65;APT;Integ
AGD;R117;16/02/2026;1836;11/03/2026;44;APT;Integ
AGD;R124;16/02/2026;3977;10/03/2026;64;APT;Integ
AGD;R123;16/02/2026;3159;10/03/2026;41;APT;Integ
AGD;R137;25/02/2026;3035;13/03/2026;73;APT;Integ
AGD;R131;25/02/2026;3070;13/03/2026;47;APT;Integ
AGD;R127;25/02/2026;3116;13/03/2026;45;APT;Integ
AGD;R143;05/02/2026;2791;03/03/2026;63;APT;Integ
AGD;R140;05/02/2026;2861;03/03/2026;64;APT;Integ
AGD;R156;05/02/2026;3431;03/03/2026;64;APT;Integ
AGD;R148;16/02/2026;3024;06/03/2026;58;APT;Integ
AGD;R138;25/02/2026;2957;13/03/2026;65;APT;Integ
AGD;R163;05/02/2026;2949;03/03/2026;39;APT;Integ
AGD;R159;25/02/2026;3172;13/03/2026;47;APT;Integ
AGD;R158;25/02/2026;3090;13/03/2026;46;APT;Integ
AGD;R161;25/02/2026;3315;18/03/2026;49;APT;Integ
AGD;R157;25/02/2026;2242;19/03/2026;68;APT;Integ
AGD;B042;25/03/2026;4377;25/03/2026;39;APT;Integ
AGD;R041;09/03/2026;2766;06/04/2026;85;APT;Integ
AGD;R034;09/03/2026;2706;07/04/2026;57;APT;Integ
AGD;R012;09/03/2026;2811;07/04/2026;86;APT;Integ
AGD;R057;17/03/2026;3017;10/04/2026;99;APT;Integ
AGD;R145;09/03/2026;2894;02/04/2026;87;APT;Integ
AGD;R146;09/03/2026;3100;06/04/2026;56;APT;Integ
AGD;R007;09/03/2026;2709;07/04/2026;56;APT;Integ
AGD;R060;17/03/2026;2632;10/04/2026;97;APT;Integ
AGD;R063;17/03/2026;2059;13/04/2026;98;APT;Integ
AGD;B008;25/03/2026;4551;25/03/2026;39;APT;Integ
AGD;B005;25/03/2026;4675;25/03/2026;39;APT;Integ
AGD;B025;25/03/2026;5009;25/03/2026;39;APT;Integ
AGD;B007;25/03/2026;4567;25/03/2026;39;APT;Integ
AGD;R032;09/03/2026;2760;06/04/2026;54;APT;Integ
AGD;B039;25/03/2026;4454;25/03/2026;39;APT;Integ
AGD;B026;25/03/2026;4748;25/03/2026;39;APT;Integ
AGD;B037;25/03/2026;5003;25/03/2026;39;APT;Integ
AGD;B030;25/03/2026;4796;25/03/2026;39;APT;Integ
AGD;B031;25/03/2026;4770;25/03/2026;39;APT;Integ
AGD;B054;25/03/2026;3037;25/03/2026;39;APT;Integ
AGD;R035;09/03/2026;2613;06/04/2026;87;APT;Integ
AGD;R037;09/03/2026;2528;07/04/2026;88;APT;Integ
AGD;R046;09/03/2026;1792;09/04/2026;89;APT;Integ
AGD;R036;17/03/2026;2701;10/04/2026;94;APT;Integ
AGD;R071;09/03/2026;2471;06/04/2026;86;APT;Integ
AGD;R086;09/03/2026;2677;09/04/2026;88;APT;Integ
AGD;R062;09/03/2026;1891;09/04/2026;56;APT;Integ
AGD;R081;17/03/2026;2701;09/04/2026;92;APT;Integ
AGD;R082;17/03/2026;1866;13/04/2026;59;APT;Integ
AGD;R139;09/03/2026;2877;02/04/2026;57;APT;Integ
AGD;R118;17/03/2026;2942;09/04/2026;90;APT;Integ
AGD;R113;17/03/2026;2843;10/04/2026;58;APT;Integ
AGD;R111;17/03/2026;2901;10/04/2026;58;APT;Integ
AGD;R090;17/03/2026;2573;13/04/2026;101;APT;Integ
AGD;B014;09/04/2026;5245;09/04/2026;42;APT;Integ
AGD;R152;17/03/2026;2893;09/04/2026;58;APT;Integ
AGD;B035;16/04/2026;4309;16/04/2026;32;APT;Integ
AGD;B009;28/04/2026;4932;28/04/2026;30;APT;Integ
AGD;B011;28/04/2026;5008;28/04/2026;30;APT;Integ
AGD;B050;02/04/2026;5046;02/04/2026;42;APT;Integ
AGD;B045;02/04/2026;5529;02/04/2026;42;APT;Integ
AGD;B046;09/04/2026;5550;09/04/2026;42;APT;Integ
AGD;B001;16/04/2026;5290;16/04/2026;32;APT;Integ
AGD;B002;16/04/2026;4978;16/04/2026;32;APT;Integ
AGD;B003;02/04/2026;4576;02/04/2026;42;APT;Integ
AGD;B013;09/04/2026;5238;09/04/2026;42;APT;Integ
AGD;B010;09/04/2026;5488;09/04/2026;42;APT;Integ
AGD;B006;16/04/2026;5455;16/04/2026;32;APT;Integ
AGD;B012;28/04/2026;4969;28/04/2026;30;APT;Integ
AGD;B021;09/04/2026;5815;09/04/2026;42;APT;Integ
AGD;B016;16/04/2026;5405;16/04/2026;32;APT;Integ
AGD;B019;16/04/2026;5468;16/04/2026;32;APT;Integ
AGD;B020;28/04/2026;5114;28/04/2026;30;APT;Integ
AGD;B015;28/04/2026;5217;28/04/2026;30;APT;Integ
AGD;B024;02/04/2026;5310;02/04/2026;42;APT;Integ
AGD;B029;02/04/2026;5299;02/04/2026;42;APT;Integ
AGD;B032;28/04/2026;4954;28/04/2026;30;APT;Integ
AGD;B022;28/04/2026;4995;28/04/2026;30;APT;Integ
AGD;B023;28/04/2026;4965;28/04/2026;30;APT;Integ
AGD;B034;02/04/2026;5554;02/04/2026;42;APT;Integ
AGD;B040;02/04/2026;5304;02/04/2026;42;APT;Integ
AGD;B033;02/04/2026;4737;02/04/2026;42;APT;Integ
AGD;B038;16/04/2026;5447;16/04/2026;32;APT;Integ
AGD;B036;16/04/2026;5299;16/04/2026;32;APT;Integ
AGD;B043;02/04/2026;5278;02/04/2026;42;APT;Integ
AGD;B048;02/04/2026;5126;02/04/2026;42;APT;Integ
AGD;B044;16/04/2026;5063;16/04/2026;32;APT;Integ
AGD;B041;28/04/2026;4903;28/04/2026;30;APT;Integ
AGD;B047;28/04/2026;4886;28/04/2026;30;APT;Integ
AGD;B051;09/04/2026;5738;09/04/2026;42;APT;Integ
AGD;B055;09/04/2026;5408;09/04/2026;42;APT;Integ
AGD;B049;09/04/2026;5178;09/04/2026;42;APT;Integ
AGD;E012;29/04/2026;9743;29/04/2026;105;APT;Integ
AGD;E007;29/04/2026;9734;29/04/2026;105;APT;Integ
AGD;E096;29/04/2026;9749;29/04/2026;105;APT;Integ
AGD;E094;29/04/2026;9881;29/04/2026;105;APT;Integ
AGD;E039;29/04/2026;9893;29/04/2026;105;APT;Integ
LDC;131;18/09/2025;5220;15/01/2026;149;APT;Integ
LDC;277;23/09/2025;9516;28/04/2026;786;APT;Integ
LDC;205;10/10/2025;8623;09/01/2026;294;APT;Integ
LDC;308;22/11/2025;13889;22/11/2025;20;APT;Integ
LDC;272;10/10/2025;9789;15/01/2026;228;APT;Integ
LDC;296;10/10/2025;8427;29/04/2026;560;APT;Integ
LDC;275;20/10/2025;9631;21/01/2026;232;APT;Integ
LDC;212;30/10/2025;9757;31/01/2026;350;APT;Integ
LDC;207;30/10/2025;10251;23/04/2026;781;APT;Integ
LDC;309;22/11/2025;8601;21/01/2026;230;APT;Integ
LDC;232;20/10/2025;9985;31/01/2026;244;APT;Integ
LDC;304;27/11/2025;7626;07/02/2026;357;APT;Integ
LDC;231;30/10/2025;9786;07/02/2026;238;APT;Integ
LDC;267;14/11/2025;11451;29/04/2026;450;APT;Integ
LDC;281;22/11/2025;11228;23/04/2026;508;APT;Integ
LDC;35;07/02/2026;4423;07/02/2026;25;APT;Integ
LDC;46;07/02/2026;4265;07/02/2026;25;APT;Integ
LDC;166;07/02/2026;4230;07/02/2026;25;APT;Integ
LDC;1;07/02/2026;4505;07/02/2026;25;APT;Integ
LDC;23;07/02/2026;4082;07/02/2026;25;APT;Integ
LDC;75;07/02/2026;4523;07/02/2026;25;APT;Integ
LDC;95;07/02/2026;5000;07/02/2026;25;APT;Integ
LDC;274;14/11/2025;4086;09/03/2026;280;APT;Integ
LDC;213;27/11/2025;9905;29/04/2026;789;APT;Integ
LDC;211;27/11/2025;10645;09/03/2026;261;APT;Integ
LDC;41;16/02/2026;2320;16/02/2026;20;APT;Integ
LDC;34;16/02/2026;4536;16/02/2026;20;APT;Integ
LDC;10;16/02/2026;3825;16/02/2026;20;APT;Integ
LDC;94;16/02/2026;4249;16/02/2026;20;APT;Integ
LDC;112;16/02/2026;3712;16/02/2026;20;APT;Integ
LDC;21;16/02/2026;3865;16/02/2026;20;APT;Integ
LDC;54;16/02/2026;4212;16/02/2026;20;APT;Integ
LDC;171;28/02/2026;5081;28/02/2026;20;APT;Integ
LDC;32;28/02/2026;4520;28/02/2026;20;APT;Integ
LDC;116;28/02/2026;13812;29/04/2026;170;APT;Integ
LDC;117;28/02/2026;14413;29/04/2026;170;APT;Integ
LDC;297;29/12/2025;10296;09/03/2026;220;APT;Integ
LDC;301;22/01/2026;7100;09/03/2026;320;APT;Integ
LDC;273;22/01/2026;10517;12/04/2026;458;APT;Integ
LDC;299;29/12/2025;9431;09/03/2026;220;APT;Integ
LDC;208;11/12/2025;10454;09/03/2026;205;APT;Integ
LDC;179;29/12/2025;5559;12/04/2026;152;APT;Integ
LDC;307;29/12/2025;8370;29/04/2026;622;APT;Integ
LDC;276;29/12/2025;10770;09/03/2026;220;APT;Integ
LDC;108;09/03/2026;5610;09/03/2026;30;APT;Integ
LDC;210;09/03/2026;11802;10/03/2026;150;APT;Integ
LDC;221;09/03/2026;11614;10/03/2026;150;APT;Integ
LDC;302;15/01/2026;8067;12/04/2026;220;APT;Integ
LDC;370;08/09/2025;10442;12/04/2026;312;APT;Integ
LDC;320;15/01/2026;9632;28/04/2026;782;APT;Integ
LDC;264;15/01/2026;10601;12/04/2026;410;APT;Integ
LDC;287;17/01/2026;10426;13/04/2026;310;APT;Integ
LDC;104;17/01/2026;5462;02/05/2026;125;APT;Integ
LDC;218;17/01/2026;11327;29/04/2026;738;APT;Integ
LDC;204;17/01/2026;10786;02/05/2026;461;APT;Integ
LDC;319;22/01/2026;10231;02/05/2026;346;APT;Integ
LDC;72;19/03/2026;4739;19/03/2026;34;APT;Integ
LDC;22;19/03/2026;4919;19/03/2026;34;APT;Integ
LDC;53;19/03/2026;4702;19/03/2026;34;APT;Integ
LDC;24;19/03/2026;4652;29/04/2026;62;APT;Integ
LDC;69;19/03/2026;4415;19/03/2026;34;APT;Integ
LDC;88;19/03/2026;4783;19/03/2026;34;APT;Integ
LDC;148;19/03/2026;4705;19/03/2026;34;APT;Integ
LDC;170;19/03/2026;4965;19/03/2026;34;APT;Integ
LDC;52;19/03/2026;4920;19/03/2026;34;APT;Integ
LDC;55;11/03/2026;4571;11/03/2026;40;APT;Integ
LDC;30;11/03/2026;5030;11/03/2026;40;APT;Integ
LDC;100;11/03/2026;4189;11/03/2026;40;APT;Integ
LDC;49;11/03/2026;4652;11/03/2026;40;APT;Integ
LDC;81;11/03/2026;4888;11/03/2026;40;APT;Integ
LDC;87;09/03/2026;4931;09/03/2026;34;APT;Integ
LDC;92;09/03/2026;4538;09/03/2026;34;APT;Integ
LDC;154;09/03/2026;4936;09/03/2026;34;APT;Integ
LDC;29;09/03/2026;4862;09/03/2026;34;APT;Integ
LDC;44;09/03/2026;4518;09/03/2026;34;APT;Integ
LDC;57;09/03/2026;4625;09/03/2026;34;APT;Integ
LDC;33;09/03/2026;4748;09/03/2026;34;APT;Integ
LDC;54;09/03/2026;4988;09/03/2026;34;APT;Integ
LDC;83;06/04/2026;5446;06/04/2026;48;APT;Integ
LDC;60;06/04/2026;5166;06/04/2026;48;APT;Integ
LDC;157;06/04/2026;5083;06/04/2026;48;APT;Integ
LDC;15;06/04/2026;5471;06/04/2026;48;APT;Integ
LDC;45;06/04/2026;5088;06/04/2026;48;APT;Integ
LDC;27;06/04/2026;4290;06/04/2026;48;APT;Integ
LDC;158;15/04/2026;5000;15/04/2026;34;APT;Integ
LDC;4;15/04/2026;5000;15/04/2026;34;APT;Integ
LDC;50;15/04/2026;5000;15/04/2026;34;APT;Integ
LDC;36;15/04/2026;5000;15/04/2026;34;APT;Integ
LDC;59;15/04/2026;5000;15/04/2026;34;APT;Integ
LDC;164;15/04/2026;4433;15/04/2026;34;APT;Integ
LDC;6;15/04/2026;4841;15/04/2026;34;APT;Integ
LDC;47;17/04/2026;5772;17/04/2026;43;APT;Integ
LDC;151;17/04/2026;6232;17/04/2026;43;APT;Integ
LDC;93;17/04/2026;6330;17/04/2026;43;APT;Integ
LDC;48;17/04/2026;6102;17/04/2026;43;APT;Integ
LDC;38;17/04/2026;4997;17/04/2026;43;APT;Integ
LDC;168;17/04/2026;5019;17/04/2026;43;APT;Integ
LDC;80;17/04/2026;4978;17/04/2026;43;APT;Integ
LDC;7;17/04/2026;4985;17/04/2026;43;APT;Integ
LDC;43;17/04/2026;4925;17/04/2026;43;APT;Integ
LDC;165;17/04/2026;5065;17/04/2026;43;APT;Integ
LDC;84;17/04/2026;5037;17/04/2026;43;APT;Integ
LDC;51;22/04/2026;5101;22/04/2026;34;APT;Integ
LDC;63;22/04/2026;5101;22/04/2026;34;APT;Integ
LDC;79;22/04/2026;5000;22/04/2026;34;APT;Integ
LDC;25;22/04/2026;5000;22/04/2026;34;APT;Integ
LDC;61;22/04/2026;5000;22/04/2026;34;APT;Integ
LDC;70;22/04/2026;5000;22/04/2026;34;APT;Integ
LDC;94;22/04/2026;4798;22/04/2026;34;APT;Integ
LDC;243;22/01/2026;10595;02/05/2026;220;APT;Integ
LDC;291;16/02/2026;10743;02/05/2026;310;APT;Integ
LDC;201;09/03/2026;10569;02/05/2026;220;APT;Integ
LDC;203;22/11/2025;10630;02/05/2026;220;APT;Integ
LDC;.298;30/01/2026;4220;02/05/2026;319;APT;Integ
LDC;.244;07/02/2026;10692;02/05/2026;220;APT;Integ
LDC;.255;30/01/2026;8180;02/05/2026;306;APT;Integ
LDC;206;30/03/2026;10840;02/05/2026;233;APT;Integ
LDC;169;30/03/2026;2090;02/05/2026;110;APT;Integ
LDC;.209;30/03/2026;10634;02/05/2026;220;APT;Integ
LRG;d08 Tanque 257 (5/8 pvc R juvenil);03/10/2025;6568;03/02/2026;305;APT;Integ
LRG;"b06 Tanque 210 (1"" 1/4 inox )";29/10/2025;7275;11/02/2026;255;APT;Integ
LRG;"b09 Tanque 213 (1"" 1/4 inox )";29/10/2025;7432;15/02/2026;225;APT;Integ
LRG;" Tanque 147 - 1""";07/01/2026;2911;12/02/2026;68;APT;Integ
LRG;" Tanque 133 - 1""";07/01/2026;2925;12/02/2026;68;APT;Integ
LRG;" Tanque 093 - 1""";07/01/2026;2882;12/02/2026;68;APT;Integ
LRG;" Tanque 044 - 1""";07/01/2026;2902;16/02/2026;63;APT;Integ
LRG;"b01 Tanque 205 (1"" inox )";29/10/2025;7229;14/02/2026;322;APT;Integ
LRG;"c12 Tanque 235 (1"" pvc  azul T)";23/10/2025;6408;26/02/2026;425;APT;Integ
LRG;" Tanque 367 - 5/8""";07/01/2026;2884;25/02/2026;25;APT;Integ
LRG;" Tanque 134 - 1""";07/01/2026;2945;16/02/2026;61;APT;Integ
LRG;"c24 Tanque 247 (1"" pvc B)";30/10/2025;6325;01/03/2026;250;APT;Integ
LRG;" Tanque 307 - 1""";20/01/2026;2567;20/02/2026;35;APT;Integ
LRG;" Tanque 051 - 1""";20/01/2026;2785;20/02/2026;54;APT;Integ
LRG;" Tanque 098 - 1""";20/01/2026;2738;25/02/2026;56;APT;Integ
LRG;" Tanque 311 - 5,8""";27/01/2026;2935;25/02/2026;38;APT;Integ
LRG;" Tanque 321 - 5/8""";27/01/2026;2878;25/02/2026;38;APT;Integ
LRG;" Tanque 320 - 1""";27/01/2026;3023;25/02/2026;56;APT;Integ
LRG;" Tanque 315 - 5/8""";27/01/2026;2975;25/02/2026;38;APT;Integ
LRG;" Tanque 145 - 1""";27/01/2026;2913;25/02/2026;56;APT;Integ
LRG;" Tanque 333 - 1""";27/01/2026;2898;25/02/2026;56;APT;Integ
LRG;" Tanque 083 - 1""";27/01/2026;2911;25/02/2026;56;APT;Integ
LRG;" Tanque 151 - 3/4""";27/01/2026;2778;25/02/2026;38;APT;Integ
LRG;" Tanque 319 - 1""";27/01/2026;2895;25/02/2026;56;APT;Integ
LRG;" Tanque 312 - 5,8""";27/01/2026;3003;25/02/2026;38;APT;Integ
LRG;" Tanque 318 - 1""";27/01/2026;2869;25/02/2026;56;APT;Integ
LRG;" Tanque 316 - 1""";26/01/2026;2818;19/03/2026;30;APT;Integ
LRG;" Tanque 310 - 1""";26/01/2026;2926;27/02/2026;33;APT;Integ
LRG;" Tanque 163 - 1""";26/01/2026;2920;27/02/2026;52;APT;Integ
LRG;" Tanque 058 - 1""";26/01/2026;2883;02/03/2026;33;APT;Integ
LRG;" Tanque 303 - 1""";26/01/2026;2897;27/02/2026;52;APT;Integ
LRG;" Tanque 386 - 1""";26/01/2026;3052;27/02/2026;52;APT;Integ
LRG;" Tanque 338 - 1""";26/01/2026;2956;27/02/2026;52;APT;Integ
LRG;" Tanque 306 - 1""";26/01/2026;3174;02/03/2026;52;APT;Integ
LRG;" Tanque 065 - 1""";26/01/2026;2827;05/03/2026;38;APT;Integ
LRG;" Tanque 365 - 5/8""";26/01/2026;2989;02/03/2026;53;APT;Integ
LRG;"a21 Tanque 201 (1"" inox )";25/07/2025;7525;05/03/2026;218;APT;Integ
LRG;"a22 Tanque 202 (1"" inox )";25/07/2025;7552;05/03/2026;506;APT;Integ
LRG;"a04 Tanque 184 (1"" inox )";24/11/2025;7302;06/03/2026;369;APT;Integ
LRG;" Tanque 385 - 1""";28/11/2025;2709;06/03/2026;116;APT;Integ
LRG;" Tanque 086 - 1""";23/02/2026;2691;05/03/2026;45;APT;Integ
LRG;" Tanque 601 - 3/4""";23/02/2026;2682;05/03/2026;61;APT;Integ
LRG;" Tanque 363 - 1""";23/02/2026;2841;05/03/2026;31;APT;Integ
LRG;" Tanque 358 - 1""";23/02/2026;3007;05/03/2026;45;APT;Integ
LRG;" Tanque 329- 3/4""";23/02/2026;2764;05/03/2026;61;APT;Integ
LRG;" Tanque 366 - 1""";23/02/2026;2771;05/03/2026;45;APT;Integ
LRG;" Tanque 372 - 3/4""";23/02/2026;2640;05/03/2026;61;APT;Integ
LRG;" Tanque 135 - 1""";23/02/2026;2902;17/03/2026;42;APT;Integ
LRG;" Tanque 389 - 1""";23/02/2026;2675;05/03/2026;45;APT;Integ
LRG;" Tanque 154 - 3/4""";23/02/2026;2476;05/03/2026;61;APT;Integ
LRG;" Tanque 095 - 1""";23/02/2026;2694;17/03/2026;62;APT;Integ
LRG;"c26 Tanque 249 (1"" pvc R)";28/11/2025;7390;07/03/2026;187;APT;Integ
LRG;"a05 Tanque 185 (1"" inox )";28/11/2025;7212;06/03/2026;480;APT;Integ
LRG;"b03 Tanque 207 (1"" 1/4 inox )";28/11/2025;7479;07/03/2026;289;APT;Integ
LRG;" Tanque 359 - 1""";28/11/2025;2868;10/03/2026;103;APT;Integ
LRG;d12 Tanque 261 (5/8 pvc R juvenil );28/11/2025;6683;07/03/2026;441;APT;Integ
LRG;"c21 Tanque 244 (1"" pvc B)";28/11/2025;7209;10/03/2026;272;APT;Integ
LRG;"c25 Tanque 248 (1"" pvc  azul R)";24/11/2025;6600;11/03/2026;166;APT;Integ
LRG;"b07 Tanque 211 (1"" 1/4 inox )";24/11/2025;7212;11/03/2026;401;APT;Integ
LRG;" Tanque 356 - 1""";24/11/2025;2549;21/03/2026;124;APT;Integ
LRG;"a06 Tanque 186 (1"" inox )";24/11/2025;7440;11/03/2026;249;APT;Integ
LRG;"a03 Tanque 183 (1"" inox)";24/11/2025;6897;11/03/2026;363;APT;Integ
LRG;"c15 Tanque 238 (1"" pvc  azul B)";24/11/2025;6713;12/03/2026;314;APT;Integ
LRG;"d04 Tanque 253 (1"" pvc  azul T)";29/11/2025;6322;12/03/2026;452;APT;Integ
LRG;c10 Tanque 233 (inox? );29/11/2025;6704;17/03/2026;207;APT;Integ
LRG;"b23 Tanque 227 (1"" inox )";29/11/2025;7406;14/03/2026;320;APT;Integ
LRG;d07 Tanque 256 (5/8 pvc azul R juvenil);01/12/2025;6063;15/03/2026;461;APT;Integ
LRG;"c23 Tanque 246 (1"" pvc B)";01/12/2025;6557;16/03/2026;343;APT;Integ
LRG;"c13 Tanque 236 ( 1"" pvc B)";09/12/2025;7442;19/03/2026;404;APT;Integ
LRG;"a09 Tanque 189 (1"" pvc )";10/02/2026;9528;27/03/2026;56;APT;Integ
LRG; Tanque 345;10/02/2026;2855;17/03/2026;65;APT;Integ
LRG;" Tanque 376 - 1""";10/02/2026;3085;17/03/2026;65;APT;Integ
LRG;" Tanque 370 - 1""";10/02/2026;3037;17/03/2026;62;APT;Integ
LRG;" Tanque 406 - 1""";10/02/2026;2836;17/03/2026;104;APT;Integ
LRG;"b08 Tanque 212 (1"" 1/4 inox )";19/12/2025;7555;20/03/2026;409;APT;Integ
LRG;" Tanque 382 - 1""";23/02/2026;2935;17/03/2026;60;APT;Integ
LRG;" Tanque 327 - 1""";23/02/2026;2835;17/03/2026;92;APT;Integ
LRG;" Tanque 379 - 1""";23/02/2026;3059;17/03/2026;60;APT;Integ
LRG; Tanque 346;23/02/2026;2984;19/03/2026;98;APT;Integ
LRG;" Tanque 397 - 1""";23/02/2026;3261;17/03/2026;60;APT;Integ
LRG;" Tanque 378 - 1""";23/02/2026;2898;19/03/2026;62;APT;Integ
LRG;"a01 Tanque 181 (1"" inox)";19/12/2025;7747;23/03/2026;189;APT;Integ
LRG;"b11 Tanque 215 (1"" 1/4 inox )";09/12/2025;7611;20/03/2026;330;APT;Integ
LRG;"a11 Tanque 191 (1"" pvc )";10/02/2026;9589;19/03/2026;41;APT;Integ
LRG;" Tanque 393 - 1""";10/02/2026;3010;19/03/2026;62;APT;Integ
LRG;" Tanque 387 - 1""";10/02/2026;2964;19/03/2026;98;APT;Integ
LRG;" Tanque 380 - 1""";10/02/2026;2966;19/03/2026;65;APT;Integ
LRG;" Tanque 332 - 1""";12/02/2026;3017;19/03/2026;69;APT;Integ
LRG;" Tanque 347 - 1""";12/02/2026;2984;19/03/2026;99;APT;Integ
LRG;" Tanque 344 - 1""";12/02/2026;2920;19/03/2026;69;APT;Integ
LRG;" Tanque 348 - 1""";12/02/2026;2984;30/03/2026;99;APT;Integ
LRG;"b10 Tanque 214 (1"" 1/4 inox )";24/12/2025;7623;21/03/2026;302;APT;Integ
LRG;"b24 Tanque 228 ( 1"" inox )";24/12/2025;7554;24/03/2026;447;APT;Integ
LRG;" Tanque 381 - 1""";09/12/2025;3205;15/04/2026;142;APT;Integ
LRG;"a13 Tanque 193 (1"" pvc )";09/12/2025;6805;01/04/2026;333;APT;Integ
LRG;" Tanque 033 - 3/4""";12/01/2026;1190;24/03/2026;31;APT;Integ
LRG;" Tanque 398 - 1""";12/01/2026;2714;23/03/2026;52;APT;Integ
LRG;" Tanque 353 - 1""";12/01/2026;2353;23/03/2026;78;APT;Integ
LRG;" Tanque 305 - 1""";15/01/2026;2392;23/03/2026;85;APT;Integ
LRG;" Tanque 160 - 3/4""";15/01/2026;2899;23/03/2026;56;APT;Integ
LRG;" Tanque 392 - 1""";15/01/2026;2697;23/03/2026;83;APT;Integ
LRG;" Tanque 354 - 1""";15/01/2026;2775;24/03/2026;81;APT;Integ
LRG;"c22 Tanque 245 (1"" pvc B)";24/12/2025;7149;03/04/2026;190;APT;Integ
LRG;" Tanque 158 - 3/4""";15/01/2026;2339;24/03/2026;44;APT;Integ
LRG;" Tanque 173 -5/8""";15/01/2026;2902;24/03/2026;73;APT;Integ
LRG;" Tanque 383 - 1""";15/01/2026;3057;24/03/2026;92;APT;Integ
LRG;" Tanque 054 - 5/8""";15/01/2026;1518;24/03/2026;79;APT;Integ
LRG;" Tanque 300 - 1""";07/03/2026;663;08/04/2026;128;APT;Integ
LRG;d01 Tanque 250 (5/8 pvc/inox R juvenil);07/03/2026;3447;27/03/2026;91;APT;Integ
LRG;"a23 Tanque 203 (1"" inox )";07/03/2026;5310;27/03/2026;128;APT;Integ
LRG;"b22 Tanque 226 (1"" inox )";07/03/2026;6465;27/03/2026;184;APT;Integ
LRG;"b15 Tanque 219 (1"" inox )";07/03/2026;5556;27/03/2026;186;APT;Integ
LRG;"a15 Tanque 195 (1"" pvc )";12/02/2026;10995;10/04/2026;54;APT;Integ
LRG;" Tanque 404 - 1""";12/02/2026;2958;30/03/2026;60;APT;Integ
LRG;" Tanque 371 - 1""";12/02/2026;2971;30/03/2026;63;APT;Integ
LRG;" Tanque 369 - 1""";12/02/2026;2985;30/03/2026;97;APT;Integ
LRG;" Tanque 374 - 1""";13/02/2026;2956;30/03/2026;66;APT;Integ
LRG;" Tanque 400 - 1""";13/02/2026;2989;30/03/2026;97;APT;Integ
LRG;" Tanque 395 - 1""";13/02/2026;2931;30/03/2026;66;APT;Integ
LRG;" Tanque 375 - 1""";13/02/2026;2962;30/03/2026;97;APT;Integ
LRG;" Tanque 364 - 1""";13/02/2026;2978;31/03/2026;70;APT;Integ
LRG;" Tanque 062 - 3/4""";13/02/2026;2955;31/03/2026;130;APT;Integ
LRG;" Tanque 027 - 3/4""";13/02/2026;2965;31/03/2026;74;APT;Integ
LRG;" Tanque 045 - 1""";13/02/2026;2943;31/03/2026;130;APT;Integ
LRG;" Tanque 025 - 5/8""";13/02/2026;2669;31/03/2026;74;APT;Integ
LRG;"a24 Tanque 204 (1"" inox )";09/12/2025;7628;03/04/2026;425;APT;Integ
LRG;"b20 Tanque 224 (1"" inox )";24/12/2025;7463;02/04/2026;339;APT;Integ
LRG;"d02 Tanque 251 (1""inox R)";31/12/2025;6889;03/04/2026;272;APT;Integ
LRG;"c08 Tanque 231(1"" pvc B)";09/12/2025;6852;04/04/2026;165;APT;Integ
LRG;d05 Tanque 254 (5/8 pvc azul R juvenil);24/12/2025;6088;12/04/2026;413;APT;Integ
LRG;"a08 Tanque 188 (1"" inox )";24/12/2025;7706;12/04/2026;302;APT;Integ
LRG;"a18 Tanque 198 (1"" pvc )";27/02/2026;5169;06/04/2026;47;APT;Integ
LRG;" Tanque 350 - 1""";27/02/2026;2950;06/04/2026;66;APT;Integ
LRG;" Tanque 326 - 1""";27/02/2026;2932;06/04/2026;111;APT;Integ
LRG;" Tanque 340 - 1""";27/02/2026;2924;06/04/2026;66;APT;Integ
LRG;" Tanque 401 - 1""";27/02/2026;2954;06/04/2026;111;APT;Integ
LRG;" Tanque 304 - 1""";27/02/2026;2932;06/04/2026;107;APT;Integ
LRG;" Tanque 029 - 1""";27/02/2026;2926;06/04/2026;111;APT;Integ
LRG;" Tanque 412 - 1""";27/02/2026;2904;06/04/2026;102;APT;Integ
LRG;" Tanque 349 - 1""";27/02/2026;2942;06/04/2026;56;APT;Integ
LRG;" Tanque 100 - 5/8""";27/02/2026;2950;06/04/2026;56;APT;Integ
LRG;" Tanque 352 - 1""";27/02/2026;2912;06/04/2026;97;APT;Integ
LRG;" Tanque 411 - 1""";27/02/2026;2931;06/04/2026;56;APT;Integ
LRG;" Tanque 384 - 1""";27/02/2026;2937;06/04/2026;97;APT;Integ
LRG;" Tanque 330 - 1""";27/02/2026;2920;06/04/2026;56;APT;Integ
LRG;" Tanque 049 -1""";27/02/2026;2913;06/04/2026;56;APT;Integ
LRG;" Tanque 013 - 5/8""";07/04/2026;4534;08/04/2026;133;APT;Integ
LRG;" Tanque 014 - 5/8""";07/04/2026;4807;08/04/2026;133;APT;Integ
LRG;" Tanque 015 - 5/8""";07/04/2026;4853;08/04/2026;133;APT;Integ
LRG;" Tanque 016 - 5/8""";07/04/2026;4742;08/04/2026;133;APT;Integ
LRG;" Tanque 017 - 5/8""";07/04/2026;4443;08/04/2026;133;APT;Integ
LRG;" Tanque 018 - 5/8""";07/04/2026;4563;08/04/2026;133;APT;Integ
LRG;" Tanque 019 - 5/8""";07/04/2026;4978;08/04/2026;132;APT;Integ
LRG;" Tanque 020 - 5/8""";07/04/2026;5075;08/04/2026;132;APT;Integ
LRG;" Tanque 021 - 5/8""";07/04/2026;5034;08/04/2026;132;APT;Integ
LRG;" Tanque 022 - 5/8""";07/04/2026;4890;08/04/2026;132;APT;Integ
LRG;" Tanque 023 - 5/8""";07/04/2026;5100;08/04/2026;132;APT;Integ
LRG;"b17 Tanque 221 (1"" inox )";26/03/2026;3344;08/04/2026;153;APT;Integ
LRG;"b16 Tanque 220 (1"" inox )";26/03/2026;7505;08/04/2026;107;APT;Integ
LRG;"b14 Tanque 218 (1"" inox )";26/03/2026;7214;08/04/2026;171;APT;Integ
LRG;d09 Tanque 258 (5/8 pvc/inox T juvenil);26/03/2026;6239;08/04/2026;185;APT;Integ
LRG;"b12 Tanque 216 (1"" 1/4 inox )";26/03/2026;2068;08/04/2026;257;APT;Integ
LRG;"b18 Tanque 222 (1"" inox )";26/03/2026;1935;08/04/2026;192;APT;Integ
LRG;" Tanque 001 - 5/8""";10/04/2026;6010;20/04/2026;140;APT;Integ
LRG;" Tanque 002 - 5/8""";10/04/2026;5622;20/04/2026;140;APT;Integ
LRG;" Tanque 003 - 5/8""";10/04/2026;5179;20/04/2026;140;APT;Integ
LRG;" Tanque 004 - 5/8""";10/04/2026;5836;20/04/2026;140;APT;Integ
LRG;" Tanque 005 - 5/8""";10/04/2026;5448;20/04/2026;140;APT;Integ
LRG;c14 Tanque 237 (5/8 pvc/inox R juvenil);31/12/2025;6887;14/04/2026;146;APT;Integ
LRG;"a16 Tanque 196 (1"" pvc )";11/03/2026;7098;10/04/2026;40;APT;Integ
LRG;" Tanque 409 1""";11/03/2026;2925;10/04/2026;83;APT;Integ
LRG;" Tanque 410 - 1""";11/03/2026;2873;10/04/2026;120;APT;Integ
LRG;" Tanque 415 - 1""";11/03/2026;2888;10/04/2026;80;APT;Integ
LRG;" Tanque 414 - 1""";10/03/2026;2918;10/04/2026;77;APT;Integ
LRG;" Tanque 355 - 1""";10/03/2026;2853;10/04/2026;115;APT;Integ
LRG;" Tanque 413 - 1""";10/03/2026;2883;10/04/2026;72;APT;Integ
LRG;" Tanque 028 - 1""";10/03/2026;2872;10/04/2026;76;APT;Integ
LRG;" Tanque 361 - 1""";10/03/2026;2895;14/04/2026;79;APT;Integ
LRG;" Tanque 396 - 1""";10/03/2026;2948;14/04/2026;115;APT;Integ
LRG;"c06 Tanque 229 ( 1"" pvc R )";23/10/2025;6958;14/04/2026;221;APT;Integ
LRG;c09 Tanque 232 (5/8 pvc T juvenil);24/12/2025;7435;15/04/2026;360;APT;Integ
LRG;"b05 Tanque 209 (1"" 1/4 inox )";19/12/2025;7887;15/04/2026;282;APT;Integ
LRG;"a12 Tanque 192 (1"" pvc )";11/03/2026;10542;16/04/2026;41;APT;Integ
LRG;" Tanque 339 - 1""";11/03/2026;2881;14/04/2026;80;APT;Integ
LRG;" Tanque 408 - 1""";12/03/2026;2897;15/04/2026;75;APT;Integ
LRG;" Tanque 351 - 1""";12/03/2026;2966;15/04/2026;117;APT;Integ
LRG;"b19 Tanque 223 (1"" inox )";31/12/2025;8021;17/04/2026;190;APT;Integ
LRG;"c20 Tanque 243 (1"" pvc R)";31/12/2025;6855;17/04/2026;393;APT;Integ
LRG;" Tanque 368 - 5/8""";11/03/2026;2940;15/04/2026;74;APT;Integ
LRG;" Tanque 334 - 1""";11/03/2026;2948;15/04/2026;115;APT;Integ
LRG;" Tanque 342 - 1""";12/03/2026;2889;16/04/2026;79;APT;Integ
LRG;" Tanque 388 - 1""";12/03/2026;2921;16/04/2026;127;APT;Integ
LRG;" Tanque 099 - 5/8""";31/12/2025;2818;23/04/2026;110;APT;Integ
LRG;c18 Tanque 241 (5/8 pvc  azul/inox T juvenil);31/12/2025;8275;17/04/2026;300;APT;Integ
LRG;" Tanque 416 - 1""";12/03/2026;2951;16/04/2026;81;APT;Integ
LRG;" Tanque 056 - 1""";12/03/2026;2965;16/04/2026;75;APT;Integ
LRG;" Tanque 177 - 1""";12/03/2026;2946;16/04/2026;137;APT;Integ
LRG;" Tanque 403 - 1""";11/03/2026;2953;16/04/2026;69;APT;Integ
LRG;" Tanque 377 - 1""";10/03/2026;2818;16/04/2026;63;APT;Integ
LRG;" Tanque 373 - 1""";10/03/2026;2067;16/04/2026;118;APT;Integ
LRG;d06 Tanque 255 (5/8 pvc/inox azul R juvenil);24/12/2025;6778;22/04/2026;178;APT;Integ
LRG;" Tanque 602 - 3/4"" T200";28/03/2026;2953;17/04/2026;30;APT;Integ
LRG;" Tanque 074 - 3/4""";28/03/2026;2925;17/04/2026;39;APT;Integ
LRG;" Tanque 081 - 1""";28/03/2026;2892;17/04/2026;71;APT;Integ
LRG;" Tanque 096 - 5/8""";28/03/2026;2939;17/04/2026;39;APT;Integ
LRG;" Tanque 390 - 1""";28/03/2026;2844;17/04/2026;71;APT;Integ
LRG;" Tanque 121 - 3/4""";28/03/2026;2790;17/04/2026;39;APT;Integ
LRG;d13 Tanque 262 (5/8 pvc R juvenil );07/01/2026;6584;19/04/2026;276;APT;Integ
LRG;"a10 Tanque 190 (1"" inox revest. )";07/01/2026;6409;22/04/2026;413;APT;Integ
LRG; Tanque 167 (3/4 c.a.t  );28/03/2026;2637;20/04/2026;34;APT;Integ
LRG;" Tanque 141 (1""c.a.pet )";28/03/2026;2758;20/04/2026;45;APT;Integ
LRG;" Tanque 337 - 1""";28/03/2026;2782;20/04/2026;65;APT;Integ
LRG; Tanque 166 (3/4 c.a.pet );28/03/2026;2771;20/04/2026;45;APT;Integ
LRG;" Tanque 343 - 1""";28/03/2026;2718;20/04/2026;65;APT;Integ
LRG;" Tanque 077  - 5/8""";28/03/2026;2684;23/04/2026;54;APT;Integ
LRG;" Tanque 341 - 1""";28/03/2026;2515;23/04/2026;73;APT;Integ
LRG;c19 Tanque 242 (5/8 pvc  azul T juvenil);07/01/2026;6552;22/04/2026;234;APT;Integ
LRG;"b02  Tanque 206 (1"" 1/4 inox )";12/01/2026;7452;24/04/2026;352;APT;Integ
LRG;"c07 Tanque 230 ( 1"" pvc R )";15/01/2026;6502;29/04/2026;144;APT;Integ
LRG;" Tanque 174 - 5/8""";28/03/2026;2694;23/04/2026;38;APT;Integ
LRG; Tanque 170 (3/4 c.a.t );28/03/2026;2459;23/04/2026;56;APT;Integ
LRG;" Tanque 323 - 1""";28/03/2026;2410;24/04/2026;64;APT;Integ
LRG;" Tanque 169 - 3/4""";28/03/2026;2820;24/04/2026;59;APT;Integ
LRG;"c11 Tanque 234 (1"" pvc B)";07/01/2026;6450;28/04/2026;209;APT;Integ
LRG;" Tanque 092 - 5/8""";28/03/2026;2611;24/04/2026;33;APT;Integ
LRG;" Tanque 091 - 5/8""";28/03/2026;2400;24/04/2026;40;APT;Integ
LRG;" Tanque 317 - 1""";28/03/2026;2618;24/04/2026;63;APT;Integ
LRG;" Tanque 088 - 5/8""";28/03/2026;2847;24/04/2026;40;APT;Integ
LRG;" Tanque 010 - 5/8""";25/04/2026;8126;27/04/2026;106;APT;Integ
LRG;" Tanque 011 - 5/8""";25/04/2026;8090;27/04/2026;106;APT;Integ
LRG;" Tanque 006 - 5/8""";25/04/2026;8252;27/04/2026;106;APT;Integ
LRG;" Tanque 012 - 5/8""";25/04/2026;8194;27/04/2026;106;APT;Integ
LRG;" Tanque 007 - 5/8""";25/04/2026;8068;27/04/2026;106;APT;Integ
LRG;" Tanque 313 - 1""";26/01/2026;1733;02/05/2026;117;APT;Integ
LRG;"b04 Tanque 208 (1"" 1/4 inox )";26/01/2026;7468;29/04/2026;377;APT;Integ
LRG;" Tanque 094 - 5/8""";28/03/2026;3410;27/04/2026;35;APT;Integ
LRG;" Tanque 109 - 3/4""";28/03/2026;2759;27/04/2026;50;APT;Integ
LRG;" Tanque 325 - 1""";28/03/2026;2838;27/04/2026;68;APT;Integ
LRG;" Tanque 090 - 5/8""";28/03/2026;3007;27/04/2026;50;APT;Integ
LRG;" Tanque 176 - 3/4""";28/03/2026;2848;27/04/2026;48;APT;Integ
LRG;" Tanque 089 - 5/8""";28/03/2026;2493;27/04/2026;37;APT;Integ
LRG;" Tanque 164 - 3/4""";28/03/2026;2998;27/04/2026;48;APT;Integ
LRG;"a02 Tanque 182 (1"" inox )";12/01/2026;7519;29/04/2026;230;APT;Integ
LRG;"b21 Tanque 225 ( 1""inox B )";07/01/2026;6469;29/04/2026;466;APT;Integ
LRG;"c16 Tanque 239 (1"" pvc  azul RM)";12/01/2026;4576;02/05/2026;211;APT;Integ
LRG;"d11 Tanque 260 (1"" pvc R)";12/01/2026;6572;01/05/2026;272;APT;Integ
LRG;"b13 Tanque 217 (1"" inox )";15/01/2026;7588;02/05/2026;405;APT;Integ
LRG;"a14 Tanque 194 (1"" pvc )";15/01/2026;3280;02/05/2026;253;APT;Integ
LRG;d08 Tanque 257 (5/8 pvc R juvenil);03/10/2025;6568;03/02/2026;305;APT;Integ
LRG;"b06 Tanque 210 (1"" 1/4 inox )";29/10/2025;7275;11/02/2026;255;APT;Integ
LRG;"b09 Tanque 213 (1"" 1/4 inox )";29/10/2025;7432;15/02/2026;225;APT;Integ
LRG;" Tanque 147 - 1""";07/01/2026;2911;12/02/2026;68;APT;Integ
LRG;" Tanque 133 - 1""";07/01/2026;2925;12/02/2026;68;APT;Integ
LRG;" Tanque 093 - 1""";07/01/2026;2882;12/02/2026;68;APT;Integ
LRG;" Tanque 044 - 1""";07/01/2026;2902;16/02/2026;63;APT;Integ
LRG;"b01 Tanque 205 (1"" inox )";29/10/2025;7229;14/02/2026;322;APT;Integ
LRG;"c12 Tanque 235 (1"" pvc  azul T)";23/10/2025;6408;26/02/2026;425;APT;Integ
LRG;" Tanque 367 - 5/8""";07/01/2026;2884;25/02/2026;25;APT;Integ
LRG;" Tanque 134 - 1""";07/01/2026;2945;16/02/2026;61;APT;Integ
LRG;"c24 Tanque 247 (1"" pvc B)";30/10/2025;6325;01/03/2026;250;APT;Integ
LRG;" Tanque 307 - 1""";20/01/2026;2567;20/02/2026;35;APT;Integ
LRG;" Tanque 051 - 1""";20/01/2026;2785;20/02/2026;54;APT;Integ
LRG;" Tanque 098 - 1""";20/01/2026;2738;25/02/2026;56;APT;Integ
LRG;" Tanque 311 - 5,8""";27/01/2026;2935;25/02/2026;38;APT;Integ
LRG;" Tanque 321 - 5/8""";27/01/2026;2878;25/02/2026;38;APT;Integ
LRG;" Tanque 320 - 1""";27/01/2026;3023;25/02/2026;56;APT;Integ
LRG;" Tanque 315 - 5/8""";27/01/2026;2975;25/02/2026;38;APT;Integ
LRG;" Tanque 145 - 1""";27/01/2026;2913;25/02/2026;56;APT;Integ
LRG;" Tanque 333 - 1""";27/01/2026;2898;25/02/2026;56;APT;Integ
LRG;" Tanque 083 - 1""";27/01/2026;2911;25/02/2026;56;APT;Integ
LRG;" Tanque 151 - 3/4""";27/01/2026;2778;25/02/2026;38;APT;Integ
LRG;" Tanque 319 - 1""";27/01/2026;2895;25/02/2026;56;APT;Integ
LRG;" Tanque 312 - 5,8""";27/01/2026;3003;25/02/2026;38;APT;Integ
LRG;" Tanque 318 - 1""";27/01/2026;2869;25/02/2026;56;APT;Integ
LRG;" Tanque 316 - 1""";26/01/2026;2818;19/03/2026;30;APT;Integ
LRG;" Tanque 310 - 1""";26/01/2026;2926;27/02/2026;33;APT;Integ
LRG;" Tanque 163 - 1""";26/01/2026;2920;27/02/2026;52;APT;Integ
LRG;" Tanque 058 - 1""";26/01/2026;2883;02/03/2026;33;APT;Integ
LRG;" Tanque 303 - 1""";26/01/2026;2897;27/02/2026;52;APT;Integ
LRG;" Tanque 386 - 1""";26/01/2026;3052;27/02/2026;52;APT;Integ
LRG;" Tanque 338 - 1""";26/01/2026;2956;27/02/2026;52;APT;Integ
LRG;" Tanque 306 - 1""";26/01/2026;3174;02/03/2026;52;APT;Integ
LRG;" Tanque 065 - 1""";26/01/2026;2827;05/03/2026;38;APT;Integ
LRG;" Tanque 365 - 5/8""";26/01/2026;2989;02/03/2026;53;APT;Integ
LRG;"a21 Tanque 201 (1"" inox )";25/07/2025;7525;05/03/2026;218;APT;Integ
LRG;"a22 Tanque 202 (1"" inox )";25/07/2025;7552;05/03/2026;506;APT;Integ
LRG;"a04 Tanque 184 (1"" inox )";24/11/2025;7302;06/03/2026;369;APT;Integ
LRG;" Tanque 385 - 1""";28/11/2025;2709;06/03/2026;116;APT;Integ
LRG;" Tanque 086 - 1""";23/02/2026;2691;05/03/2026;45;APT;Integ
LRG;" Tanque 601 - 3/4""";23/02/2026;2682;05/03/2026;61;APT;Integ
LRG;" Tanque 363 - 1""";23/02/2026;2841;05/03/2026;31;APT;Integ
LRG;" Tanque 358 - 1""";23/02/2026;3007;05/03/2026;45;APT;Integ
LRG;" Tanque 329- 3/4""";23/02/2026;2764;05/03/2026;61;APT;Integ
LRG;" Tanque 366 - 1""";23/02/2026;2771;05/03/2026;45;APT;Integ
LRG;" Tanque 372 - 3/4""";23/02/2026;2640;05/03/2026;61;APT;Integ
LRG;" Tanque 135 - 1""";23/02/2026;2902;17/03/2026;42;APT;Integ
LRG;" Tanque 389 - 1""";23/02/2026;2675;05/03/2026;45;APT;Integ
LRG;" Tanque 154 - 3/4""";23/02/2026;2476;05/03/2026;61;APT;Integ
LRG;" Tanque 095 - 1""";23/02/2026;2694;17/03/2026;62;APT;Integ
LRG;"c26 Tanque 249 (1"" pvc R)";28/11/2025;7390;07/03/2026;187;APT;Integ
LRG;"a05 Tanque 185 (1"" inox )";28/11/2025;7212;06/03/2026;480;APT;Integ
LRG;"b03 Tanque 207 (1"" 1/4 inox )";28/11/2025;7479;07/03/2026;289;APT;Integ
LRG;" Tanque 359 - 1""";28/11/2025;2868;10/03/2026;103;APT;Integ
LRG;d12 Tanque 261 (5/8 pvc R juvenil );28/11/2025;6683;07/03/2026;441;APT;Integ
LRG;"c21 Tanque 244 (1"" pvc B)";28/11/2025;7209;10/03/2026;272;APT;Integ
LRG;"c25 Tanque 248 (1"" pvc  azul R)";24/11/2025;6600;11/03/2026;166;APT;Integ
LRG;"b07 Tanque 211 (1"" 1/4 inox )";24/11/2025;7212;11/03/2026;401;APT;Integ
LRG;" Tanque 356 - 1""";24/11/2025;2549;21/03/2026;124;APT;Integ
LRG;"a06 Tanque 186 (1"" inox )";24/11/2025;7440;11/03/2026;249;APT;Integ
LRG;"a03 Tanque 183 (1"" inox)";24/11/2025;6897;11/03/2026;363;APT;Integ
LRG;"c15 Tanque 238 (1"" pvc  azul B)";24/11/2025;6713;12/03/2026;314;APT;Integ
LRG;"d04 Tanque 253 (1"" pvc  azul T)";29/11/2025;6322;12/03/2026;452;APT;Integ
LRG;c10 Tanque 233 (inox? );29/11/2025;6704;17/03/2026;207;APT;Integ
LRG;"b23 Tanque 227 (1"" inox )";29/11/2025;7406;14/03/2026;320;APT;Integ
LRG;d07 Tanque 256 (5/8 pvc azul R juvenil);01/12/2025;6063;15/03/2026;461;APT;Integ
LRG;"c23 Tanque 246 (1"" pvc B)";01/12/2025;6557;16/03/2026;343;APT;Integ
LRG;"c13 Tanque 236 ( 1"" pvc B)";09/12/2025;7442;19/03/2026;404;APT;Integ
LRG;"a09 Tanque 189 (1"" pvc )";10/02/2026;9528;27/03/2026;56;APT;Integ
LRG; Tanque 345;10/02/2026;2855;17/03/2026;65;APT;Integ
LRG;" Tanque 376 - 1""";10/02/2026;3085;17/03/2026;65;APT;Integ
LRG;" Tanque 370 - 1""";10/02/2026;3037;17/03/2026;62;APT;Integ
LRG;" Tanque 406 - 1""";10/02/2026;2836;17/03/2026;104;APT;Integ
LRG;"b08 Tanque 212 (1"" 1/4 inox )";19/12/2025;7555;20/03/2026;409;APT;Integ
LRG;" Tanque 382 - 1""";23/02/2026;2935;17/03/2026;60;APT;Integ
LRG;" Tanque 327 - 1""";23/02/2026;2835;17/03/2026;92;APT;Integ
LRG;" Tanque 379 - 1""";23/02/2026;3059;17/03/2026;60;APT;Integ
LRG; Tanque 346;23/02/2026;2984;19/03/2026;98;APT;Integ
LRG;" Tanque 397 - 1""";23/02/2026;3261;17/03/2026;60;APT;Integ
LRG;" Tanque 378 - 1""";23/02/2026;2898;19/03/2026;62;APT;Integ
LRG;"a01 Tanque 181 (1"" inox)";19/12/2025;7747;23/03/2026;189;APT;Integ
LRG;"b11 Tanque 215 (1"" 1/4 inox )";09/12/2025;7611;20/03/2026;330;APT;Integ
LRG;"a11 Tanque 191 (1"" pvc )";10/02/2026;9589;19/03/2026;41;APT;Integ
LRG;" Tanque 393 - 1""";10/02/2026;3010;19/03/2026;62;APT;Integ
LRG;" Tanque 387 - 1""";10/02/2026;2964;19/03/2026;98;APT;Integ
LRG;" Tanque 380 - 1""";10/02/2026;2966;19/03/2026;65;APT;Integ
LRG;" Tanque 332 - 1""";12/02/2026;3017;19/03/2026;69;APT;Integ
LRG;" Tanque 347 - 1""";12/02/2026;2984;19/03/2026;99;APT;Integ
LRG;" Tanque 344 - 1""";12/02/2026;2920;19/03/2026;69;APT;Integ
LRG;" Tanque 348 - 1""";12/02/2026;2984;30/03/2026;99;APT;Integ
LRG;"b10 Tanque 214 (1"" 1/4 inox )";24/12/2025;7623;21/03/2026;302;APT;Integ
LRG;"b24 Tanque 228 ( 1"" inox )";24/12/2025;7554;24/03/2026;447;APT;Integ
LRG;" Tanque 381 - 1""";09/12/2025;3205;15/04/2026;142;APT;Integ
LRG;"a13 Tanque 193 (1"" pvc )";09/12/2025;6805;01/04/2026;333;APT;Integ
LRG;" Tanque 033 - 3/4""";12/01/2026;1190;24/03/2026;31;APT;Integ
LRG;" Tanque 398 - 1""";12/01/2026;2714;23/03/2026;52;APT;Integ
LRG;" Tanque 353 - 1""";12/01/2026;2353;23/03/2026;78;APT;Integ
LRG;" Tanque 305 - 1""";15/01/2026;2392;23/03/2026;85;APT;Integ
LRG;" Tanque 160 - 3/4""";15/01/2026;2899;23/03/2026;56;APT;Integ
LRG;" Tanque 392 - 1""";15/01/2026;2697;23/03/2026;83;APT;Integ
LRG;" Tanque 354 - 1""";15/01/2026;2775;24/03/2026;81;APT;Integ
LRG;"c22 Tanque 245 (1"" pvc B)";24/12/2025;7149;03/04/2026;190;APT;Integ
LRG;" Tanque 158 - 3/4""";15/01/2026;2339;24/03/2026;44;APT;Integ
LRG;" Tanque 173 -5/8""";15/01/2026;2902;24/03/2026;73;APT;Integ
LRG;" Tanque 383 - 1""";15/01/2026;3057;24/03/2026;92;APT;Integ
LRG;" Tanque 054 - 5/8""";15/01/2026;1518;24/03/2026;79;APT;Integ
LRG;" Tanque 300 - 1""";07/03/2026;663;08/04/2026;128;APT;Integ
LRG;d01 Tanque 250 (5/8 pvc/inox R juvenil);07/03/2026;3447;27/03/2026;91;APT;Integ
LRG;"a23 Tanque 203 (1"" inox )";07/03/2026;5310;27/03/2026;128;APT;Integ
LRG;"b22 Tanque 226 (1"" inox )";07/03/2026;6465;27/03/2026;184;APT;Integ
LRG;"b15 Tanque 219 (1"" inox )";07/03/2026;5556;27/03/2026;186;APT;Integ
LRG;"a15 Tanque 195 (1"" pvc )";12/02/2026;10995;10/04/2026;54;APT;Integ
LRG;" Tanque 404 - 1""";12/02/2026;2958;30/03/2026;60;APT;Integ
LRG;" Tanque 371 - 1""";12/02/2026;2971;30/03/2026;63;APT;Integ
LRG;" Tanque 369 - 1""";12/02/2026;2985;30/03/2026;97;APT;Integ
LRG;" Tanque 374 - 1""";13/02/2026;2956;30/03/2026;66;APT;Integ
LRG;" Tanque 400 - 1""";13/02/2026;2989;30/03/2026;97;APT;Integ
LRG;" Tanque 395 - 1""";13/02/2026;2931;30/03/2026;66;APT;Integ
LRG;" Tanque 375 - 1""";13/02/2026;2962;30/03/2026;97;APT;Integ
LRG;" Tanque 364 - 1""";13/02/2026;2978;31/03/2026;70;APT;Integ
LRG;" Tanque 062 - 3/4""";13/02/2026;2955;31/03/2026;130;APT;Integ
LRG;" Tanque 027 - 3/4""";13/02/2026;2965;31/03/2026;74;APT;Integ
LRG;" Tanque 045 - 1""";13/02/2026;2943;31/03/2026;130;APT;Integ
LRG;" Tanque 025 - 5/8""";13/02/2026;2669;31/03/2026;74;APT;Integ
LRG;"a24 Tanque 204 (1"" inox )";09/12/2025;7628;03/04/2026;425;APT;Integ
LRG;"b20 Tanque 224 (1"" inox )";24/12/2025;7463;02/04/2026;339;APT;Integ
LRG;"d02 Tanque 251 (1""inox R)";31/12/2025;6889;03/04/2026;272;APT;Integ
LRG;"c08 Tanque 231(1"" pvc B)";09/12/2025;6852;04/04/2026;165;APT;Integ
LRG;d05 Tanque 254 (5/8 pvc azul R juvenil);24/12/2025;6088;12/04/2026;413;APT;Integ
LRG;"a08 Tanque 188 (1"" inox )";24/12/2025;7706;12/04/2026;302;APT;Integ
LRG;"a18 Tanque 198 (1"" pvc )";27/02/2026;5169;06/04/2026;47;APT;Integ
LRG;" Tanque 350 - 1""";27/02/2026;2950;06/04/2026;66;APT;Integ
LRG;" Tanque 326 - 1""";27/02/2026;2932;06/04/2026;111;APT;Integ
LRG;" Tanque 340 - 1""";27/02/2026;2924;06/04/2026;66;APT;Integ
LRG;" Tanque 401 - 1""";27/02/2026;2954;06/04/2026;111;APT;Integ
LRG;" Tanque 304 - 1""";27/02/2026;2932;06/04/2026;107;APT;Integ
LRG;" Tanque 029 - 1""";27/02/2026;2926;06/04/2026;111;APT;Integ
LRG;" Tanque 412 - 1""";27/02/2026;2904;06/04/2026;102;APT;Integ
LRG;" Tanque 349 - 1""";27/02/2026;2942;06/04/2026;56;APT;Integ
LRG;" Tanque 100 - 5/8""";27/02/2026;2950;06/04/2026;56;APT;Integ
LRG;" Tanque 352 - 1""";27/02/2026;2912;06/04/2026;97;APT;Integ
LRG;" Tanque 411 - 1""";27/02/2026;2931;06/04/2026;56;APT;Integ
LRG;" Tanque 384 - 1""";27/02/2026;2937;06/04/2026;97;APT;Integ
LRG;" Tanque 330 - 1""";27/02/2026;2920;06/04/2026;56;APT;Integ
LRG;" Tanque 049 -1""";27/02/2026;2913;06/04/2026;56;APT;Integ
LRG;" Tanque 013 - 5/8""";07/04/2026;4534;08/04/2026;133;APT;Integ
LRG;" Tanque 014 - 5/8""";07/04/2026;4807;08/04/2026;133;APT;Integ
LRG;" Tanque 015 - 5/8""";07/04/2026;4853;08/04/2026;133;APT;Integ
LRG;" Tanque 016 - 5/8""";07/04/2026;4742;08/04/2026;133;APT;Integ
LRG;" Tanque 017 - 5/8""";07/04/2026;4443;08/04/2026;133;APT;Integ
LRG;" Tanque 018 - 5/8""";07/04/2026;4563;08/04/2026;133;APT;Integ
LRG;" Tanque 019 - 5/8""";07/04/2026;4978;08/04/2026;132;APT;Integ
LRG;" Tanque 020 - 5/8""";07/04/2026;5075;08/04/2026;132;APT;Integ
LRG;" Tanque 021 - 5/8""";07/04/2026;5034;08/04/2026;132;APT;Integ
LRG;" Tanque 022 - 5/8""";07/04/2026;4890;08/04/2026;132;APT;Integ
LRG;" Tanque 023 - 5/8""";07/04/2026;5100;08/04/2026;132;APT;Integ
LRG;"b17 Tanque 221 (1"" inox )";26/03/2026;3344;08/04/2026;153;APT;Integ
LRG;"b16 Tanque 220 (1"" inox )";26/03/2026;7505;08/04/2026;107;APT;Integ
LRG;"b14 Tanque 218 (1"" inox )";26/03/2026;7214;08/04/2026;171;APT;Integ
LRG;d09 Tanque 258 (5/8 pvc/inox T juvenil);26/03/2026;6239;08/04/2026;185;APT;Integ
LRG;"b12 Tanque 216 (1"" 1/4 inox )";26/03/2026;2068;08/04/2026;257;APT;Integ
LRG;"b18 Tanque 222 (1"" inox )";26/03/2026;1935;08/04/2026;192;APT;Integ
LRG;" Tanque 001 - 5/8""";10/04/2026;6010;20/04/2026;140;APT;Integ
LRG;" Tanque 002 - 5/8""";10/04/2026;5622;20/04/2026;140;APT;Integ
LRG;" Tanque 003 - 5/8""";10/04/2026;5179;20/04/2026;140;APT;Integ
LRG;" Tanque 004 - 5/8""";10/04/2026;5836;20/04/2026;140;APT;Integ
LRG;" Tanque 005 - 5/8""";10/04/2026;5448;20/04/2026;140;APT;Integ
LRG;c14 Tanque 237 (5/8 pvc/inox R juvenil);31/12/2025;6887;14/04/2026;146;APT;Integ
LRG;"a16 Tanque 196 (1"" pvc )";11/03/2026;7098;10/04/2026;40;APT;Integ
LRG;" Tanque 409 1""";11/03/2026;2925;10/04/2026;83;APT;Integ
LRG;" Tanque 410 - 1""";11/03/2026;2873;10/04/2026;120;APT;Integ
LRG;" Tanque 415 - 1""";11/03/2026;2888;10/04/2026;80;APT;Integ
LRG;" Tanque 414 - 1""";10/03/2026;2918;10/04/2026;77;APT;Integ
LRG;" Tanque 355 - 1""";10/03/2026;2853;10/04/2026;115;APT;Integ
LRG;" Tanque 413 - 1""";10/03/2026;2883;10/04/2026;72;APT;Integ
LRG;" Tanque 028 - 1""";10/03/2026;2872;10/04/2026;76;APT;Integ
LRG;" Tanque 361 - 1""";10/03/2026;2895;14/04/2026;79;APT;Integ
LRG;" Tanque 396 - 1""";10/03/2026;2948;14/04/2026;115;APT;Integ
LRG;"c06 Tanque 229 ( 1"" pvc R )";23/10/2025;6958;14/04/2026;221;APT;Integ
LRG;c09 Tanque 232 (5/8 pvc T juvenil);24/12/2025;7435;15/04/2026;360;APT;Integ
LRG;"b05 Tanque 209 (1"" 1/4 inox )";19/12/2025;7887;15/04/2026;282;APT;Integ
LRG;"a12 Tanque 192 (1"" pvc )";11/03/2026;10542;16/04/2026;41;APT;Integ
LRG;" Tanque 339 - 1""";11/03/2026;2881;14/04/2026;80;APT;Integ
LRG;" Tanque 408 - 1""";12/03/2026;2897;15/04/2026;75;APT;Integ
LRG;" Tanque 351 - 1""";12/03/2026;2966;15/04/2026;117;APT;Integ
LRG;"b19 Tanque 223 (1"" inox )";31/12/2025;8021;17/04/2026;190;APT;Integ
LRG;"c20 Tanque 243 (1"" pvc R)";31/12/2025;6855;17/04/2026;393;APT;Integ
LRG;" Tanque 368 - 5/8""";11/03/2026;2940;15/04/2026;74;APT;Integ
LRG;" Tanque 334 - 1""";11/03/2026;2948;15/04/2026;115;APT;Integ
LRG;" Tanque 342 - 1""";12/03/2026;2889;16/04/2026;79;APT;Integ
LRG;" Tanque 388 - 1""";12/03/2026;2921;16/04/2026;127;APT;Integ
LRG;" Tanque 099 - 5/8""";31/12/2025;2818;23/04/2026;110;APT;Integ
LRG;c18 Tanque 241 (5/8 pvc  azul/inox T juvenil);31/12/2025;8275;17/04/2026;300;APT;Integ
LRG;" Tanque 416 - 1""";12/03/2026;2951;16/04/2026;81;APT;Integ
LRG;" Tanque 056 - 1""";12/03/2026;2965;16/04/2026;75;APT;Integ
LRG;" Tanque 177 - 1""";12/03/2026;2946;16/04/2026;137;APT;Integ
LRG;" Tanque 403 - 1""";11/03/2026;2953;16/04/2026;69;APT;Integ
LRG;" Tanque 377 - 1""";10/03/2026;2818;16/04/2026;63;APT;Integ
LRG;" Tanque 373 - 1""";10/03/2026;2067;16/04/2026;118;APT;Integ
LRG;d06 Tanque 255 (5/8 pvc/inox azul R juvenil);24/12/2025;6778;22/04/2026;178;APT;Integ
LRG;" Tanque 602 - 3/4"" T200";28/03/2026;2953;17/04/2026;30;APT;Integ
LRG;" Tanque 074 - 3/4""";28/03/2026;2925;17/04/2026;39;APT;Integ
LRG;" Tanque 081 - 1""";28/03/2026;2892;17/04/2026;71;APT;Integ
LRG;" Tanque 096 - 5/8""";28/03/2026;2939;17/04/2026;39;APT;Integ
LRG;" Tanque 390 - 1""";28/03/2026;2844;17/04/2026;71;APT;Integ
LRG;" Tanque 121 - 3/4""";28/03/2026;2790;17/04/2026;39;APT;Integ
LRG;d13 Tanque 262 (5/8 pvc R juvenil );07/01/2026;6584;19/04/2026;276;APT;Integ
LRG;"a10 Tanque 190 (1"" inox revest. )";07/01/2026;6409;22/04/2026;413;APT;Integ
LRG; Tanque 167 (3/4 c.a.t  );28/03/2026;2637;20/04/2026;34;APT;Integ
LRG;" Tanque 141 (1""c.a.pet )";28/03/2026;2758;20/04/2026;45;APT;Integ
LRG;" Tanque 337 - 1""";28/03/2026;2782;20/04/2026;65;APT;Integ
LRG; Tanque 166 (3/4 c.a.pet );28/03/2026;2771;20/04/2026;45;APT;Integ
LRG;" Tanque 343 - 1""";28/03/2026;2718;20/04/2026;65;APT;Integ
LRG;" Tanque 077  - 5/8""";28/03/2026;2684;23/04/2026;54;APT;Integ
LRG;" Tanque 341 - 1""";28/03/2026;2515;23/04/2026;73;APT;Integ
LRG;c19 Tanque 242 (5/8 pvc  azul T juvenil);07/01/2026;6552;22/04/2026;234;APT;Integ
LRG;"b02  Tanque 206 (1"" 1/4 inox )";12/01/2026;7452;24/04/2026;352;APT;Integ
LRG;"c07 Tanque 230 ( 1"" pvc R )";15/01/2026;6502;29/04/2026;144;APT;Integ
LRG;" Tanque 174 - 5/8""";28/03/2026;2694;23/04/2026;38;APT;Integ
LRG; Tanque 170 (3/4 c.a.t );28/03/2026;2459;23/04/2026;56;APT;Integ
LRG;" Tanque 323 - 1""";28/03/2026;2410;24/04/2026;64;APT;Integ
LRG;" Tanque 169 - 3/4""";28/03/2026;2820;24/04/2026;59;APT;Integ
LRG;"c11 Tanque 234 (1"" pvc B)";07/01/2026;6450;28/04/2026;209;APT;Integ
LRG;" Tanque 092 - 5/8""";28/03/2026;2611;24/04/2026;33;APT;Integ
LRG;" Tanque 091 - 5/8""";28/03/2026;2400;24/04/2026;40;APT;Integ
LRG;" Tanque 317 - 1""";28/03/2026;2618;24/04/2026;63;APT;Integ
LRG;" Tanque 088 - 5/8""";28/03/2026;2847;24/04/2026;40;APT;Integ
LRG;" Tanque 010 - 5/8""";25/04/2026;8126;27/04/2026;106;APT;Integ
LRG;" Tanque 011 - 5/8""";25/04/2026;8090;27/04/2026;106;APT;Integ
LRG;" Tanque 006 - 5/8""";25/04/2026;8252;27/04/2026;106;APT;Integ
LRG;" Tanque 012 - 5/8""";25/04/2026;8194;27/04/2026;106;APT;Integ
LRG;" Tanque 007 - 5/8""";25/04/2026;8068;27/04/2026;106;APT;Integ
LRG;" Tanque 313 - 1""";26/01/2026;1733;02/05/2026;117;APT;Integ
LRG;"b04 Tanque 208 (1"" 1/4 inox )";26/01/2026;7468;29/04/2026;377;APT;Integ
LRG;" Tanque 094 - 5/8""";28/03/2026;3410;27/04/2026;35;APT;Integ
LRG;" Tanque 109 - 3/4""";28/03/2026;2759;27/04/2026;50;APT;Integ
LRG;" Tanque 325 - 1""";28/03/2026;2838;27/04/2026;68;APT;Integ
LRG;" Tanque 090 - 5/8""";28/03/2026;3007;27/04/2026;50;APT;Integ
LRG;" Tanque 176 - 3/4""";28/03/2026;2848;27/04/2026;48;APT;Integ
LRG;" Tanque 089 - 5/8""";28/03/2026;2493;27/04/2026;37;APT;Integ
LRG;" Tanque 164 - 3/4""";28/03/2026;2998;27/04/2026;48;APT;Integ
LRG;"a02 Tanque 182 (1"" inox )";12/01/2026;7519;29/04/2026;230;APT;Integ
LRG;"b21 Tanque 225 ( 1""inox B )";07/01/2026;6469;29/04/2026;466;APT;Integ
LRG;"c16 Tanque 239 (1"" pvc  azul RM)";12/01/2026;4576;02/05/2026;211;APT;Integ
LRG;"d11 Tanque 260 (1"" pvc R)";12/01/2026;6572;01/05/2026;272;APT;Integ
LRG;"b13 Tanque 217 (1"" inox )";15/01/2026;7588;02/05/2026;405;APT;Integ
LRG;"a14 Tanque 194 (1"" pvc )";15/01/2026;3280;02/05/2026;253;APT;Integ
PGP;"Tanque 326 1""";08/11/2025;6153;02/12/2025;151;APT;Integ
PGP;Tanque 446 (3/4);08/11/2025;3293;02/12/2025;128;APT;Integ
PGP;Tanque 432 (3/4);25/11/2025;3730;21/01/2026;175;APT;Integ
PGP;"Tanque 337 (1"" 1/4)";25/11/2025;6939;21/01/2026;278;APT;Integ
PGP;"Tanque 345 1""";15/11/2025;6207;12/12/2025;154;APT;Integ
PGP;Tanque 408 (3/4);18/11/2025;3560;19/12/2025;175;APT;Integ
PGP;"Tanque 313 (1"" 1/4)";22/11/2025;7340;07/01/2026;256;APT;Integ
PGP;"Tanque 320 (1"" 1/4)";25/11/2025;7770;21/01/2026;277;APT;Integ
PGP;Tanque 403 (3/4);04/11/2025;3303;10/02/2026;266;APT;Integ
PGP;"Tanque 329 1""";04/11/2025;6439;13/11/2025;108;APT;Integ
PGP;"Tanque 332 1""";04/11/2025;5769;13/11/2025;112;APT;Integ
PGP;"Tanque 331 1""";15/11/2025;6222;12/12/2025;159;APT;Integ
PGP;Tanque 416 (3/4);15/11/2025;3374;19/12/2025;171;APT;Integ
PGP;"Tanque 321 (1"" 1/4)";22/11/2025;7183;07/01/2026;251;APT;Integ
PGP;Tanque 417 (3/4);15/11/2025;3292;19/12/2025;109;APT;Integ
PGP;Tanque 418 (3/4);18/11/2025;3074;19/12/2025;165;APT;Integ
PGP;Tanque 419 (3/4);22/11/2025;3517;07/01/2026;127;APT;Integ
PGP;"Tanque 344 (1"" 1/4)";22/11/2025;7193;07/01/2026;165;APT;Integ
PGP;Tanque 420 (3/4);25/11/2025;3791;21/01/2026;174;APT;Integ
PGP;Tanque 430 (3/4);18/11/2025;3379;12/12/2025;152;APT;Integ
PGP;Tanque 427 (3/4);18/11/2025;3374;19/12/2025;170;APT;Integ
PGP;Tanque 425 (3/4);22/11/2025;3491;26/12/2025;174;APT;Integ
PGP;Tanque 441 (3/4);25/11/2025;3927;07/01/2026;161;APT;Integ
PGP;Tanque 431 (3/4);25/11/2025;1754;15/04/2026;631;APT;Integ
PGP;Tanque 448 (3/4);04/11/2025;3455;13/11/2025;124;APT;Integ
PGP;Tanque 453 (3/4);04/11/2025;3390;13/11/2025;70;APT;Integ
PGP;Tanque 456 (3/4);04/11/2025;3067;01/12/2025;109;APT;Integ
PGP;Tanque 447 (3/4);04/11/2025;2959;01/12/2025;141;APT;Integ
PGP;Tanque 455 (3/4);25/11/2025;3805;21/01/2026;159;APT;Integ
PGP;Tanque 458 (3/4);08/11/2025;3628;02/12/2025;104;APT;Integ
PGP;Tanque 461 (3/4);15/11/2025;3136;12/12/2025;121;APT;Integ
PGP;Tanque 065 (3/4);18/12/2025;4188;04/03/2026;89;APT;Integ
PGP;Tanque 411 (3/4);18/12/2025;3618;03/03/2026;123;APT;Integ
PGP;"Tanque 308 (1"" 1/4)";31/12/2025;6855;06/03/2026;199;APT;Integ
PGP;Tanque 402 (3/4);04/11/2025;3376;11/02/2026;159;APT;Integ
PGP;"Tanque 318 (1"" 1/4)";09/12/2025;6169;11/02/2026;179;APT;Integ
PGP;"Tanque 314 (1"" 1/4)";18/12/2025;6103;12/02/2026;187;APT;Integ
PGP;"Tanque 317 (1"" 1/4)";09/12/2025;6346;03/03/2026;312;APT;Integ
PGP;"Tanque 319 (1"" 1/4)";31/12/2025;6975;06/03/2026;142;APT;Integ
PGP;Tanque 404 (3/4);09/12/2025;3203;11/02/2026;197;APT;Integ
PGP;Tanque 405 (3/4);09/12/2025;3234;12/02/2026;93;APT;Integ
PGP;Tanque 409 (3/4);18/12/2025;3548;05/03/2026;89;APT;Integ
PGP;Tanque 412 (3/4);31/12/2025;3490;05/03/2026;152;APT;Integ
PGP;Tanque 410 (3/4);31/12/2025;3785;09/04/2026;198;APT;Integ
PGP;"Tanque 322 (1"" 1/4)";18/12/2025;6419;04/03/2026;153;APT;Integ
PGP;"Tanque 323 (1"" 1/4)";31/12/2025;6661;05/03/2026;228;APT;Integ
PGP;Tanque 413 (3/4);31/12/2025;3586;06/03/2026;131;APT;Integ
PGP;"Tanque 324 (1"" 1/4)";31/12/2025;6979;09/04/2026;361;APT;Integ
PGP;Tanque 415 (3/4);31/12/2025;3486;06/03/2026;153;APT;Integ
PGP;"Tanque 334 (1"" 1/4)";04/11/2025;6087;12/02/2026;391;APT;Integ
PGP;"Tanque 340 (1"" 1/4)";09/12/2025;6412;26/02/2026;203;APT;Integ
PGP;"Tanque 341 (1"" 1/4)";18/12/2025;6488;04/03/2026;216;APT;Integ
PGP;"Tanque 327 1""";18/12/2025;6815;05/03/2026;140;APT;Integ
PGP;"Tanque 343 (1"" 1/4)";31/12/2025;7112;09/04/2026;286;APT;Integ
PGP;Tanque 001 (3/4);29/12/2025;5307;11/03/2026;65;APT;Integ
PGP;Tanque 422 (3/4);31/12/2025;4389;28/01/2026;100;APT;Integ
PGP;Tanque 442 (3/4);31/12/2025;2940;28/01/2026;96;APT;Integ
PGP;Tanque 433 (3/4);09/12/2025;3221;12/02/2026;104;APT;Integ
PGP;"Tanque 301 (1"" 1/4)";29/12/2025;7645;11/04/2026;280;APT;Integ
PGP;Tanque 043 (3/4);29/12/2025;3358;11/04/2026;105;APT;Integ
PGP;"Tanque 300 1"" 1/4";29/12/2025;6814;11/04/2026;366;APT;Integ
PGP;Tanque 438 (3/4);29/12/2025;3676;11/04/2026;183;APT;Integ
PGP;"Tanque 310 (1"" 1/4)";29/12/2025;6962;13/04/2026;255;APT;Integ
PGP;"Tanque 339 (1"" 1/4)";29/12/2025;6982;14/04/2026;327;APT;Integ
PGP;Tanque 439 (3/4);29/12/2025;3696;09/04/2026;187;APT;Integ
PGP;Tanque 450 (3/4);29/12/2025;3413;11/04/2026;172;APT;Integ
PGP;Tanque 048 (3/4);29/12/2025;3448;23/04/2026;99;APT;Integ
PGP;Tanque 019 (3/4);09/12/2025;3199;13/04/2026;155;APT;Integ
PGP;Tanque 421 (3/4);22/01/2026;3548;13/03/2026;119;APT;Integ
PGP;Tanque 064 (3/4);31/01/2026;3692;18/03/2026;71;APT;Integ
PGP;Tanque 044 (3/4);13/01/2026;3498;23/04/2026;113;APT;Integ
PGP;"Tanque 312 (1"" 1/4)";22/01/2026;7364;04/05/2026;325;APT;Integ
PGP;"Tanque 304 (1"" 1/4)";13/01/2026;7416;15/04/2026;309;APT;Integ
PGP;"Tanque 303 (1"" 1/4)";31/01/2026;6679;05/05/2026;306;APT;Integ
PGP;Tanque 459 (3/4);31/01/2026;3941;05/05/2026;133;APT;Integ
PGP;Tanque 406 (3/4);13/01/2026;4053;17/02/2026;94;APT;Integ
PGP;"Tanque 307 (1"" 1/4)";13/01/2026;7195;23/04/2026;191;APT;Integ
PGP;"Tanque 315 (1"" 1/4)";13/01/2026;7196;23/04/2026;316;APT;Integ
PGP;"Tanque 316 (1"" 1/4)";13/01/2026;7242;23/04/2026;313;APT;Integ
PGP;"Tanque 311 (1"" 1/4)";22/01/2026;7469;27/04/2026;209;APT;Integ
PGP;Tanque 407 (3/4);13/01/2026;4008;11/03/2026;118;APT;Integ
PGP;Tanque 414 (3/4);22/01/2026;3989;12/03/2026;121;APT;Integ
PGP;"Tanque 333 (1"" 1/4)";22/01/2026;7503;15/04/2026;211;APT;Integ
PGP;"Tanque 328 1""";13/01/2026;7255;24/04/2026;206;APT;Integ
PGP;"Tanque 325 (1"" 1/4)";22/01/2026;4527;05/05/2026;201;APT;Integ
PGP;Tanque 423 (3/4);31/01/2026;3505;13/03/2026;115;APT;Integ
PGP;Tanque 434 (3/4);31/01/2026;3591;17/03/2026;110;APT;Integ
PGP;Tanque 437 (3/4);31/01/2026;3646;31/03/2026;185;APT;Integ
PGP;"Tanque 335 (1"" 1/4)";13/01/2026;7254;24/04/2026;293;APT;Integ
PGP;"Tanque 338 (1"" 1/4)";22/01/2026;7161;25/04/2026;302;APT;Integ
PGP;Tanque 039 (3/4);22/01/2026;5340;13/03/2026;41;APT;Integ
PGP;Tanque 056 (3/4);31/01/2026;3472;02/04/2026;54;APT;Integ
PGP;Tanque 452 (3/4);31/01/2026;3651;17/03/2026;135;APT;Integ
PGP;Tanque 067 (3/4);31/01/2026;3371;17/03/2026;72;APT;Integ
PGP;Tanque 449 (3/4);31/01/2026;3774;23/04/2026;204;APT;Integ
PGP;Tanque 002 (3/4);22/01/2026;3269;12/03/2026;58;APT;Integ
PGP;Tanque 033 (3/4);22/01/2026;3210;13/03/2026;41;APT;Integ
PGP;Tanque 026 (3/4);31/01/2026;3467;31/03/2026;74;APT;Integ
PGP;Tanque 003 (3/4);13/01/2026;2753;05/05/2026;83;APT;Integ
PGP;Tanque 007 (3/4);13/01/2026;3491;25/04/2026;113;APT;Integ
PGP;Tanque 073;09/02/2026;3412;02/04/2026;83;APT;Integ
PGP;"Tanque 309 (1"" 1/4)";09/02/2026;7209;02/04/2026;222;APT;Integ
PGP;"Tanque 330 1""";09/02/2026;7275;02/04/2026;148;APT;Integ
PGP;"Tanque 342 (1"" 1/4)";10/02/2026;7260;02/04/2026;211;APT;Integ
PGP;Tanque 074;24/02/2026;3344;27/04/2026;79;APT;Integ
PGP;Tanque 428 (3/4);09/02/2026;3811;31/03/2026;141;APT;Integ
PGP;Tanque 424 (3/4);13/02/2026;3839;02/04/2026;141;APT;Integ
PGP;Tanque 429 (3/4);10/02/2026;3752;02/04/2026;141;APT;Integ
PGP;Tanque 435 (3/4);13/02/2026;4026;06/04/2026;132;APT;Integ
PGP;Tanque 426 (3/4);24/02/2026;3803;07/04/2026;130;APT;Integ
PGP;Tanque 060 (3/4);10/02/2026;3506;02/04/2026;95;APT;Integ
PGP;Tanque 059 (3/4);24/02/2026;3339;02/04/2026;93;APT;Integ
PGP;Tanque 061 (3/4);24/02/2026;3550;02/04/2026;99;APT;Integ
PGP;Tanque 440 (3/4);24/02/2026;3895;02/04/2026;149;APT;Integ
PGP;Tanque 041 (3/4);24/02/2026;3294;06/04/2026;83;APT;Integ
PGP;Tanque 032 (3/4);13/02/2026;3330;02/04/2026;92;APT;Integ
PGP;Tanque 016 (3/4);13/02/2026;3337;02/04/2026;51;APT;Integ
PGP;Tanque 037 (3/4);13/02/2026;3402;06/04/2026;83;APT;Integ
PGP;Tanque 444 (3/4);24/02/2026;4188;06/04/2026;132;APT;Integ
PGP;Tanque 036 (3/4);24/02/2026;3135;14/04/2026;98;APT;Integ
PGP;Tanque 046 (3/4);23/02/2026;3521;12/04/2026;67;APT;Integ
PGP;Tanque 040 (3/4);23/02/2026;3508;12/04/2026;100;APT;Integ
PGP;Tanque 062 (3/4);23/02/2026;3505;12/04/2026;161;APT;Integ
PGP;Tanque 063 (3/4);23/02/2026;3545;12/04/2026;97;APT;Integ
PGP;Tanque 010 (3/4);23/02/2026;3577;13/04/2026;102;APT;Integ
PGP;Tanque 047 (3/4);23/02/2026;3505;12/04/2026;50;APT;Integ
PGP;Tanque 023 (3/4);23/02/2026;3529;12/04/2026;95;APT;Integ
PGP;Tanque 022 (3/4);23/02/2026;3508;12/04/2026;152;APT;Integ
PGP;Tanque 027 (3/4);23/02/2026;3410;13/04/2026;57;APT;Integ
PGP;Tanque 020 (3/4);23/02/2026;3493;12/04/2026;102;APT;Integ
PGP;Tanque 469 (5/8);23/02/2026;7978;16/04/2026;43;APT;Integ
PGP;Tanque 008 (3/4);23/02/2026;3503;12/04/2026;97;APT;Integ
PGP;Tanque 015 (3/4);23/02/2026;3509;12/04/2026;68;APT;Integ
PGP;Tanque 014 (3/4);23/02/2026;3573;12/04/2026;63;APT;Integ
PGP;Tanque 017 (3/4);23/02/2026;3619;13/04/2026;147;APT;Integ
PGP;Tanque 030 (3/4);03/03/2026;7101;12/03/2026;50;APT;Integ
PGP;Tanque 071 (3/4);03/03/2026;7020;12/03/2026;50;APT;Integ
PGP;Tanque 018 (3/4);23/02/2026;3520;12/04/2026;101;APT;Integ
PGP;Tanque 042 (3/4);13/03/2026;3518;26/04/2026;181;APT;Integ
PGP;Tanque 057 (3/4);13/03/2026;3515;26/04/2026;66;APT;Integ
PGP;Tanque 031 (3/4);03/03/2026;7124;12/03/2026;50;APT;Integ
PGP;Tanque 055 (3/4);13/03/2026;3469;16/04/2026;76;APT;Integ
PGP;Tanque 058 (3/4);13/03/2026;3595;16/04/2026;108;APT;Integ
PGP;Tanque 025 (3/4);13/03/2026;4201;16/04/2026;78;APT;Integ
PGP;Tanque 050 (3/4);13/03/2026;3558;26/04/2026;94;APT;Integ
PGP;Tanque 034 (3/4);03/03/2026;7203;12/03/2026;50;APT;Integ
PGP;Tanque 004 (3/4);13/03/2026;3525;16/04/2026;99;APT;Integ
PGP;Tanque 070 (3/4);22/03/2026;3562;26/04/2026;52;APT;Integ
PGP;Tanque 072 (3/4);22/03/2026;3496;27/04/2026;40;APT;Integ
PGP;Tanque 069 (3/4);22/03/2026;3502;29/04/2026;70;APT;Integ
PGP;Tanque 049 (3/4);22/03/2026;4277;26/04/2026;32;APT;Integ
PGP;Tanque 045 (3/4);22/03/2026;3546;28/04/2026;47;APT;Integ
PGP;Tanque 051 (3/4);22/03/2026;3534;28/04/2026;80;APT;Integ
PGP;Tanque 052 (3/4);22/03/2026;3517;28/04/2026;46;APT;Integ
PGP;Tanque 068 (3/4);22/03/2026;3520;29/04/2026;45;APT;Integ
PGP;Tanque 478 (5/8);22/03/2026;9562;30/04/2026;31;APT;Integ
PGP;Tanque 021 (3/4);22/03/2026;3519;30/04/2026;45;APT;Integ
PGP;Tanque 054 (3/4);22/03/2026;3534;30/04/2026;61;APT;Integ
PGP;Tanque 028 (3/4);22/03/2026;2828;30/04/2026;45;APT;Integ
PGP;Tanque 053 (3/4);22/03/2026;631;30/04/2026;88;APT;Integ
PGP;Tanque 009 (3/4);22/03/2026;6282;27/04/2026;55;APT;Integ
PGP;Tanque 029 (3/4);22/03/2026;750;26/04/2026;52;APT;Integ
PGP;Tanque 005 (3/4);22/03/2026;3514;28/04/2026;50;APT;Integ
PGP;Tanque 035 (3/4);22/03/2026;3637;28/04/2026;53;APT;Integ
PGP;Tanque 038 (3/4);22/03/2026;3550;29/04/2026;62;APT;Integ
PGP;Tanque 012 (3/4);22/03/2026;3513;30/04/2026;109;APT;Integ
PGP;Tanque 481 (5/8);22/03/2026;7999;28/04/2026;27;APT;Integ
PGP;Tanque 011 (3/4);22/03/2026;3555;28/04/2026;79;APT;Integ
PGP;Tanque 470 (5/8);29/04/2026;16924;29/04/2026;25;APT;Integ
PGP;Tanque 013 (3/4);22/03/2026;2430;30/04/2026;61;APT;Integ
PGP;Tanque 462 (5/8);14/04/2026;13089;14/04/2026;25;APT;Integ
PGP;Tanque 465 (5/8);14/04/2026;13114;14/04/2026;25;APT;Integ
PGP;Tanque 467 (5/8);14/04/2026;13088;14/04/2026;25;APT;Integ
PGP;Tanque 463 (5/8);21/04/2026;16889;21/04/2026;25;APT;Integ
PGP;Tanque 468 (5/8);21/04/2026;16974;21/04/2026;25;APT;Integ
PGP;Tanque 474 (5/8);14/04/2026;13098;14/04/2026;25;APT;Integ
PGP;Tanque 473 (5/8);14/04/2026;13091;14/04/2026;25;APT;Integ
PGP;Tanque 475 (5/8);14/04/2026;13073;14/04/2026;25;APT;Integ
PGP;Tanque 472 (5/8);21/04/2026;16843;21/04/2026;25;APT;Integ
PGP;Tanque 471 (5/8);29/04/2026;16891;29/04/2026;25;APT;Integ
PGP;Tanque 477 (5/8);29/04/2026;16939;29/04/2026;25;APT;Integ
PGP;"Tanque 302 (1"" 1/4)";22/11/2025;2841;30/04/2026;1063;APT;Integ
QTR;E284;22/08/2025;6252;03/02/2026;174;APT;Filial
QTR;E270;28/08/2025;6405;03/02/2026;395;APT;Filial
QTR;T04;25/09/2025;40614;03/02/2026;387;APT;Filial
QTR;E361;09/10/2025;6732;03/02/2026;251;APT;Filial
QTR;E202;29/09/2025;6426;03/02/2026;235;APT;Filial
QTR;E319;30/09/2025;6609;27/01/2026;353;APT;Filial
QTR;E312;14/10/2025;6515;03/02/2026;206;APT;Filial
QTR;E297;23/10/2025;6968;03/02/2026;93;APT;Filial
QTR;T06;23/10/2025;36752;03/02/2026;388;APT;Filial
QTR;E220;18/11/2025;6559;03/02/2026;222;APT;Filial
QTR;E259;11/11/2025;6059;03/02/2026;185;APT;Filial
QTR;E300;17/09/2025;6780;03/02/2026;205;APT;Filial
QTR;E278;30/10/2025;7147;03/02/2026;163;APT;Filial
QTR;E214;14/11/2025;7888;11/02/2026;359;APT;Filial
QTR;E224;14/11/2025;5260;03/02/2026;161;APT;Filial
QTR;E247;14/11/2025;7166;03/02/2026;304;APT;Filial
QTR;E217;29/10/2025;7202;03/02/2026;142;APT;Filial
QTR;T01;29/10/2025;38140;03/02/2026;230;APT;Filial
QTR;E272;11/12/2025;6799;03/02/2026;129;APT;Filial
QTR;E256;12/12/2025;6538;03/02/2026;131;APT;Filial
QTR;V23;16/01/2026;63953;24/03/2026;24;APT;Filial
QTR;V28;16/01/2026;63953;24/03/2026;16;APT;Filial
QTR;V26;16/01/2026;8980;28/04/2026;41;APT;Filial
QTR;E229;03/12/2025;6580;05/02/2026;74;APT;Filial
QTR;E250;03/12/2025;6828;03/02/2026;127;APT;Filial
QTR;E330;03/12/2025;6680;03/02/2026;200;APT;Filial
QTR;E273;03/12/2025;6515;03/02/2026;274;APT;Filial
QTR;E257;03/12/2025;5371;03/02/2026;217;APT;Filial
QTR;V30;22/01/2026;62047;24/03/2026;24;APT;Filial
QTR;E324;05/12/2025;6933;03/02/2026;111;APT;Filial
QTR;E323;05/12/2025;6380;03/02/2026;192;APT;Filial
QTR;R018;28/01/2026;17343;28/01/2026;25;APT;Filial
QTR;E317;19/12/2025;7439;03/02/2026;113;APT;Filial
QTR;E271;18/12/2025;6023;03/02/2026;207;APT;Filial
QTR;E241;18/12/2025;7567;03/02/2026;112;APT;Filial
QTR;E293;18/12/2025;7185;03/02/2026;211;APT;Filial
QTR;V38;30/01/2026;67808;24/03/2026;18;APT;Filial
QTR;V03;30/01/2026;67418;24/03/2026;16;APT;Filial
QTR;E210;19/12/2025;7368;13/03/2026;320;APT;Filial
QTR;E321;23/12/2025;7680;04/02/2026;111;APT;Filial
QTR;E309;23/12/2025;6372;05/02/2026;302;APT;Filial
QTR;E231;23/12/2025;7253;04/02/2026;210;APT;Filial
QTR;E237;06/01/2026;6898;05/02/2026;243;APT;Filial
QTR;E336;07/01/2026;7387;11/02/2026;126;APT;Filial
QTR;V20;10/02/2026;58660;10/02/2026;1;APT;Filial
QTR;V16;10/02/2026;58620;10/02/2026;1;APT;Filial
QTR;E204;16/12/2025;6672;28/04/2026;90;APT;Filial
QTR;E244;16/12/2025;7490;11/02/2026;224;APT;Filial
QTR;E219;16/12/2025;6343;13/02/2026;298;APT;Filial
QTR;E314;05/12/2025;7067;12/02/2026;221;APT;Filial
QTR;E318;16/12/2025;7514;13/02/2026;108;APT;Filial
QTR;E239;16/12/2025;7728;12/02/2026;213;APT;Filial
QTR;E238;29/12/2025;7488;13/02/2026;193;APT;Filial
QTR;E207;30/12/2025;7743;25/02/2026;108;APT;Filial
QTR;E337 ;30/12/2025;8140;26/02/2026;209;APT;Filial
QTR;E260;02/01/2026;7998;25/02/2026;319;APT;Filial
QTR;E349;18/02/2026;8940;18/02/2026;42;APT;Filial
QTR;E344;18/02/2026;9800;18/02/2026;42;APT;Filial
QTR;E215;18/02/2026;7563;18/02/2026;42;APT;Filial
QTR;R078;19/02/2026;14491;19/02/2026;26;APT;Filial
QTR;V34;20/02/2026;60065;13/03/2026;4;APT;Filial
QTR;V33;20/02/2026;67030;20/02/2026;1;APT;Filial
QTR;V01;20/02/2026;66050;20/02/2026;1;APT;Filial
QTR;T08;30/12/2025;51070;26/02/2026;220;APT;Filial
QTR;E334 ;12/01/2026;7351;26/02/2026;110;APT;Filial
QTR;E262;08/01/2026;8078;02/03/2026;324;APT;Filial
QTR;E329;08/01/2026;7117;02/03/2026;115;APT;Filial
QTR;V36;27/02/2026;67150;27/02/2026;2;APT;Filial
QTR;V10;27/02/2026;67030;27/02/2026;2;APT;Filial
QTR;V09;27/02/2026;67170;27/02/2026;2;APT;Filial
QTR;V05;27/02/2026;67060;27/02/2026;1;APT;Filial
QTR;E335;13/01/2026;7092;02/03/2026;209;APT;Filial
QTR;E348;22/01/2026;7667;06/03/2026;226;APT;Filial
QTR;E328;23/01/2026;7596;03/03/2026;117;APT;Filial
QTR;T05;23/01/2026;48977;04/03/2026;222;APT;Filial
QTR;E346;23/01/2026;6747;04/03/2026;307;APT;Filial
QTR;E350;20/01/2026;7664;04/03/2026;123;APT;Filial
QTR;R059;03/03/2026;17541;03/03/2026;36;APT;Filial
QTR;E345;23/01/2026;7563;12/03/2026;122;APT;Filial
QTR;E279;23/01/2026;7491;12/03/2026;301;APT;Filial
QTR;E326;23/01/2026;10418;13/03/2026;210;APT;Filial
QTR;E269;09/01/2026;4743;06/03/2026;216;APT;Filial
QTR;E211;16/01/2026;7971;10/03/2026;125;APT;Filial
QTR;E339 ;16/01/2026;7132;09/03/2026;222;APT;Filial
QTR;E340 ;16/01/2026;7620;10/03/2026;341;APT;Filial
QTR;E205;15/01/2026;8267;22/04/2026;83;APT;Filial
QTR;E208;15/01/2026;7633;09/03/2026;253;APT;Filial
QTR;R037;09/03/2026;14814;09/03/2026;28;APT;Filial
QTR;R063;09/03/2026;16210;09/03/2026;28;APT;Filial
QTR;E236;09/03/2026;9283;09/03/2026;49;APT;Filial
QTR;E310;09/03/2026;9786;09/03/2026;49;APT;Filial
QTR;E306;09/03/2026;9628;18/03/2026;61;APT;Filial
QTR;E356;16/01/2026;7446;10/03/2026;240;APT;Filial
QTR;E286;07/01/2026;7511;11/03/2026;126;APT;Filial
QTR;E249;07/01/2026;7541;10/03/2026;228;APT;Filial
QTR;E331;07/01/2026;7499;11/03/2026;315;APT;Filial
QTR;E333;07/01/2026;6428;10/03/2026;260;APT;Filial
QTR;E332;07/01/2026;7787;11/03/2026;218;APT;Filial
QTR;R035;11/03/2026;12726;11/03/2026;43;APT;Filial
QTR;V24;12/03/2026;66830;12/03/2026;1;APT;Filial
QTR;V41;12/03/2026;67330;12/03/2026;1;APT;Filial
QTR;V13;12/03/2026;66150;12/03/2026;1;APT;Filial
QTR;V32;12/03/2026;67330;12/03/2026;1;APT;Filial
QTR;R003;11/03/2026;14046;13/03/2026;43;APT;Filial
QTR;T09;14/01/2026;36230;13/03/2026;227;APT;Filial
QTR;E304;22/01/2026;7742;13/03/2026;110;APT;Filial
QTR;E327;22/01/2026;7644;16/03/2026;295;APT;Filial
QTR;R020;13/03/2026;17611;13/03/2026;39;APT;Filial
QTR;R050;13/03/2026;10020;13/03/2026;39;APT;Filial
QTR;R043;13/03/2026;15399;13/03/2026;38;APT;Filial
QTR;R029;13/03/2026;14716;13/03/2026;42;APT;Filial
QTR;R068;13/03/2026;17925;13/03/2026;42;APT;Filial
QTR;R006;13/03/2026;18054;13/03/2026;42;APT;Filial
QTR;V35;20/02/2026;74100;13/03/2026;4;APT;Filial
QTR;E275;04/02/2026;7916;16/03/2026;126;APT;Filial
QTR;E251;04/02/2026;7882;16/03/2026;199;APT;Filial
QTR;E325;04/02/2026;7731;16/03/2026;213;APT;Filial
QTR;E274;28/01/2026;7842;23/03/2026;238;APT;Filial
QTR;R011;16/03/2026;16587;16/03/2026;38;APT;Filial
QTR;R022;16/03/2026;18247;16/03/2026;38;APT;Filial
QTR;R001;16/03/2026;16064;16/03/2026;36;APT;Filial
QTR;E342;05/02/2026;7539;18/03/2026;117;APT;Filial
QTR;T10;05/02/2026;34883;18/03/2026;225;APT;Filial
QTR;E225;05/02/2026;7396;18/03/2026;302;APT;Filial
QTR;R028;17/03/2026;13193;30/03/2026;44;APT;Filial
QTR;R033;17/03/2026;14610;17/03/2026;35;APT;Filial
QTR;E222;29/01/2026;8269;24/03/2026;119;APT;Filial
QTR;E341;06/02/2026;7437;25/03/2026;303;APT;Filial
QTR;E240;19/03/2026;7771;19/03/2026;58;APT;Filial
QTR;E266;19/03/2026;5272;19/03/2026;58;APT;Filial
QTR;E313;16/01/2026;8153;23/03/2026;126;APT;Filial
QTR;E212;16/01/2026;7973;20/03/2026;244;APT;Filial
QTR;E352;16/01/2026;8031;25/03/2026;344;APT;Filial
QTR;E232;03/12/2025;7969;25/03/2026;234;APT;Filial
QTR;E338 ;09/02/2026;7833;24/03/2026;230;APT;Filial
QTR;E304;06/02/2026;6850;25/03/2026;122;APT;Filial
QTR;E206;06/02/2026;7120;25/03/2026;220;APT;Filial
QTR;E294;09/02/2026;7986;14/04/2026;303;APT;Filial
QTR;E203;09/02/2026;4857;25/03/2026;218;APT;Filial
QTR;E209;13/02/2026;8537;13/04/2026;245;APT;Filial
QTR;R077;24/03/2026;16767;24/03/2026;34;APT;Filial
QTR;R016;24/03/2026;16950;24/03/2026;34;APT;Filial
QTR;R060;24/03/2026;13569;24/03/2026;34;APT;Filial
QTR;E218;29/12/2025;10365;25/03/2026;55;APT;Filial
QTR;R041;25/03/2026;15556;25/03/2026;31;APT;Filial
QTR;E213;30/01/2026;8154;26/03/2026;121;APT;Filial
QTR;T02;30/01/2026;47422;27/03/2026;232;APT;Filial
QTR;E226;30/01/2026;6621;27/03/2026;308;APT;Filial
QTR;R019;26/03/2026;18088;26/03/2026;48;APT;Filial
QTR;R045;26/03/2026;18290;26/03/2026;48;APT;Filial
QTR;R032;26/03/2026;14309;26/03/2026;29;APT;Filial
QTR;E290;28/01/2026;8233;27/03/2026;123;APT;Filial
QTR;E263;04/02/2026;7972;31/03/2026;118;APT;Filial
QTR;R046;30/03/2026;19043;30/03/2026;37;APT;Filial
QTR;R031;30/03/2026;19067;30/03/2026;37;APT;Filial
QTR;R034;30/03/2026;17863;30/03/2026;38;APT;Filial
QTR;R067;31/03/2026;18639;31/03/2026;38;APT;Filial
QTR;R053;31/03/2026;22827;31/03/2026;38;APT;Filial
QTR;R066;31/03/2026;22522;31/03/2026;47;APT;Filial
QTR;T03;18/02/2026;52358;01/04/2026;200;APT;Filial
QTR;E261;18/02/2026;5269;01/04/2026;296;APT;Filial
QTR;E228;20/02/2026;8169;01/04/2026;120;APT;Filial
QTR;E354;20/02/2026;3852;01/04/2026;121;APT;Filial
QTR;R039;02/04/2026;15563;02/04/2026;36;APT;Filial
QTR;R075;02/04/2026;16995;02/04/2026;36;APT;Filial
QTR;R079;08/04/2026;17876;08/04/2026;40;APT;Filial
QTR;R038;08/04/2026;18312;08/04/2026;40;APT;Filial
QTR;R047;08/04/2026;19240;08/04/2026;40;APT;Filial
QTR;R056;01/04/2021;19143;01/04/2021;52;APT;Filial
QTR;R052;01/04/2021;19285;01/04/2021;52;APT;Filial
QTR;R017;01/04/2021;17034;01/04/2021;42;APT;Filial
QTR;R002;07/04/2026;16872;07/04/2026;38;APT;Filial
QTR;R080;07/04/2026;18709;07/04/2026;38;APT;Filial
QTR;V07;08/04/2026;69440;08/04/2026;1;APT;Filial
QTR;V17;08/04/2026;69236;08/04/2026;0;APT;Filial
QTR;V11;08/04/2026;69300;08/04/2026;1;APT;Filial
QTR;V08;08/04/2026;69088;08/04/2026;1;APT;Filial
QTR;M2;09/04/2026;35207;09/04/2026;40;APT;Filial
QTR;R004;09/04/2026;13981;09/04/2026;40;APT;Filial
QTR;R007;09/04/2026;16037;09/04/2026;40;APT;Filial
QTR;V40;08/04/2026;35541;08/04/2026;1;APT;Filial
QTR;V12;08/04/2026;65913;08/04/2026;1;APT;Filial
QTR;V29;08/04/2026;65879;08/04/2026;1;APT;Filial
QTR;V39;08/04/2026;64785;08/04/2026;1;APT;Filial
QTR;V37;08/04/2026;65952;08/04/2026;1;APT;Filial
QTR;V18;08/04/2026;65947;08/04/2026;1;APT;Filial
QTR;V15;08/04/2026;66550;08/04/2026;1;APT;Filial
QTR;E288;23/02/2026;8332;17/04/2026;128;APT;Filial
QTR;E265;23/02/2026;7148;14/04/2026;241;APT;Filial
QTR;E291;21/01/2026;7796;16/04/2026;131;APT;Filial
QTR;E298;21/01/2026;8034;15/04/2026;255;APT;Filial
QTR;E351;21/01/2026;8425;15/04/2026;309;APT;Filial
QTR;R015;10/04/2026;14422;10/04/2026;52;APT;Filial
QTR;R012;10/04/2026;11639;10/04/2026;52;APT;Filial
QTR;M1;14/04/2026;34701;14/04/2026;43;APT;Filial
QTR;R036;14/04/2026;16689;14/04/2026;43;APT;Filial
QTR;E252;21/01/2026;8161;15/04/2026;266;APT;Filial
QTR;E245;21/01/2026;8366;16/04/2026;260;APT;Filial
QTR;R005;15/04/2026;15742;15/04/2026;45;APT;Filial
QTR;R010;15/04/2026;19676;15/04/2026;45;APT;Filial
QTR;R044;15/04/2026;19327;17/04/2026;42;APT;Filial
QTR;E230;21/01/2026;5469;16/04/2026;306;APT;Filial
QTR;E233;21/01/2026;5591;16/04/2026;248;APT;Filial
QTR;T07;24/02/2026;55529;18/04/2026;232;APT;Filial
QTR;E289;24/02/2026;8318;17/04/2026;317;APT;Filial
QTR;R008;17/04/2026;19451;17/04/2026;51;APT;Filial
QTR;R061;17/04/2026;22051;17/04/2026;60;APT;Filial
QTR;R027;17/04/2026;7116;17/04/2026;60;APT;Filial
QTR;R062;17/04/2026;15729;17/04/2026;41;APT;Filial
QTR;R040;17/04/2026;15962;17/04/2026;41;APT;Filial
QTR;V02;17/04/2026;69740;17/04/2026;1;APT;Filial
QTR;V06;17/04/2026;69740;17/04/2026;1;APT;Filial
QTR;V14;17/04/2026;69730;17/04/2026;1;APT;Filial
QTR;V31;17/04/2026;69740;17/04/2026;1;APT;Filial
QTR;E258;24/02/2026;8210;18/04/2026;132;APT;Filial
QTR;E357;23/02/2026;8346;24/04/2026;246;APT;Filial
QTR;E264;05/03/2026;8562;22/04/2026;117;APT;Filial
QTR;E292;05/03/2026;8490;22/04/2026;209;APT;Filial
QTR;E287;04/03/2026;8354;23/04/2026;108;APT;Filial
QTR;E355;04/03/2026;8399;23/04/2026;190;APT;Filial
QTR;R023;22/04/2026;18908;22/04/2026;38;APT;Filial
QTR;R064;22/04/2026;19344;22/04/2026;38;APT;Filial
QTR;R057;22/04/2026;19788;23/04/2026;37;APT;Filial
QTR;E281;19/03/2026;8689;24/04/2026;121;APT;Filial
QTR;E280;04/03/2026;8368;24/04/2026;195;APT;Filial
QTR;R024;23/04/2026;18779;23/04/2026;36;APT;Filial
QTR;R055;23/04/2026;18882;23/04/2026;36;APT;Filial
QTR;R048;23/04/2026;13133;28/04/2026;44;APT;Filial
QTR;E243;19/03/2026;8353;24/04/2026;106;APT;Filial
QTR;E353;19/03/2026;8641;24/04/2026;173;APT;Filial
QTR;E268;19/03/2026;8459;28/04/2026;124;APT;Filial
QTR;E315;19/03/2026;8642;24/04/2026;186;APT;Filial
QTR;E285;19/03/2026;6864;28/04/2026;302;APT;Filial
QTR;R025;24/04/2026;18514;24/04/2026;30;APT;Filial
QTR;R074;24/04/2026;12522;24/04/2026;30;APT;Filial
QTR;R069;27/04/2026;19907;27/04/2026;38;APT;Filial
QTR;R072;27/04/2026;19614;27/04/2026;38;APT;Filial
QTR;R073;27/04/2026;18954;27/04/2026;38;APT;Filial
QTR;T11;06/03/2026;31965;28/04/2026;229;APT;Filial
QTR;E295;11/03/2026;2700;28/04/2026;131;APT;Filial
QTR;R070;29/04/2026;20076;29/04/2026;41;APT;Filial
QTR;R054;29/04/2026;18931;29/04/2026;41;APT;Filial
QTR;M3;29/04/2026;34901;29/04/2026;52;APT;Filial
QTR;R009;29/04/2026;12355;29/04/2026;55;APT;Filial
QTR;R013;30/04/2026;18340;30/04/2026;50;APT;Filial
QTR;R042;30/04/2026;22205;30/04/2026;52;APT;Filial
QTR;R026;30/04/2026;23144;30/04/2026;52;APT;Filial
QTR;V22;30/04/2026;69980;30/04/2026;1;APT;Filial
QTR;V25;30/04/2026;64980;30/04/2026;1;APT;Filial
QTR;V26;30/04/2026;69980;30/04/2026;1;APT;Filial
QTR;V27;30/04/2026;69980;30/04/2026;1;APT;Filial
QTR;V19;30/04/2026;68980;30/04/2026;3;APT;Filial
RGD;V11;10/02/2026;30021;29/04/2026;50;APT;Filial
RGD;V13;10/02/2026;70000;30/03/2026;25;APT;Filial
RGD;V16;10/02/2026;20918;29/04/2026;58;APT;Filial
RGD;V17;10/02/2026;7555;28/04/2026;81;APT;Filial
RGD;V14;25/02/2026;69911;30/03/2026;14;APT;Filial
RGD;V15;25/02/2026;70000;30/03/2026;11;APT;Filial
RGD;V19;25/02/2026;185163;28/04/2026;32;APT;Filial
RGD;V07;27/02/2026;148060;30/03/2026;8;APT;Filial
RGD;V08;25/03/2026;151334;30/03/2026;8;APT;Filial
RGD;V21;25/03/2026;114365;30/03/2026;1;APT;Filial
RGD;V02;25/03/2026;150000;30/03/2026;1;APT;Filial
RGD;M9;09/04/2026;11103;30/04/2026;117;APT;Filial
RGD;M1;14/04/2026;119659;15/04/2026;39;APT;Filial
RGD;M6;18/04/2026;61878;30/04/2026;58;APT;Filial
RGD;V10;25/04/2026;75000;25/04/2026;1;APT;Filial
RGD;V12;25/04/2026;75000;25/04/2026;1;APT;Filial
RGD;V20;25/04/2026;150000;25/04/2026;1;APT;Filial
RGD;V03;25/04/2026;150000;25/04/2026;1;APT;Filial
RGD;M4;27/04/2026;100302;28/04/2026;51;APT;Filial
RGD;M5;29/04/2026;53473;29/04/2026;44;APT;Filial
SFS;E322;22/11/2025;5731;03/02/2026;206;APT;Filial
SFS;E265;04/11/2025;7412;03/02/2026;160;APT;Filial
SFS;ET01;04/11/2025;37743;03/02/2026;157;APT;Filial
SFS;E281;05/11/2025;6077;03/02/2026;123;APT;Filial
SFS;E293;05/11/2025;8658;03/02/2026;181;APT;Filial
SFS;E312;05/11/2025;6691;03/02/2026;208;APT;Filial
SFS;E478;16/10/2025;2275;03/02/2026;144;APT;Filial
SFS;E499;31/10/2025;3949;21/04/2026;353;APT;Filial
SFS;E493;31/10/2025;5269;03/02/2026;143;APT;Filial
SFS;E296;31/10/2025;7363;03/02/2026;207;APT;Filial
SFS;E330 ;18/11/2025;8442;03/02/2026;175;APT;Filial
SFS;ET02;18/11/2025;44021;03/02/2026;146;APT;Filial
SFS;E355;18/11/2025;6321;03/02/2026;292;APT;Filial
SFS;R049;26/11/2025;4137;27/01/2026;70;APT;Filial
SFS;E228;03/11/2025;7323;03/02/2026;148;APT;Filial
SFS;E204;03/11/2025;7932;03/02/2026;204;APT;Filial
SFS;ET05;03/12/2025;40008;03/02/2026;152;APT;Filial
SFS;E283;03/12/2025;5909;03/02/2026;261;APT;Filial
SFS;E223;09/12/2025;8244;11/02/2026;80;APT;Filial
SFS;E225;05/12/2025;5624;03/02/2026;240;APT;Filial
SFS;E497;10/12/2025;2011;03/02/2026;86;APT;Filial
SFS;E299;10/12/2025;4765;03/02/2026;160;APT;Filial
SFS;E461;06/11/2025;2454;03/02/2026;129;APT;Filial
SFS;E310;06/11/2025;6491;03/02/2026;184;APT;Filial
SFS;E476;06/11/2025;2466;03/02/2026;292;APT;Filial
SFS;E226;19/11/2025;2426;03/02/2026;76;APT;Filial
SFS;E503;19/11/2025;2351;03/02/2026;131;APT;Filial
SFS;E250;10/12/2025;6731;03/02/2026;66;APT;Filial
SFS;E285;10/12/2025;6448;03/02/2026;102;APT;Filial
SFS;E302;10/12/2025;7016;03/02/2026;139;APT;Filial
SFS;E249;10/12/2025;6756;03/02/2026;208;APT;Filial
SFS;E475;19/11/2025;948;03/02/2026;94;APT;Filial
SFS;E349;19/11/2025;2317;03/02/2026;131;APT;Filial
SFS;E504;19/11/2025;1992;03/02/2026;218;APT;Filial
SFS;E462;19/11/2025;3451;03/02/2026;275;APT;Filial
SFS;E287;11/12/2025;7987;03/02/2026;142;APT;Filial
SFS;E303;10/12/2025;5226;03/02/2026;215;APT;Filial
SFS;E343;22/12/2025;6046;02/02/2026;78;APT;Filial
SFS;E284;22/12/2025;5978;03/02/2026;119;APT;Filial
SFS;E314;22/12/2025;6179;03/02/2026;160;APT;Filial
SFS;E328;22/12/2025;6418;03/02/2026;207;APT;Filial
SFS;E337;18/12/2025;5689;03/02/2026;115;APT;Filial
SFS;E294;18/12/2025;6636;03/02/2026;156;APT;Filial
SFS;E297;17/12/2025;6167;03/02/2026;148;APT;Filial
SFS;E258;17/12/2025;6135;02/02/2026;106;APT;Filial
SFS;E254;18/12/2025;7825;02/02/2026;131;APT;Filial
SFS;E345;18/12/2025;3529;02/02/2026;182;APT;Filial
SFS;E351;18/12/2025;2962;02/02/2026;79;APT;Filial
SFS;E292;06/01/2026;4874;02/02/2026;89;APT;Filial
SFS;E286;06/01/2026;2241;05/02/2026;119;APT;Filial
SFS;E352;06/01/2026;6497;04/02/2026;125;APT;Filial
SFS;ET07;06/01/2026;41865;05/02/2026;77;APT;Filial
SFS;E323;12/01/2026;4760;11/02/2026;42;APT;Filial
SFS;E309;12/01/2026;6359;09/02/2026;63;APT;Filial
SFS;E342;12/01/2026;6546;09/02/2026;79;APT;Filial
SFS;E282;12/01/2026;5958;11/02/2026;117;APT;Filial
SFS;E334 ;12/01/2026;5637;11/02/2026;59;APT;Filial
SFS;E313;12/01/2026;7371;11/02/2026;80;APT;Filial
SFS;E289;12/01/2026;7261;11/02/2026;88;APT;Filial
SFS;E329 ;12/01/2026;7467;11/02/2026;66;APT;Filial
SFS;E501;12/01/2026;2677;11/02/2026;38;APT;Filial
SFS;E479;13/01/2026;1722;11/02/2026;68;APT;Filial
SFS;E502;13/01/2026;1517;11/02/2026;89;APT;Filial
SFS;E463;13/01/2026;872;11/02/2026;122;APT;Filial
SFS;E316;09/01/2026;6974;19/02/2026;45;APT;Filial
SFS;E325;09/01/2026;6783;16/02/2026;83;APT;Filial
SFS;E222;09/01/2026;5362;16/02/2026;108;APT;Filial
SFS;E272;09/01/2026;2950;20/02/2026;136;APT;Filial
SFS;E209;09/01/2026;4686;16/02/2026;101;APT;Filial
SFS;E326;22/01/2026;7984;18/02/2026;45;APT;Filial
SFS;ET19;22/01/2026;43596;18/02/2026;81;APT;Filial
SFS;E319;22/01/2026;5477;18/02/2026;132;APT;Filial
SFS;E307;27/01/2026;5187;18/02/2026;133;APT;Filial
SFS;E217;21/01/2026;7254;19/02/2026;63;APT;Filial
SFS;E278;21/01/2026;7445;19/02/2026;78;APT;Filial
SFS;E246;21/01/2026;3506;19/02/2026;60;APT;Filial
SFS;E332 ;21/01/2026;5037;20/02/2026;43;APT;Filial
SFS;E327;21/01/2026;5565;19/02/2026;50;APT;Filial
SFS;E317;21/01/2026;6048;20/02/2026;57;APT;Filial
SFS;E300;21/01/2026;5000;20/02/2026;70;APT;Filial
SFS;E321;16/01/2026;7394;27/02/2026;63;APT;Filial
SFS;ET18;16/01/2026;43601;27/02/2026;101;APT;Filial
SFS;E339;16/01/2026;4879;27/02/2026;161;APT;Filial
SFS;V15;27/02/2026;64992;26/03/2026;9;APT;Filial
SFS;V10;27/02/2026;63422;26/03/2026;9;APT;Filial
SFS;V07;27/02/2026;64992;26/03/2026;9;APT;Filial
SFS;V02;27/02/2026;64928;26/03/2026;9;APT;Filial
SFS;E269;30/01/2026;7591;27/02/2026;54;APT;Filial
SFS;E241;30/01/2026;7599;27/02/2026;86;APT;Filial
SFS;E318;30/01/2026;4214;27/02/2026;110;APT;Filial
SFS;E203;09/01/2026;7251;09/03/2026;53;APT;Filial
SFS;ET03;09/01/2026;44679;09/03/2026;94;APT;Filial
SFS;E304;09/01/2026;3824;09/03/2026;179;APT;Filial
SFS;R024;05/03/2026;6297;05/03/2026;36;APT;Filial
SFS;R003;05/03/2026;5989;05/03/2026;36;APT;Filial
SFS;R108;05/03/2026;6138;05/03/2026;36;APT;Filial
SFS;R110;05/03/2026;6118;05/03/2026;36;APT;Filial
SFS;R109;05/03/2026;5811;05/03/2026;36;APT;Filial
SFS;R114;05/03/2026;6048;05/03/2026;36;APT;Filial
SFS;R066;05/03/2026;6034;05/03/2026;36;APT;Filial
SFS;R064;05/03/2026;6092;05/03/2026;36;APT;Filial
SFS;R078;05/03/2026;4517;05/03/2026;36;APT;Filial
SFS;E206;02/02/2026;6608;13/03/2026;67;APT;Filial
SFS;E257;02/02/2026;4422;11/03/2026;97;APT;Filial
SFS;E331 ;02/02/2026;3938;11/03/2026;146;APT;Filial
SFS;E242;02/02/2026;5425;12/03/2026;187;APT;Filial
SFS;ET04;02/02/2026;37408;12/03/2026;113;APT;Filial
SFS;E338 ;05/02/2026;5929;13/03/2026;200;APT;Filial
SFS;V01;12/03/2026;64943;26/03/2026;5;APT;Filial
SFS;V04;12/03/2026;64942;27/04/2026;40;APT;Filial
SFS;V05;12/03/2026;64942;12/03/2026;1;APT;Filial
SFS;V06;12/03/2026;64942;26/03/2026;6;APT;Filial
SFS;E347;05/02/2026;6850;13/03/2026;81;APT;Filial
SFS;E288;05/02/2026;6854;13/03/2026;133;APT;Filial
SFS;E266;05/02/2026;6102;13/03/2026;108;APT;Filial
SFS;R113;13/03/2026;6238;13/03/2026;37;APT;Filial
SFS;E256;10/02/2026;5811;24/03/2026;49;APT;Filial
SFS;E280;10/02/2026;7102;17/03/2026;76;APT;Filial
SFS;E234;10/02/2026;6717;17/03/2026;111;APT;Filial
SFS;E468;10/02/2026;2211;17/03/2026;159;APT;Filial
SFS;E279;05/02/2026;7259;18/03/2026;119;APT;Filial
SFS;E467;10/02/2026;2246;18/03/2026;74;APT;Filial
SFS;E454;10/02/2026;2535;18/03/2026;183;APT;Filial
SFS;E496;05/02/2026;2215;18/03/2026;76;APT;Filial
SFS;E453;10/02/2026;2616;18/03/2026;80;APT;Filial
SFS;E495;10/02/2026;2535;18/03/2026;119;APT;Filial
SFS;E348;05/02/2026;5781;19/03/2026;78;APT;Filial
SFS;E340 ;05/02/2026;7064;19/03/2026;120;APT;Filial
SFS;E451;05/02/2026;2322;19/03/2026;176;APT;Filial
SFS;E481;06/02/2026;2432;19/03/2026;79;APT;Filial
SFS;E457;06/02/2026;2420;19/03/2026;168;APT;Filial
SFS;E492;06/02/2026;2487;19/03/2026;188;APT;Filial
SFS;R062;18/03/2026;6445;18/03/2026;41;APT;Filial
SFS;R069;18/03/2026;6444;18/03/2026;41;APT;Filial
SFS;R052;18/03/2026;6599;18/03/2026;41;APT;Filial
SFS;R027;18/03/2026;6317;18/03/2026;41;APT;Filial
SFS;R092;18/03/2026;6155;18/03/2026;41;APT;Filial
SFS;R014;18/03/2026;5875;18/03/2026;41;APT;Filial
SFS;R022;18/03/2026;6460;18/03/2026;41;APT;Filial
SFS;R099;19/03/2026;6734;19/03/2026;52;APT;Filial
SFS;R006;19/03/2026;5518;19/03/2026;52;APT;Filial
SFS;R101;23/03/2026;6722;23/03/2026;37;APT;Filial
SFS;R100;23/03/2026;6643;23/03/2026;37;APT;Filial
SFS;R102;23/03/2026;6647;23/03/2026;37;APT;Filial
SFS;R038;23/03/2026;6762;23/03/2026;37;APT;Filial
SFS;R075 ;23/03/2026;7135;23/03/2026;37;APT;Filial
SFS;E315;10/02/2026;5782;24/03/2026;79;APT;Filial
SFS;E233;10/02/2026;2923;24/03/2026;139;APT;Filial
SFS;E274;29/01/2026;4901;25/03/2026;55;APT;Filial
SFS;E263;29/01/2026;7839;24/03/2026;84;APT;Filial
SFS;E260;29/01/2026;4600;25/03/2026;114;APT;Filial
SFS;E245;29/01/2026;7483;25/03/2026;75;APT;Filial
SFS;E333 ;29/01/2026;3769;25/03/2026;94;APT;Filial
SFS;E275;17/02/2026;7503;30/03/2026;58;APT;Filial
SFS;ET20;17/02/2026;45669;27/03/2026;110;APT;Filial
SFS;E267;17/02/2026;7458;27/03/2026;172;APT;Filial
SFS;E354;12/02/2026;5695;30/03/2026;163;APT;Filial
SFS;V08;28/03/2026;68208;28/03/2026;1;APT;Filial
SFS;V09;28/03/2026;68208;28/03/2026;1;APT;Filial
SFS;V12;28/03/2026;84958;28/03/2026;1;APT;Filial
SFS;V16;28/03/2026;51458;28/03/2026;1;APT;Filial
SFS;R121;31/03/2026;6373;31/03/2026;51;APT;Filial
SFS;R122;31/03/2026;6492;31/03/2026;51;APT;Filial
SFS;R015;31/03/2026;6205;31/03/2026;51;APT;Filial
SFS;R123;31/03/2026;6260;31/03/2026;51;APT;Filial
SFS;R124;31/03/2026;6829;31/03/2026;51;APT;Filial
SFS;R103;31/03/2026;6570;31/03/2026;51;APT;Filial
SFS;R043;31/03/2026;6878;31/03/2026;51;APT;Filial
SFS;E261;12/02/2026;6440;30/03/2026;80;APT;Filial
SFS;E251;12/02/2026;5735;30/03/2026;111;APT;Filial
SFS;E356;06/01/2026;4915;30/03/2026;106;APT;Filial
SFS;E357;06/01/2026;5320;30/03/2026;152;APT;Filial
SFS;E200;06/01/2026;2993;30/03/2026;181;APT;Filial
SFS;R037;02/04/2026;6144;02/04/2026;51;APT;Filial
SFS;R026;02/04/2026;6077;02/04/2026;51;APT;Filial
SFS;R013;02/04/2026;6322;02/04/2026;51;APT;Filial
SFS;R007;02/04/2026;6208;02/04/2026;51;APT;Filial
SFS;R095;02/04/2026;6542;02/04/2026;51;APT;Filial
SFS;R091;02/04/2026;6390;02/04/2026;51;APT;Filial
SFS;R044;02/04/2026;6330;02/04/2026;51;APT;Filial
SFS;R059;02/04/2026;2524;02/04/2026;51;APT;Filial
SFS;R115;06/04/2026;6267;06/04/2026;52;APT;Filial
SFS;R111;06/04/2026;6189;06/04/2026;52;APT;Filial
SFS;R023;06/04/2026;6208;06/04/2026;52;APT;Filial
SFS;R031;06/04/2026;5827;06/04/2026;52;APT;Filial
SFS;R112;06/04/2026;6291;06/04/2026;52;APT;Filial
SFS;R045;06/04/2026;6163;06/04/2026;52;APT;Filial
SFS;R087;06/04/2026;5266;06/04/2026;52;APT;Filial
SFS;R125;07/04/2026;6537;07/04/2026;52;APT;Filial
SFS;R020;07/04/2026;6102;07/04/2026;52;APT;Filial
SFS;R126;07/04/2026;5887;07/04/2026;52;APT;Filial
SFS;R127;07/04/2026;6066;07/04/2026;52;APT;Filial
SFS;R077;07/04/2026;5763;07/04/2026;52;APT;Filial
SFS;R067;07/04/2026;6447;07/04/2026;52;APT;Filial
SFS;R001;07/04/2026;5786;07/04/2026;52;APT;Filial
SFS;R004;07/04/2026;6251;07/04/2026;52;APT;Filial
SFS;E219;20/02/2026;7336;10/04/2026;57;APT;Filial
SFS;ET17;20/02/2026;25998;10/04/2026;102;APT;Filial
SFS;E208;20/02/2026;6875;08/04/2026;150;APT;Filial
SFS;E212;20/02/2026;4832;10/04/2026;146;APT;Filial
SFS;V11 ;10/04/2026;49972;10/04/2026;2;APT;Filial
SFS;V14;10/04/2026;69972;10/04/2026;1;APT;Filial
SFS;V19;10/04/2026;69972;10/04/2026;1;APT;Filial
SFS;V20;10/04/2026;69972;10/04/2026;1;APT;Filial
SFS;V21;10/04/2026;8270;10/04/2026;1;APT;Filial
SFS;R047;13/04/2026;6508;13/04/2026;53;APT;Filial
SFS;R055;13/04/2026;6139;13/04/2026;53;APT;Filial
SFS;R082;13/04/2026;6571;13/04/2026;53;APT;Filial
SFS;R083;13/04/2026;6518;13/04/2026;53;APT;Filial
SFS;R069;13/04/2026;6349;13/04/2026;53;APT;Filial
SFS;R090;13/04/2026;6181;13/04/2026;53;APT;Filial
SFS;R056;13/04/2026;2962;13/04/2026;53;APT;Filial
SFS;E500;27/02/2026;2035;13/04/2026;53;APT;Filial
SFS;E220;27/02/2026;7809;13/04/2026;80;APT;Filial
SFS;E236;27/02/2026;7697;13/04/2026;96;APT;Filial
SFS;E268;27/02/2026;5655;13/04/2026;123;APT;Filial
SFS;E291;27/02/2026;4014;13/04/2026;106;APT;Filial
SFS;E353;27/02/2026;1829;13/04/2026;164;APT;Filial
SFS;R065;14/04/2026;6730;14/04/2026;59;APT;Filial
SFS;R005;14/04/2026;6759;14/04/2026;59;APT;Filial
SFS;R106;14/04/2026;6466;14/04/2026;59;APT;Filial
SFS;R016;14/04/2026;6628;14/04/2026;59;APT;Filial
SFS;R084;14/04/2026;6157;14/04/2026;59;APT;Filial
SFS;R085;14/04/2026;6435;14/04/2026;59;APT;Filial
SFS;R068;14/04/2026;6595;14/04/2026;59;APT;Filial
SFS;R098;14/04/2026;6571;14/04/2026;59;APT;Filial
SFS;R009;14/04/2026;6491;14/04/2026;59;APT;Filial
SFS;R029;14/04/2026;5972;14/04/2026;59;APT;Filial
SFS;R040;14/04/2026;6196;14/04/2026;59;APT;Filial
SFS;E473;04/03/2026;3301;17/04/2026;59;APT;Filial
SFS;E201;04/03/2026;7196;15/04/2026;79;APT;Filial
SFS;E211;04/03/2026;7445;15/04/2026;100;APT;Filial
SFS;E273;04/03/2026;6944;17/04/2026;130;APT;Filial
SFS;E237;04/03/2026;7345;17/04/2026;102;APT;Filial
SFS;E494;17/03/2026;2686;17/04/2026;74;APT;Filial
SFS;R058;16/04/2026;6794;16/04/2026;28;APT;Filial
SFS;R088;16/04/2026;6968;16/04/2026;28;APT;Filial
SFS;R036;16/04/2026;6842;16/04/2026;28;APT;Filial
SFS;R086;16/04/2026;6848;16/04/2026;28;APT;Filial
SFS;R042;16/04/2026;6790;16/04/2026;28;APT;Filial
SFS;R034;16/04/2026;6562;16/04/2026;28;APT;Filial
SFS;R035;16/04/2026;6354;16/04/2026;28;APT;Filial
SFS;R032;16/04/2026;3962;16/04/2026;28;APT;Filial
SFS;R2-074;17/03/2026;6023;21/04/2026;53;APT;Filial
SFS;E229;17/03/2026;7230;21/04/2026;60;APT;Filial
SFS;E240;04/03/2026;7508;21/04/2026;90;APT;Filial
SFS;E498;17/03/2026;1574;17/04/2026;67;APT;Filial
SFS;R149;18/04/2026;12045;18/04/2026;135;APT;Filial
SFS;R148;18/04/2026;11465;18/04/2026;134;APT;Filial
SFS;R147;18/04/2026;15185;18/04/2026;133;APT;Filial
SFS;V03;22/04/2026;54979;22/04/2026;2;APT;Filial
SFS;V13;22/04/2026;69979;22/04/2026;0;APT;Filial
SFS;V17;22/04/2026;69979;22/04/2026;1;APT;Filial
SFS;V18;22/04/2026;69979;22/04/2026;1;APT;Filial
SFS;E490;17/03/2026;2757;21/04/2026;61;APT;Filial
SFS;E483;17/03/2026;2761;21/04/2026;86;APT;Filial
SFS;E346;19/03/2026;7572;21/04/2026;77;APT;Filial
SFS;E306;14/04/2026;7956;23/04/2026;106;APT;Filial
SFS;E244;14/04/2026;7687;23/04/2026;139;APT;Filial
SFS;E239;14/04/2026;7724;24/04/2026;168;APT;Filial
SFS;E270;14/04/2026;8035;23/04/2026;140;APT;Filial
SFS;E215;14/04/2026;7340;27/04/2026;109;APT;Filial
SFS;E276;14/04/2026;8035;24/04/2026;144;APT;Filial
SFS;R041;24/04/2026;6297;24/04/2026;44;APT;Filial
SFS;R008;24/04/2026;6257;24/04/2026;44;APT;Filial
SFS;R050;24/04/2026;6377;24/04/2026;44;APT;Filial
SFS;R051;24/04/2026;6377;24/04/2026;44;APT;Filial
SFS;R073;24/04/2026;6377;24/04/2026;44;APT;Filial
SFS;R060;24/04/2026;6377;24/04/2026;44;APT;Filial
SFS;R028;24/04/2026;6377;24/04/2026;44;APT;Filial
SFS;R018;24/04/2026;6400;24/04/2026;44;APT;Filial
SFS;R011;24/04/2026;6400;24/04/2026;44;APT;Filial
SFS;E205;16/04/2026;7948;27/04/2026;178;APT;Filial
SFS;E336;16/04/2026;7902;27/04/2026;141;APT;Filial
SFS;R104;27/04/2026;6500;27/04/2026;46;APT;Filial
SFS;R012;27/04/2026;6500;27/04/2026;46;APT;Filial
SFS;R030;27/04/2026;6500;27/04/2026;46;APT;Filial
SFS;R025;27/04/2026;6500;27/04/2026;46;APT;Filial
SFS;R017;27/04/2026;6500;27/04/2026;46;APT;Filial
SFS;R128;27/04/2026;6500;27/04/2026;46;APT;Filial
SFS;R129;27/04/2026;7500;27/04/2026;46;APT;Filial
SFS;E458;16/04/2026;2543;27/04/2026;142;APT;Filial
SFS;E456;16/04/2026;2509;27/04/2026;142;APT;Filial
SFS;R143;23/04/2026;11820;23/04/2026;140;APT;Filial
SFS;R142;23/04/2026;11831;23/04/2026;140;APT;Filial
SFS;R141;23/04/2026;15549;23/04/2026;140;APT;Filial
SFS;R144;28/04/2026;15120;28/04/2026;100;APT;Filial
SFS;R145;28/04/2026;11340;28/04/2026;87;APT;Filial
SFS;R146;28/04/2026;11340;28/04/2026;90;APT;Filial
SFS;E335 ;13/03/2026;6866;29/04/2026;46;APT;Filial
SFS;E482;13/03/2026;4927;28/04/2026;88;APT;Filial
SFS;E264;13/03/2026;7545;28/04/2026;98;APT;Filial
SFS;E248;13/03/2026;5973;29/04/2026;109;APT;Filial
SFS;E221;10/03/2026;7442;28/04/2026;64;APT;Filial
SFS;E271;10/03/2026;7649;29/04/2026;86;APT;Filial
SFS;E350;10/03/2026;7712;29/04/2026;61;APT;Filial
SFS;E320;13/03/2026;7449;29/04/2026;56;APT;Filial
SFS;E459;13/03/2026;2323;29/04/2026;79;APT;Filial
SFS;E460;10/03/2026;3150;29/04/2026;74;APT;Filial
SFS;E486;13/03/2026;2759;29/04/2026;74;APT;Filial
VILMAR ROECKER - 210;TQ04PR;09/09/2025;95000;26/03/2026;740;ITA;Integ
19081-FAZENDA MAR E TERRA - 201;TQ04;25/03/2026;120772;24/03/2026;32;ITA;Filial
19081-FAZENDA MAR E TERRA - 201;TQ21;19/03/2026;69141;30/04/2026;369;ITA;Filial
19081-FAZENDA MAR E TERRA - 201;TQ12SL;16/03/2026;54976;30/04/2026;315;ITA;Filial
19081-FAZENDA MAR E TERRA - 201;TQ02ILA;10/03/2026;18603;30/04/2026;359;ITA;Filial
19081-FAZENDA MAR E TERRA - 201;TQ24;09/03/2026;133724;30/04/2026;268;ITA;Filial
19081-FAZENDA MAR E TERRA - 201;TQ11SL;05/03/2026;29994;30/04/2026;268;ITA;Filial
19081-FAZENDA MAR E TERRA - 201;B2ILA;26/02/2026;98229;29/04/2026;86;ITA;Filial
19081-FAZENDA MAR E TERRA - 201;TQ15-LON;25/07/2025;23812;30/04/2026;146;ITA;Filial
19081-FAZENDA MAR E TERRA - 201;TQ25;23/02/2026;93920;30/04/2026;262;ITA;Filial
19081-FAZENDA MAR E TERRA - 201;TQ17-LON;28/07/2025;24173;29/04/2026;69;ITA;Filial
19081-FAZENDA MAR E TERRA - 201;TQ18;18/02/2026;45000;23/03/2026;272;ITA;Filial
19081-FAZENDA MAR E TERRA - 201;TQ07;22/01/2026;99098;23/03/2026;290;ITA;Filial
19081-FAZENDA MAR E TERRA - 201;TQ18-LON;05/05/2026;29799;29/04/2026;195;ITA;Filial
19081-FAZENDA MAR E TERRA - 201;TQ-03;16/01/2026;278758;23/03/2026;124;ITA;Filial
19081-FAZENDA MAR E TERRA - 201;TQ20;16/01/2026;41879;29/04/2026;100;ITA;Filial
19081-FAZENDA MAR E TERRA - 201;TQ19-LON;18/08/2025;23630;23/04/2026;368;ITA;Filial
19081-FAZENDA MAR E TERRA - 201;TQ20-LON;01/09/2025;26306;24/04/2026;665;ITA;Filial
19081-FAZENDA MAR E TERRA - 201;TQ14;27/12/2025;114383;30/04/2026;731;ITA;Filial
19081-FAZENDA MAR E TERRA - 201;TQ12;20/12/2025;109668;30/04/2026;138;ITA;Filial
19081-FAZENDA MAR E TERRA - 201;TQ16SL;19/12/2025;32376;23/04/2026;471;ITA;Filial
19081-FAZENDA MAR E TERRA - 201;TQ07PR;26/02/2026;90000;08/04/2026;121;ITA;Filial
19081-FAZENDA MAR E TERRA - 201;TQ04PR;26/02/2026;117000;08/04/2026;142;ITA;Filial
19081-FAZENDA MAR E TERRA - 201;TQ15SL;18/12/2025;32405;26/02/2026;26;ITA;Filial
19081-FAZENDA MAR E TERRA - 201;TQ32-LON;12/12/2025;29294;29/04/2026;150;ITA;Filial
19081-FAZENDA MAR E TERRA - 201;TQ34-LON;12/12/2025;30648;23/04/2026;639;ITA;Filial
19081-FAZENDA MAR E TERRA - 201;TQ42PR;25/02/2026;550000;25/02/2026;1;ITA;Filial
19081-FAZENDA MAR E TERRA - 201;TQ01PR;10/02/2026;45000;10/02/2026;150;ITA;Filial
19081-FAZENDA MAR E TERRA - 201;TQ02PR;23/01/2026;129821;25/03/2026;246;ITA;Filial
19081-FAZENDA MAR E TERRA - 201;TQ05PR;30/12/2025;47000;21/04/2026;810;ITA;Filial
19081-FAZENDA MAR E TERRA - 201;TQ03PR;10/11/2025;90000;08/04/2026;325;ITA;Filial
19081-FAZENDA MAR E TERRA - 201;TQ05;21/04/2026;220000;29/04/2026;2;ITA;Filial
19081-FAZENDA MAR E TERRA - 201;TQ17;18/04/2026;103183;29/04/2026;76;ITA;Filial
19081-FAZENDA MAR E TERRA - 201;TQ02.A;09/04/2026;400000;29/04/2026;4;ITA;Filial
19081-FAZENDA MAR E TERRA - 201;TQ02.B;31/03/2026;405000;29/04/2026;7;ITA;Filial
19081-FAZENDA MAR E TERRA - 201;TQ34;31/03/2026;27000;29/04/2026;114;ITA;Filial
19081-FAZENDA MAR E TERRA - 201;TQ09;24/09/2025;103477;30/04/2026;972;ITA;Filial
19081-FAZENDA MAR E TERRA - 201;TQ15;17/09/2025;91097;23/04/2026;681;ITA;Filial
19081-FAZENDA MAR E TERRA - 201;TQ13;27/05/2025;75218;29/04/2026;789;ITA;Filial
28557-FAZENDA SÓ PEIXE - 201;TQ26PR;25/02/2026;75000;25/02/2026;1;ITA;Filial
28557-FAZENDA SÓ PEIXE - 201;TQ20;18/02/2026;48900;29/04/2026;593;ITA;Filial
28557-FAZENDA SÓ PEIXE - 201;TQ21;11/02/2026;225000;29/04/2026;741;ITA;Filial
28557-FAZENDA SÓ PEIXE - 201;TQ30;14/11/2025;162000;30/04/2026;719;ITA;Filial
28557-FAZENDA SÓ PEIXE - 201;TQ04PR;14/11/2025;25375;30/03/2026;584;ITA;Filial
28557-FAZENDA SÓ PEIXE - 201;TQ16;29/10/2025;116071;29/04/2026;156;ITA;Filial
28557-FAZENDA SÓ PEIXE - 201;TQ04SP;23/04/2026;34969;29/04/2026;210;ITA;Filial
28557-FAZENDA SÓ PEIXE - 201;TQ07SP;01/04/2026;29968;29/04/2026;213;ITA;Filial
28557-FAZENDA SÓ PEIXE - 201;TQ11SP;31/03/2026;38910;29/04/2026;245;ITA;Filial
28557-FAZENDA SÓ PEIXE - 201;"TQ03SP	";30/03/2026;19150;29/04/2026;310;ITA;Filial
28557-FAZENDA SÓ PEIXE - 201;TQ05SP;02/06/2025;29318;23/04/2026;846;ITA;Filial
28557-FAZENDA SÓ PEIXE - 201;TQ06SP;02/06/2025;33441;29/04/2026;702;ITA;Filial
28557-FAZENDA SÓ PEIXE - 201;TQ12SP;24/02/2025;14686;29/04/2026;791;ITA;Filial
02352-ANDRE ALVES DE OLIVEIRA - 210;AAO09;17/02/2026;79335;29/04/2026;141;ITA;Integ
02352-ANDRE ALVES DE OLIVEIRA - 210;AAO04;07/04/2026;377169;07/04/2026;75;ITA;Integ
19130-FAZENDA ANNALU - 200;TQ01;08/12/2025;68623;23/04/2026;538;ITA;Integ
19130-FAZENDA ANNALU - 200;AN02.11;16/09/2025;62977;30/04/2026;923;ITA;Integ
23150-FAZENDA SONHO MAGICO - 200;TQ02PR;20/03/2026;45443;21/04/2026;220;ITA;Integ
23150-FAZENDA SONHO MAGICO - 200;TQ08SL;23/03/2026;12155;29/04/2026;87;ITA;Integ
23150-FAZENDA SONHO MAGICO - 200;TQ05SL;20/03/2026;34733;29/04/2026;362;ITA;Integ
23150-FAZENDA SONHO MAGICO - 200;TQ22;16/03/2026;252000;29/04/2026;270;ITA;Integ
23150-FAZENDA SONHO MAGICO - 200;TQ31;07/03/2026;297800;23/04/2026;497;ITA;Integ
23150-FAZENDA SONHO MAGICO - 200;TQ13SP;18/02/2026;48421;23/04/2026;602;ITA;Integ
23150-FAZENDA SONHO MAGICO - 200;TQ10ILA;10/02/2026;68529;29/04/2026;438;ITA;Integ
23150-FAZENDA SONHO MAGICO - 200;TQ16;06/02/2026;70611;29/04/2026;138;ITA;Integ
23150-FAZENDA SONHO MAGICO - 200;TQ01SP;04/02/2026;13190;29/04/2026;130;ITA;Integ
23150-FAZENDA SONHO MAGICO - 200;TQ27;20/12/2025;152505;30/04/2026;167;ITA;Integ
23150-FAZENDA SONHO MAGICO - 200;TQ27-LON;09/12/2025;28814;29/04/2026;114;ITA;Integ
23150-FAZENDA SONHO MAGICO - 200;TQ31-LON;11/12/2025;29409;21/04/2026;563;ITA;Integ
23150-FAZENDA SONHO MAGICO - 200;TQ27;30/04/2026;90000;30/04/2026;1;ITA;Integ
23150-FAZENDA SONHO MAGICO - 200;TQ26;30/04/2026;100000;30/04/2026;1;ITA;Integ
23150-FAZENDA SONHO MAGICO - 200;TQ25;30/04/2026;60000;30/04/2026;1;ITA;Integ
23150-FAZENDA SONHO MAGICO - 200;TQ24;30/04/2026;45000;30/04/2026;1;ITA;Integ
23150-FAZENDA SONHO MAGICO - 200;TQ15;16/04/2026;75797;30/04/2026;55;ITA;Integ
23150-FAZENDA SONHO MAGICO - 200;TQ-10;16/04/2026;63251;30/04/2026;60;ITA;Integ
23150-FAZENDA SONHO MAGICO - 200;TQ-03;15/04/2026;23276;30/04/2026;169;ITA;Integ
23150-FAZENDA SONHO MAGICO - 200;TQ-02;15/04/2026;22528;30/04/2026;194;ITA;Integ
23150-FAZENDA SONHO MAGICO - 200;TQ17;10/04/2026;83624;30/04/2026;160;ITA;Integ
23150-FAZENDA SONHO MAGICO - 200;TQ13;09/04/2026;57959;30/04/2026;168;ITA;Integ
23150-FAZENDA SONHO MAGICO - 200;TQ-05;23/10/2025;52338;15/04/2026;833;ITA;Integ
23150-FAZENDA SONHO MAGICO - 200;TQ-07;03/10/2025;86696;23/04/2026;875;ITA;Integ
23259-FAZENDA SANTA ILDA - 204;TQ01PR;02/03/2026;74700;06/04/2026;390;ITA;Integ
23259-FAZENDA SANTA ILDA - 204;TQ04ILA;09/03/2026;63035;24/04/2026;76;ITA;Integ
23259-FAZENDA SANTA ILDA - 204;TQ28PR;09/02/2026;70000;26/02/2026;6;ITA;Integ
23259-FAZENDA SANTA ILDA - 204;TQ01RB;06/03/2026;46567;29/04/2026;289;ITA;Integ
23259-FAZENDA SANTA ILDA - 204;TQ13-LON;02/04/2026;29115;30/04/2026;331;ITA;Integ
23259-FAZENDA SANTA ILDA - 204;TQ35;26/02/2026;49500;29/04/2026;869;ITA;Integ
23259-FAZENDA SANTA ILDA - 204;TQ14-LON;21/07/2025;25527;29/04/2026;119;ITA;Integ
23259-FAZENDA SANTA ILDA - 204;TQ28;04/02/2026;225000;08/04/2026;272;ITA;Integ
23259-FAZENDA SANTA ILDA - 204;TQ04NA;03/02/2026;50622;29/04/2026;480;ITA;Integ
23259-FAZENDA SANTA ILDA - 204;TQ08SP;03/02/2026;38704;30/04/2026;392;ITA;Integ
23259-FAZENDA SANTA ILDA - 204;TQ03RB;28/01/2026;47062;24/04/2026;497;ITA;Integ
23259-FAZENDA SANTA ILDA - 204;TQ24-LON;09/12/2025;17858;29/04/2026;460;ITA;Integ
23259-FAZENDA SANTA ILDA - 204;TQ02;08/01/2026;96982;23/04/2026;612;ITA;Integ
23259-FAZENDA SANTA ILDA - 204;TQ23;07/01/2026;140000;24/04/2026;150;ITA;Integ
23259-FAZENDA SANTA ILDA - 204;TQ29-LON;14/10/2025;26316;30/04/2026;482;ITA;Integ
23259-FAZENDA SANTA ILDA - 204;TQ30-LON;09/12/2025;28960;30/04/2026;532;ITA;Integ
23259-FAZENDA SANTA ILDA - 204;TQ33;05/12/2025;63901;23/04/2026;88;ITA;Integ
23259-FAZENDA SANTA ILDA - 204;TQ07;28/11/2025;47005;23/04/2026;572;ITA;Integ
23259-FAZENDA SANTA ILDA - 204;TQ10;27/11/2025;121379;23/04/2026;93;ITA;Integ
23259-FAZENDA SANTA ILDA - 204;TQ-06;20/11/2025;54774;29/04/2026;520;ITA;Integ
23259-FAZENDA SANTA ILDA - 204;TQ08;07/11/2025;73284;23/04/2026;508;ITA;Integ
23259-FAZENDA SANTA ILDA - 204;TQ02NA;11/01/2026;70396;08/04/2026;515;ITA;Integ
23259-FAZENDA SANTA ILDA - 204;TQ03PR;08/01/2026;136125;25/03/2026;216;ITA;Integ
23259-FAZENDA SANTA ILDA - 204;TQ04PR;30/12/2025;53000;21/04/2026;665;ITA;Integ
23259-FAZENDA SANTA ILDA - 204;TQ03PR;30/12/2025;70000;21/04/2026;895;ITA;Integ
23259-FAZENDA SANTA ILDA - 204;TQ03PR;12/12/2025;50000;30/03/2026;170;ITA;Integ
23259-FAZENDA SANTA ILDA - 204;TQ01PR;25/11/2025;80000;23/04/2026;294;ITA;Integ
23259-FAZENDA SANTA ILDA - 204;TQ01PM;20/11/2025;80000;06/04/2026;960;ITA;Integ
23259-FAZENDA SANTA ILDA - 204;TQ06PR;17/11/2025;22908;30/03/2026;675;ITA;Integ
23259-FAZENDA SANTA ILDA - 204;TQ02-LON;29/04/2026;89959;05/05/2026;226;ITA;Integ
23259-FAZENDA SANTA ILDA - 204;TQ03-LON;15/01/2026;146708;04/05/2026;221;ITA;Integ
23259-FAZENDA SANTA ILDA - 204;TQ04-LON;15/01/2026;149878;23/04/2026;447;ITA;Integ
23259-FAZENDA SANTA ILDA - 204;TQ06-LON;02/04/2026;8812;29/04/2026;87;ITA;Integ
23259-FAZENDA SANTA ILDA - 204;TQ07-LON;07/03/2026;31718;23/04/2026;212;ITA;Integ
23259-FAZENDA SANTA ILDA - 204;TQ08-LON;09/06/2025;10582;23/04/2026;216;ITA;Integ
23259-FAZENDA SANTA ILDA - 204;TQ09-LON;08/10/2025;25533;23/04/2026;275;ITA;Integ
23259-FAZENDA SANTA ILDA - 204;TQ10-LON;04/05/2026;28326;23/04/2026;254;ITA;Integ
23259-FAZENDA SANTA ILDA - 204;TQ11-LON;15/01/2026;90499;23/04/2026;275;ITA;Integ
23259-FAZENDA SANTA ILDA - 204;TQ35-LON;13/01/2026;30462;23/04/2026;741;ITA;Integ
23259-FAZENDA SANTA ILDA - 204;TQ36-LON;02/04/2026;7417;30/04/2026;897;ITA;Integ
23259-FAZENDA SANTA ILDA - 204;TQ37-LON;07/04/2026;8362;29/04/2026;869;ITA;Integ
23259-FAZENDA SANTA ILDA - 204;TQ38-LON;06/04/2026;9987;29/04/2026;836;ITA;Integ
23259-FAZENDA SANTA ILDA - 204;TQ40-LON;24/02/2026;10041;06/04/2026;747;ITA;Integ
23259-FAZENDA SANTA ILDA - 204;TQ42-LON;19/02/2026;7989;23/04/2026;907;ITA;Integ
23259-FAZENDA SANTA ILDA - 204;TQ43-LON;25/02/2026;3367;30/04/2026;891;ITA;Integ
23259-FAZENDA SANTA ILDA - 204;TQ44-LON;16/01/2026;9771;23/04/2026;655;ITA;Integ
23259-FAZENDA SANTA ILDA - 204;TQ45-LON;20/02/2026;26622;23/04/2026;609;ITA;Integ
23259-FAZENDA SANTA ILDA - 204;TQ46-LON;28/02/2026;32396;24/04/2026;1028;ITA;Integ
23259-FAZENDA SANTA ILDA - 204;TQ47-LON;30/04/2026;25489;23/04/2026;709;ITA;Integ
23518-PISCICULTURA RIZZI - 200;TQ16-LON;13/12/2025;28937;29/04/2026;501;ITA;Integ
23518-PISCICULTURA RIZZI - 200;TQ03;07/02/2026;125923;29/04/2026;200;ITA;Integ
23518-PISCICULTURA RIZZI - 200;TQ-01;31/03/2026;249560;24/04/2026;62;ITA;Integ
24939-FAZENDA SÃO LUCAS - 201;TQ01ILA;24/03/2026;170000;29/04/2026;175;ITA;Integ
24939-FAZENDA SÃO LUCAS - 201;TQ-01;23/03/2026;24300;29/04/2026;119;ITA;Integ
24939-FAZENDA SÃO LUCAS - 201;TQ14;17/03/2026;75021;29/04/2026;243;ITA;Integ
24939-FAZENDA SÃO LUCAS - 201;TQ12-LON;09/06/2025;23604;29/04/2026;681;ITA;Integ
24939-FAZENDA SÃO LUCAS - 201;TQ29;24/02/2026;270000;29/04/2026;765;ITA;Integ
24939-FAZENDA SÃO LUCAS - 201;TQ21-LON;08/10/2025;18593;29/04/2026;574;ITA;Integ
24939-FAZENDA SÃO LUCAS - 201;TQ03;14/01/2026;101963;29/04/2026;629;ITA;Integ
24939-FAZENDA SÃO LUCAS - 201;TQ28-LON;16/05/2025;17099;30/04/2026;702;ITA;Integ
24939-FAZENDA SÃO LUCAS - 201;TQ09ILA;04/12/2025;86310;30/04/2026;688;ITA;Integ
24939-FAZENDA SÃO LUCAS - 201;TQ03PR;25/11/2025;70000;23/04/2026;391;ITA;Integ
24939-FAZENDA SÃO LUCAS - 201;TQ02PM;20/11/2025;88889;06/04/2026;920;ITA;Integ
24939-FAZENDA SÃO LUCAS - 201;TQ07SL;08/04/2026;11955;30/04/2026;232;ITA;Integ
24939-FAZENDA SÃO LUCAS - 201;TQ03SL;15/10/2025;22159;30/04/2026;953;ITA;Integ
24939-FAZENDA SÃO LUCAS - 201;TQ01SL;28/08/2025;29923;23/04/2026;843;ITA;Integ
24939-FAZENDA SÃO LUCAS - 201;TQ04SL;21/07/2025;25959;30/04/2026;911;ITA;Integ
24939-FAZENDA SÃO LUCAS - 201;TQ02SL;09/07/2025;29501;23/04/2026;883;ITA;Integ
27057-ILÁRIO VANZIN - 200;TQ09PR;24/03/2026;220000;24/03/2026;4;ITA;Integ
27057-ILÁRIO VANZIN - 200;TQ12;16/03/2026;80132;23/04/2026;654;ITA;Integ
27057-ILÁRIO VANZIN - 200;TQ19;10/03/2026;53183;23/04/2026;558;ITA;Integ
27057-ILÁRIO VANZIN - 200;TQ03ILA;10/03/2026;23811;23/04/2026;568;ITA;Integ
27057-ILÁRIO VANZIN - 200;TQ19;05/03/2026;86987;23/04/2026;548;ITA;Integ
27057-ILÁRIO VANZIN - 200;TQ26;21/02/2026;96248;23/04/2026;615;ITA;Integ
27057-ILÁRIO VANZIN - 200;TQ6B;30/12/2025;225000;23/04/2026;562;ITA;Integ
27057-ILÁRIO VANZIN - 200;TQ07ILA;27/04/2026;47000;27/04/2026;36;ITA;Integ
27057-ILÁRIO VANZIN - 200;TQ05ILA;06/04/2026;43642;06/04/2026;80;ITA;Integ
27057-ILÁRIO VANZIN - 200;B1ILA;02/04/2026;100000;02/04/2026;1;ITA;Integ
27354-PISCICULTURA JATOBA - 200;TQ01PR;23/01/2026;29567;25/03/2026;206;ITA;Integ
27354-PISCICULTURA JATOBA - 200;TQ01PR;12/12/2025;30000;30/03/2026;207;ITA;Integ
27354-PISCICULTURA JATOBA - 200;TQ-11;30/01/2026;49973;23/04/2026;597;ITA;Integ
27354-PISCICULTURA JATOBA - 200;TQ22;16/01/2026;25689;29/04/2026;724;ITA;Integ
27354-PISCICULTURA JATOBA - 200;TQ01;30/12/2025;64000;29/04/2026;242;ITA;Integ
27354-PISCICULTURA JATOBA - 200;TQ11;30/12/2025;67000;21/04/2026;746;ITA;Integ
27354-PISCICULTURA JATOBA - 200;TQ06;24/12/2025;51152;29/04/2026;901;ITA;Integ
27354-PISCICULTURA JATOBA - 200;TQ05;13/10/2025;87735;29/04/2026;571;ITA;Integ
30664-MAURI MAZUREK NUCLEO 01;TQ04PR;07/11/2025;150000;02/04/2026;403;ITA;Integ
30664-MAURI MAZUREK NUCLEO 01;SAP01;12/04/2025;1723;12/04/2025;182;ITA;Integ
33444-FAZENDA RIO BRILHANTE - 207;TQ03NA;08/03/2026;160805;08/04/2026;151;ITA;Integ
33444-FAZENDA RIO BRILHANTE - 207;TQ-02;10/02/2026;359043;29/04/2026;904;ITA;Integ
33444-FAZENDA RIO BRILHANTE - 207;TQ04;27/11/2025;110939;29/04/2026;774;ITA;Integ
33444-FAZENDA RIO BRILHANTE - 207;TQ02RB;25/07/2025;68292;23/04/2026;916;ITA;Integ
GERALDO ZIMMERMANN - 210;TQ03PR;09/09/2025;50000;06/04/2026;400;ITA;Integ
LARISSA FERNANDA BECKER TETUI ROVERSI - 210;TQ04PR;09/04/2026;300000;09/04/2026;1;ITA;Integ
LARISSA FERNANDA BECKER TETUI ROVERSI - 210;TQ03PR;27/03/2026;90000;27/03/2026;50;ITA;Integ
LARISSA FERNANDA BECKER TETUI ROVERSI - 210;TQ02PR;27/03/2026;90000;27/03/2026;50;ITA;Integ
LUCAS HENRIQUE DE SOUZA - 210;TQ02PR;27/10/2025;250000;13/04/2026;628;ITA;Integ
LUCAS HENRIQUE DE SOUZA - 210;TQ01PR;09/09/2025;58000;13/04/2026;750;ITA;Integ
LUIZ ROBERTO COSTA - 210;TQ05PR;09/09/2025;70000;23/04/2026;887;ITA;Integ
LUIZ ROBERTO COSTA - 210;TQ04PR;09/09/2025;70000;23/04/2026;581;ITA;Integ
LUIZ ROBERTO COSTA - 210;TQ02PR;09/09/2025;70000;23/04/2026;899;ITA;Integ
PIETRO MATHEUS ALVES PASQUALI - 210;TQ01PR;30/03/2026;262180;15/04/2026;118;ITA;Integ
RAPHAEL PALU ALVES - 210;TQ01PR;30/04/2026;300000;30/04/2026;1;ITA;Integ
RAPHAEL PALU ALVES - 210;TQ03PR;09/09/2025;40000;02/04/2026;1034;ITA;Integ
VILMAR ROECKER - 210;TQ02PR;09/09/2025;120000;26/03/2026;650;ITA;Integ
VILMAR ROECKER - 210;TQ01PR;09/09/2025;150000;26/03/2026;750;ITA;Integ
WAGNER RENAN RIBEIRO - 210;TQ11PR;01/04/2026;100000;01/04/2026;1;ITA;Integ
WAGNER RENAN RIBEIRO - 210;TQ02PR;24/10/2025;46102;30/03/2026;622;ITA;Integ
WAGNER RENAN RIBEIRO - 210;TQ07PR;24/10/2025;11866;30/03/2026;657;ITA;Integ
WAGNER RENAN RIBEIRO - 210;TQ05PR;24/10/2025;7946;30/03/2026;800;ITA;Integ
WAGNER RENAN RIBEIRO - 210;TQ08PR;24/10/2025;11717;30/03/2026;564;ITA;Integ
WELITON BARRANKIEVCZ - 210;TQ06PR;27/04/2026;350000;27/04/2026;7;ITA;Integ
WELITON BARRANKIEVCZ - 210;TQ08PR;09/09/2025;90000;08/04/2026;810;ITA;Integ
WELITON BARRANKIEVCZ - 210;TQ5PR;09/09/2025;130000;08/04/2026;785;ITA;Integ
