Regiao;Classe;Produtor;Tanque;Data Despesca;Quantidade de Peixes (und);Peso Medio (g);Biomassa (kg);Consumo de Racao Total (kg);TCA;Mortalidade Total (und);Sobrevivencia Total (%)
APT;Próprio;SFS;E250;03/01/2025;3573;932;3330;3880,9;1,22;1994;64,18%
APT;Próprio;SFS;E241;03/01/2025;4131;910,2;3760;5136,9;1,44;2027;67,08%
APT;Próprio;SFS;E261;04/01/2025;4086;952;3890;4002,4;1,07;1096;78,85%
APT;Próprio;SFS;E261;04/01/2025;1670;952;1589,8;3102,9;2,1;2347;41,56%
APT;Próprio;SFS;E250;04/01/2025;1373;932;1279,6;1769,4;1,46;1165;54,09%
APT;Próprio;SFS;E270;04/01/2025;1099;928,1;1020;1135,3;1,15;546;66,80%
APT;Próprio;SFS;E265;04/01/2025;5532;911;5039,7;6483,6;1,35;2853;65,97%
APT;Próprio;SFS;E254;04/01/2025;5500;880;4840;6657,4;1,44;3817;59,03%
APT;Próprio;SFS;E300;06/01/2025;5635;905;5099,7;7597,2;1,57;5873;48,97%
APT;Próprio;SFS;E296;07/01/2025;3540;918,1;3250;4715,1;1,54;4702;42,95%
APT;Próprio;SFS;E312;07/01/2025;3085;901;2779,6;3982,3;1,55;6400;32,52%
APT;Próprio;SFS;E302;07/01/2025;5679;889,2;5050;7383,8;1,55;6821;45,43%
APT;Próprio;SFS;E296;08/01/2025;1067;918,5;980;1557,8;1,69;1657;39,17%
APT;Próprio;SFS;E309;08/01/2025;1644;900,2;1480;1948;1,43;3589;31,42%
APT;Próprio;SFS;E304;08/01/2025;5215;880,1;4590;6919,2;1,58;4449;53,96%
APT;Próprio;SFS;E322;08/01/2025;5439;862,3;4690;7004;1,6;5569;49,41%
APT;Próprio;SFS;E331 SFS;08/01/2025;3921;841,6;3300;4770,3;1,59;8457;31,68%
APT;Próprio;SFS;E310;09/01/2025;2328;910,7;2120;4010,7;2,02;3839;37,75%
APT;Próprio;SFS;E309;09/01/2025;2221;900,5;2000;2866,2;1,57;5479;28,84%
APT;Próprio;SFS;E310;10/01/2025;3198;910;2910,2;3368;1,22;3229;49,76%
APT;Próprio;SFS;E294;10/01/2025;5086;865,1;4400;6326,1;1,52;5624;47,48%
APT;Próprio;SFS;E314;15/01/2025;6416;840,1;5390,3;7244,8;1,44;8529;42,93%
APT;Próprio;SFS;E313;15/01/2025;4900;800;3920;4489,7;1,25;8004;37,97%
APT;Próprio;SFS;E324;16/01/2025;4909;935;4589,9;6682,7;1,54;6303;43,78%
APT;Próprio;SFS;E336 SFS;16/01/2025;1165;892,7;1040;1035,2;1,06;1017;53,37%
APT;Próprio;SFS;E330 SFS;16/01/2025;5153;848;4369,7;6184,8;1,52;7230;41,61%
APT;Próprio;SFS;E342 SFS;16/01/2025;4137;805;3330,3;4381,2;1,43;5408;43,34%
APT;Próprio;SFS;E323;16/01/2025;4443;799;3550;4686,1;1,46;7069;38,59%
APT;Próprio;SFS;E316;17/01/2025;5430;989;5370,3;8067,1;1,61;8087;40,17%
APT;Próprio;SFS;E336 SFS;17/01/2025;3890;892;3469,9;5186,8;1,64;7045;35,57%
APT;Próprio;SFS;E318;17/01/2025;1882;887,4;1670;3104,3;1,99;2567;42,30%
APT;Próprio;SFS;E318;17/01/2025;3979;887,3;3530,8;4555,8;1,36;3767;51,37%
APT;Próprio;SFS;E308;17/01/2025;4457;884;3940;5734,7;1,57;8713;33,84%
APT;Próprio;SFS;E270;18/01/2025;3717;928;3449,4;4405,7;1,32;2589;58,94%
APT;Próprio;SFS;E259;18/01/2025;4094;906,2;3710;3754,6;1,05;1150;78,06%
APT;Próprio;SFS;E259;18/01/2025;1722;906,2;1560,5;2891,5;2;2317;42,63%
APT;Próprio;SFS;E326;18/01/2025;4218;901;3800,4;4956,1;1,42;6641;38,84%
APT;Próprio;SFS;E307;18/01/2025;4152;884;3670,4;4699;1,35;4550;47,71%
APT;Próprio;SFS;E257;20/01/2025;3602;891,1;3209,7;4392,1;1,44;2189;62,20%
APT;Próprio;SFS;E257;20/01/2025;2997;890,9;2670;3504,7;1,38;1625;64,84%
APT;Próprio;SFS;E258;20/01/2025;6091;875;5329,6;6853;1,36;4754;56,16%
APT;Próprio;SFS;E255;20/01/2025;4429;858;3800;4586,1;1,27;2362;65,22%
APT;Próprio;SFS;E274;21/01/2025;6289;962;6050;7611,6;1,33;7749;44,80%
APT;Próprio;SFS;E277;21/01/2025;6623;909;6020,3;7331,3;1,29;7698;46,24%
APT;Próprio;SFS;E255;21/01/2025;1783;858;1529,8;2223,3;1,55;1509;54,16%
APT;Próprio;SFS;E276;21/01/2025;1656;851,4;1410;1635,7;1,22;1431;53,63%
APT;Próprio;SFS;E276;21/01/2025;4500;851,1;3830;5465;1,52;5817;43,62%
APT;Próprio;SFS;E253;21/01/2025;6171;820;5060,2;6268,7;1,29;3120;66,41%
APT;Próprio;SFS;E264;22/01/2025;4897;923;4519,9;5576,1;1,3;2795;63,66%
APT;Próprio;SFS;E293;22/01/2025;2378;904,1;2150;3276,2;1,58;2283;51,02%
APT;Próprio;SFS;E267;22/01/2025;6284;880;5529,9;7722,1;1,43;3427;64,71%
APT;Próprio;SFS;E273;23/01/2025;6329;948;5999,9;7827,7;1,37;4341;59,31%
APT;Próprio;SFS;E293;23/01/2025;3949;904;3569,9;4141,8;1,2;2886;57,77%
APT;Próprio;SFS;E287;24/01/2025;5630;943,2;5310;5741,3;1,12;3161;64,04%
APT;Próprio;SFS;E287;24/01/2025;509;943,2;480,1;1428,7;3,31;1678;23,27%
APT;Próprio;SFS;E295;24/01/2025;4451;930,1;4140;4899,9;1,25;5226;45,99%
APT;Próprio;SFS;E297;24/01/2025;2400;900;2160;3018,7;1,49;3492;40,73%
APT;Próprio;SFS;E266;24/01/2025;5617;899;5049,7;6738,7;1,37;3971;58,58%
APT;Próprio;SFS;E290;24/01/2025;6602;889,1;5870;8925,3;1,57;4304;60,53%
APT;Próprio;SFS;E262;27/01/2025;6033;978;5900,3;7245,4;1,28;3209;65,27%
APT;Próprio;SFS;E297;27/01/2025;2288;900;2059,2;2825,9;1,46;3236;41,42%
APT;Próprio;SFS;E301;27/01/2025;4577;863;3950;5007,9;1,37;8306;35,53%
APT;Próprio;SFS;E311;28/01/2025;3589;991,9;3560;3824,6;1,15;5121;41,20%
APT;Próprio;SFS;E327;28/01/2025;4082;931;3800,3;5489,2;1,58;7904;34,06%
APT;Próprio;SFS;E325;28/01/2025;2522;880,3;2220;2717,8;1,31;2681;48,47%
APT;Próprio;SFS;E305;28/01/2025;4068;858;3490,3;4857,3;1,48;5051;44,61%
APT;Próprio;QTR;E256;30/01/2025;6027;730;4399,7;6288,8;1,82;13179;31,38%
APT;Próprio;SFS;E285;03/02/2025;4215;1020,2;4300;4038,7;0,97;1829;69,74%
APT;Próprio;SFS;E285;03/02/2025;1275;1020;1300,5;3948,3;3,44;4635;21,57%
APT;Próprio;SFS;E299;03/02/2025;1817;985,1;1790;1892,8;1,11;2016;47,40%
APT;Próprio;SFS;E311;03/02/2025;535;915,9;490;1311,2;3,18;2450;17,92%
APT;Próprio;SFS;E325;03/02/2025;2522;880,2;2220;3168,7;1,55;3547;41,55%
APT;Próprio;SFS;E299;05/02/2025;2477;985;2439,9;3672,3;1,62;4962;33,30%
APT;Próprio;SFS;E328;05/02/2025;1369;971,5;1330;2110,8;1,69;1484;47,98%
APT;Próprio;SFS;E256;05/02/2025;4313;925,1;3990;5584,1;1,48;5209;45,29%
APT;Próprio;SFS;E260;05/02/2025;5200;898;4669,6;5687;1,29;4388;54,23%
APT;Próprio;SFS;E298;05/02/2025;5822;888;5169,9;7496,8;1,53;6072;48,95%
APT;Próprio;SFS;E340 SFS;06/02/2025;1718;995,3;1710;1637,3;1,02;1652;50,96%
APT;Próprio;SFS;E328;06/02/2025;4119;971;3999,6;6202,8;1,65;4497;47,81%
APT;Próprio;SFS;E339 SFS;06/02/2025;3887;962,2;3740;5437,1;1,59;5652;40,75%
APT;Próprio;SFS;E329 SFS;06/02/2025;3986;908,2;3620;5917,1;1,77;8199;32,71%
APT;Próprio;SFS;E321;06/02/2025;3635;850;3089,8;4352,4;1,53;6446;36,06%
APT;Próprio;SFS;E315;07/02/2025;1811;1010,5;1830;2488,8;1,49;4164;30,31%
APT;Próprio;SFS;E315;07/02/2025;2237;1010,5;2260,5;3015,2;1,46;5044;30,72%
APT;Próprio;SFS;E340 SFS;07/02/2025;1788;995,5;1780;3648,1;2,38;5723;23,80%
APT;Próprio;SFS;E317;07/02/2025;4540;947,1;4300;6094,4;1,52;8006;36,18%
APT;Próprio;SFS;E320;07/02/2025;1576;920,1;1450;2001,5;1,5;3180;33,13%
APT;Próprio;SFS;E263;07/02/2025;5239;878;4599,8;6394;1,47;4050;56,39%
APT;Próprio;QTR;E246;10/02/2025;5841;880;5140,1;7363;1,72;12747;31,42%
APT;Próprio;QTR;E245;11/02/2025;5402;870;4699,7;7860,7;1,96;9573;36,07%
APT;Próprio;QTR;E203;11/02/2025;3375;720;2430;3284,1;1,5;2577;56,70%
APT;Próprio;SFS;E334 SFS;12/02/2025;4705;1120;5269,6;8115,3;1,7;12941;26,66%
APT;Próprio;SFS;E332 SFS;12/02/2025;3985;951;3789,7;6072,8;1,72;7593;34,42%
APT;Próprio;SFS;E320;12/02/2025;1652;920;1519,8;2626,1;1,92;4589;26,47%
APT;Próprio;SFS;E290;12/02/2025;576;885,4;510;771,8;1,56;379;60,30%
APT;Próprio;SFS;E459;13/02/2025;1136;1083;1230,3;2209,6;1,99;2173;34,32%
APT;Próprio;SFS;E457;13/02/2025;1167;994;1160;1743,1;1,65;1451;44,57%
APT;Próprio;SFS;E458 ;13/02/2025;1097;975;1069,6;1517,2;1,67;2866;27,68%
APT;Próprio;SFS;E456;13/02/2025;1536;950,5;1460;2280,7;1,75;2290;40,14%
APT;Próprio;QTR;E243;17/02/2025;2459;740,1;1820;1950,2;1,17;1516;61,86%
APT;Próprio;QTR;E255;17/02/2025;5698;860;4900,3;6734;1,69;14255;28,56%
APT;Próprio;QTR;E203;17/02/2025;2625;720;1890;3841,5;2,36;3967;39,82%
APT;Próprio;SFS;E269;17/02/2025;3238;914,1;2960;3137;1,08;1462;68,89%
APT;Próprio;SFS;E268;17/02/2025;6047;878,1;5310;8690,4;1,73;4908;55,19%
APT;Próprio;QTR;E244;18/02/2025;5122;820;4200;6181,7;1,75;9196;35,77%
APT;Próprio;QTR;E243;18/02/2025;2829;760;2150;4564,6;2,57;6477;30,40%
APT;Próprio;QTR;E258;18/02/2025;3750;720;2700;3115,3;1,49;9586;28,12%
APT;Próprio;SFS;E341 SFS;18/02/2025;4135;902;3729,8;5598,8;1,62;5651;42,25%
APT;Próprio;SFS;E333 SFS;18/02/2025;4262;875,2;3730;6168,9;1,81;7352;36,69%
APT;Próprio;SFS;E335 SFS;18/02/2025;3035;850,1;2580;3082,1;1,27;3856;44,04%
APT;Próprio;QTR;E248;19/02/2025;474;759,5;360;502,4;1,65;727;39,46%
APT;Próprio;QTR;E205;19/02/2025;5973;740;4420;7887;1,92;4990;54,48%
APT;Próprio;QTR;E258;19/02/2025;3096;730;2260,1;3437,6;2,17;11620;21,04%
APT;Próprio;SFS;E338 SFS;19/02/2025;3349;1117;3741;3256,9;0,94;4762;41,29%
APT;Próprio;SFS;E303;19/02/2025;3558;1051,1;3740;6525,9;1,84;6857;34,16%
APT;Próprio;SFS;E335 SFS;19/02/2025;1197;994,2;1190;3682,7;3,68;7038;14,53%
APT;Próprio;SFS;E338 SFS;20/02/2025;322;1117;359,7;2745,1;20,48;6515;4,71%
APT;Próprio;SFS;E306;20/02/2025;2214;1102,1;2440;5912,4;2,66;7625;22,50%
APT;Próprio;SFS;E306;20/02/2025;1134;1102;1249,7;495,4;0,41;609;65,04%
APT;Próprio;SFS;E319;20/02/2025;3719;1089;4050;6191,8;1,65;6360;36,90%
APT;Próprio;SFS;E281;20/02/2025;4868;990,1;4820;7461,3;1,63;4817;50,26%
APT;Próprio;SFS;E280;20/02/2025;5621;982;5519,8;8272,8;1,57;4394;56,12%
APT;Próprio;SFS;E269;20/02/2025;1006;914,5;920;974,9;1,08;454;68,89%
APT;Próprio;SFS;E269;20/02/2025;427;914;390,3;2402,4;6,92;3174;11,86%
APT;Próprio;SFS;E337 SFS;20/02/2025;3640;890;3239,6;4539,6;1,6;11003;24,86%
APT;Próprio;SFS;E452;20/02/2025;1312;876,5;1150;1766,1;1,75;2223;37,11%
APT;Próprio;SFS;E453;20/02/2025;1415;841;1190;1668,3;1,6;2249;38,61%
APT;Próprio;SFS;E272;21/02/2025;2243;1150;2579,5;4658,4;1,9;4701;32,30%
APT;Próprio;SFS;E275;21/02/2025;5683;1047;5950,1;9418,9;1,67;5863;49,22%
APT;Próprio;SFS;E278;21/02/2025;5690;1021;5809,5;7956,5;1,43;3362;62,86%
APT;Próprio;SFS;E279;21/02/2025;4887;976,1;4770;7801,7;1,73;5273;48,10%
APT;Próprio;QTR;T08;24/02/2025;9433;842,8;7950;10702,2;1,48;12204;43,60%
APT;Próprio;SFS;E286;24/02/2025;4934;1058;5220,2;7720,8;1,54;5071;49,31%
APT;Próprio;SFS;E282;24/02/2025;4752;909;4319,6;6511,2;1,57;5710;45,42%
APT;Próprio;SFS;E271;24/02/2025;5719;883;5049,9;8514,6;1,77;7397;43,60%
APT;Próprio;SFS;E289;24/02/2025;4886;880;4299,7;6308;1,55;4984;49,50%
APT;Próprio;SFS;E454;24/02/2025;1056;861,7;910;751,7;0,91;946;52,73%
APT;Próprio;SFS;E454;24/02/2025;441;861;379,7;472;1,43;816;35,07%
APT;Próprio;SFS;E347;24/02/2025;4821;813,1;3920;5760,6;1,57;13613;26,15%
APT;Próprio;QTR;T08;25/02/2025;10579;760;8040;12002,2;1,66;13687;43,60%
APT;Próprio;QTR;T08;25/02/2025;8743;700;6120;9919,1;1,82;11311;43,60%
APT;Próprio;SFS;E288;25/02/2025;5197;987,1;5130;8341,5;1,69;6819;43,25%
APT;Próprio;SFS;E284;26/02/2025;4009;1090;4369,8;4980,7;1,18;2505;61,54%
APT;Próprio;SFS;E292;26/02/2025;2978;1004;2990;3507,9;1,21;1667;64,10%
APT;Próprio;SFS;E292;26/02/2025;2480;1004;2489,9;4908,2;2,06;4020;38,15%
APT;Próprio;SFS;E283;26/02/2025;3305;950,1;3140;3986,4;1,32;1428;69,82%
APT;Próprio;SFS;E291;26/02/2025;5334;941,1;5020;7648,3;1,58;5301;50,15%
APT;Próprio;SFS;E343;26/02/2025;5638;869,1;4900;7316,3;1,69;8382;40,21%
APT;Próprio;QTR;E236 QTR;27/02/2025;6901;810;5589,8;9703,3;1,96;11735;37,03%
APT;Próprio;QTR;E248;27/02/2025;2219;730,1;1620;2443,5;1,8;3491;38,86%
APT;Próprio;QTR;E248;27/02/2025;4137;730;3020;5966,6;2,52;9809;29,66%
APT;Próprio;QTR;T08;27/02/2025;12921;761,6;9840;25198,2;3,1;38024;25,36%
APT;Próprio;QTR;E252;28/02/2025;5452;840;4579,7;8266,2;2,06;13198;29,23%
APT;Próprio;QTR;E250;28/02/2025;3568;1020,2;3640;3821;1,12;2288;60,93%
APT;Próprio;QTR;E259;28/02/2025;6850;800;5480;9483,9;2,15;15792;30,25%
APT;Próprio;SFS;E465;28/02/2025;966;1252,6;1210;1815,2;1,58;3342;22,42%
APT;Próprio;SFS;E471;28/02/2025;1066;1050,6;1120;1488,9;1,36;1642;39,35%
APT;Próprio;SFS;E455;28/02/2025;1306;988;1290,3;1453,9;1,27;2417;35,08%
APT;Próprio;SFS;E283;28/02/2025;2421;950;2300;4459,8;2,06;2875;45,71%
APT;Próprio;SFS;E468;28/02/2025;1271;920;1169,3;1637,2;1,48;3369;27,39%
APT;Próprio;SFS;E470;28/02/2025;1180;915;1079,7;1024,9;1,02;2497;32,08%
APT;Próprio;SFS;E261;28/02/2025;6269;906;5679,7;6916,1;1,51;14979;29,50%
APT;Próprio;SFS;E344;28/02/2025;4695;903;4239,6;5419,8;1,47;9300;33,55%
APT;Próprio;SFS;E466;28/02/2025;1724;888;1530,9;1673,4;1,14;3188;35,09%
APT;Próprio;SFS;E467;28/02/2025;1450;883;1280,4;1963,5;1,62;3519;29,18%
APT;Próprio;SFS;E469;28/02/2025;1283;878,4;1127;1110,8;1,04;2913;30,58%
APT;Próprio;SFS;E346;28/02/2025;2214;867,2;1920;2820,2;1,54;4198;34,52%
APT;Próprio;SFS;E345;28/02/2025;4222;836;3529,6;3947,1;1,33;9834;30,04%
APT;Próprio;QTR;E250;01/03/2025;1363;1020;1390,3;4042,6;3,57;4832;22,00%
APT;Próprio;SFS;E478;01/03/2025;1206;1028;1239,8;1275,9;1,16;2756;30,43%
APT;Próprio;SFS;E349;01/03/2025;1892;1020,1;1930;1265,2;0,68;1334;58,64%
APT;Próprio;SFS;E349;01/03/2025;1598;1020;1629,9;4455,3;3,18;9764;14,06%
APT;Próprio;SFS;E462;01/03/2025;1312;945;1239,8;1371,8;1,15;2145;37,94%
APT;Próprio;SFS;E464;01/03/2025;1049;943,8;990;1681;1,81;3415;23,49%
APT;Próprio;SFS;E479;01/03/2025;1419;916;1299,8;1310,5;1,17;3504;28,82%
APT;Próprio;SFS;E217;01/03/2025;4862;911,1;4430;6500,3;1,58;7230;40,21%
APT;Próprio;SFS;E460;01/03/2025;1323;907;1200;1687,1;1,58;2267;36,85%
APT;Próprio;SFS;E477;01/03/2025;1356;900;1220,4;1309,9;1,22;2694;33,48%
APT;Próprio;SFS;E463;01/03/2025;1222;900;1099,8;1776,5;1,7;2772;30,59%
APT;Próprio;SFS;E461;01/03/2025;1527;884;1349,9;1673;1,29;1901;44,53%
APT;Próprio;SFS;E476;01/03/2025;1598;876;1399,9;1287;1,02;2317;40,81%
APT;Próprio;QTR;T07 QTR;05/03/2025;14163;860;12180;17825,8;1,64;14423;49,54%
APT;Próprio;SFS;E473;05/03/2025;1249;881;1100,4;1483,9;1,42;1365;47,77%
APT;Próprio;SFS;E480;05/03/2025;1429;875;1250,4;1142;1,01;2224;39,11%
APT;Próprio;SFS;E475;05/03/2025;1345;840;1129,8;1371,6;1,46;3862;25,83%
APT;Próprio;SFS;E474;05/03/2025;1170;812;950;1235,4;1,63;4078;22,29%
APT;Próprio;SFS;E223;05/03/2025;5857;729;4269,8;5509,4;1,43;10001;36,93%
APT;Próprio;QTR;T07 QTR;07/03/2025;14289;830;11860;18327,6;1,74;15101;48,62%
APT;Próprio;QTR;T07 QTR;07/03/2025;13788;800;11030,9;31493,4;3,6;36715;27,30%
APT;Próprio;QTR;E254;10/03/2025;6141;850;5219,9;7199;1,64;11531;34,75%
APT;Próprio;QTR;E207;10/03/2025;4688;800;3750,4;6409,6;1,86;5868;44,41%
APT;Próprio;SFS;E472;10/03/2025;1267;860;1089,6;1560,7;1,51;1416;47,22%
APT;Próprio;SFS;E209;10/03/2025;5634;827,1;4660;5746,6;1,51;15437;26,74%
APT;Próprio;SFS;E237;10/03/2025;5659;781;4419,7;6755,6;1,72;13763;29,14%
APT;Próprio;QTR;T05;11/03/2025;13522;900;12170;16294,5;1,47;12879;51,22%
APT;Próprio;QTR;T05;11/03/2025;10729;850;9120;12210,8;1,48;10219;51,22%
APT;Próprio;QTR;E261;13/03/2025;7187;750;5390,3;9228,1;2,02;9944;41,95%
APT;Próprio;QTR;E232;13/03/2025;1069;720,3;770;987,8;1,38;937;53,27%
APT;Próprio;QTR;T05;13/03/2025;5733;860;4930,4;17695;4,78;24833;18,76%
APT;Próprio;QTR;E232;17/03/2025;5143;700;3600,1;6758,6;2,09;8250;38,40%
APT;Próprio;QTR;E265;17/03/2025;2375;720;1710;2324,6;1,47;1449;62,10%
APT;Próprio;QTR;E264;17/03/2025;4934;760;3749,8;6547,6;1,85;2888;63,08%
APT;Próprio;SFS;E242;17/03/2025;2977;890,2;2650;2855;1,14;4431;40,19%
APT;Próprio;SFS;E222;17/03/2025;5529;888;4909,8;8373,8;1,81;8456;39,53%
APT;Próprio;SFS;E238;17/03/2025;3110;823,2;2560;3715,5;1,78;15874;16,38%
APT;Próprio;SFS;E242;18/03/2025;2213;890;1969,6;4203,1;2,4;8696;20,29%
APT;Próprio;SFS;E240;18/03/2025;5800;881;5109,8;7282,9;1,79;14172;29,04%
APT;Próprio;SFS;E355;20/03/2025;4378;890,8;3900;6964,4;1,92;5914;42,54%
APT;Próprio;SFS;E350;20/03/2025;4373;878,1;3840;6285,7;1,75;7908;35,61%
APT;Próprio;SFS;E246;20/03/2025;3911;859,1;3360;3717,7;1,28;9775;28,57%
APT;Próprio;QTR;E257;22/03/2025;4869;840;4090;6289;1,86;10774;31,13%
APT;Próprio;QTR;E239;22/03/2025;6000;820;4920;8007,8;1,77;8039;42,74%
APT;Próprio;SFS;E241;24/03/2025;1138;878,7;1000;971,4;1,25;3311;25,58%
APT;Próprio;SFS;E246;24/03/2025;1818;869;1579,8;3138,8;2,62;9737;15,73%
APT;Próprio;SFS;E252;24/03/2025;5571;840;4679,6;6581,3;1,58;9495;36,98%
APT;Próprio;SFS;E331 SFS;24/03/2025;5807;818;4750,1;6813,8;1,77;14444;28,67%
APT;Próprio;QTR;E257;25/03/2025;2179;840;1830,4;4024,6;2,93;7832;21,77%
APT;Próprio;QTR;E260;25/03/2025;821;779,5;640;955,1;1,74;1118;42,33%
APT;Próprio;QTR;E211;25/03/2025;3583;840,1;3010;3813,7;1,35;3114;53,50%
APT;Próprio;QTR;E211;25/03/2025;1679;840;1410,4;3105,2;2,46;3775;30,78%
APT;Próprio;QTR;E265;25/03/2025;3959;730;2890,1;4656,9;1,76;3355;54,13%
APT;Próprio;QTR;E214;25/03/2025;6472;720;4659,8;7761,1;1,83;6361;50,43%
APT;Próprio;SFS;E481;25/03/2025;1455;900,3;1310;1976,9;1,64;1901;43,35%
APT;Próprio;SFS;E241;25/03/2025;4179;878,2;3670;5282;2,15;20015;17,27%
APT;Próprio;SFS;E482;25/03/2025;1697;872;1479,8;2281,1;1,66;1672;50,37%
APT;Próprio;SFS;E483;25/03/2025;1590;849;1349,9;2467,2;1,97;1498;51,49%
APT;Próprio;SFS;E310;25/03/2025;5652;805;4550;4570,7;1,21;11273;33,39%
APT;Próprio;SFS;E300;27/03/2025;3096;998;3089,8;4836;1,7;21576;12,55%
APT;Próprio;SFS;E231;27/03/2025;4545;935,1;4250;4535,3;1,17;7235;38,58%
APT;Próprio;SFS;E336 SFS;27/03/2025;6248;789;4929,7;6737,2;1,93;18482;25,26%
APT;Próprio;SFS;E231;31/03/2025;406;936;380;1192,9;4,2;2693;13,10%
APT;Próprio;SFS;E204;31/03/2025;4857;914,1;4440;6408,2;1,6;7977;37,84%
APT;Próprio;SFS;E203;31/03/2025;5796;892;5170;7072,5;1,51;12222;32,17%
APT;Próprio;SFS;E485;31/03/2025;1815;865;1570;1935,4;1,33;1905;48,79%
APT;Próprio;SFS;E484;31/03/2025;1654;840,7;1390,5;1942,6;1,49;1206;57,81%
APT;Próprio;SFS;E310;31/03/2025;397;806;320;1424,3;15,95;4729;7,74%
APT;Próprio;QTR;T01;01/04/2025;16403;670;10990;20253,7;2,17;17332;48,62%
APT;Próprio;QTR;T01;01/04/2025;11940;670;8000;14743,3;2,17;12616;48,62%
APT;Próprio;QTR;E260;03/04/2025;6068;740;4490,3;8779,8;2,38;10907;35,75%
APT;Próprio;QTR;T01;03/04/2025;5119;670,1;3430;6321,1;2,17;5409;48,62%
APT;Próprio;QTR;T01;03/04/2025;15075;670;10100,3;21513,6;2,58;20760;42,07%
APT;Próprio;QTR;E209;07/04/2025;5785;707;4090;4694,9;1,24;5173;52,79%
APT;Próprio;SFS;E210;07/04/2025;4118;947,1;3900;4191,1;1,12;3441;54,47%
APT;Próprio;SFS;E200;07/04/2025;4798;869;4169,5;5910,5;1,52;6346;43,05%
APT;Próprio;SFS;E210;10/04/2025;1225;947;1160,1;3328,6;3,23;4702;20,67%
APT;Próprio;SFS;E227;10/04/2025;1266;900,5;1140;1395,5;1,29;1061;54,38%
APT;Próprio;SFS;E216;10/04/2025;5375;880;4730;6683;1,52;7584;41,48%
APT;Próprio;SFS;E254;15/04/2025;4407;928,1;4090;5232,5;1,49;6994;38,65%
APT;Próprio;SFS;E227;15/04/2025;4456;900;4010,4;6661,9;1,79;6422;40,96%
APT;Próprio;SFS;E254;17/04/2025;1810;928;1679,7;3461,6;2,66;5733;23,99%
APT;Próprio;SFS;E245;17/04/2025;6697;875;5859,9;9053,4;1,89;14094;32,21%
APT;Próprio;QTR;E226;22/04/2025;1370;919,7;1260;1814,4;1,52;1134;54,70%
APT;Próprio;QTR;E212;22/04/2025;5671;850;4820,4;7870,3;1,74;4571;55,37%
APT;Próprio;QTR;E209;22/04/2025;452;840;379,7;2230,2;8,47;3906;10,37%
APT;Próprio;SFS;E308;22/04/2025;5087;804;4090;4327,6;1,29;6699;43,16%
APT;Próprio;SFS;E487;24/04/2025;1463;970,6;1420;2103;1,59;3124;31,89%
APT;Próprio;SFS;E229;24/04/2025;5565;938;5220;6863,3;1,62;13371;29,39%
APT;Próprio;SFS;E486;24/04/2025;1440;923,6;1330;2325,3;1,92;2378;37,71%
APT;Próprio;SFS;E488;24/04/2025;1422;900;1279,8;1845,5;1,69;3063;31,70%
APT;Próprio;SFS;E239;24/04/2025;6004;881,1;5289,9;8379;1,98;12664;32,16%
APT;Próprio;SFS;E201;24/04/2025;1138;878,7;1000;1491,5;1,57;1129;50,19%
APT;Próprio;SFS;E308;24/04/2025;1268;804,4;1020;2862,6;5,37;6528;16,26%
APT;Próprio;QTR;E253;25/04/2025;2930;860,1;2520;4372,3;1,89;3723;44,04%
APT;Próprio;QTR;E226;25/04/2025;4022;920,1;3700,6;6413,3;1,85;4424;47,62%
APT;Próprio;SFS;E234;25/04/2025;2002;914,1;1830;2412,7;1,42;3159;38,79%
APT;Próprio;SFS;E201;25/04/2025;5973;879;5250,3;7890,3;1,58;6018;49,81%
APT;Próprio;SFS;E225;26/04/2025;6164;1009,1;6220;9385,4;1,59;9308;39,84%
APT;Próprio;SFS;E228;26/04/2025;3472;964,9;3350;3870,6;1,26;5837;37,30%
APT;Próprio;SFS;E293;26/04/2025;5839;954;5570,4;8114,1;1,79;11280;34,11%
APT;Próprio;SFS;E249;26/04/2025;2739;920;2519,9;4424,7;1,9;7000;28,12%
APT;Próprio;SFS;E249;26/04/2025;3370;919,9;3100;4152,5;1,42;5772;36,86%
APT;Próprio;SFS;E234;26/04/2025;3709;914;3390;6067,2;1,98;9271;28,57%
APT;Próprio;SFS;E228;28/04/2025;1461;965;1409,9;2945,2;2,47;5620;20,63%
APT;Próprio;SFS;E312;28/04/2025;5220;910;4750,2;7285,6;1,68;35134;12,94%
APT;Próprio;SFS;E218;29/04/2025;4147;979;4060;4710,5;1,29;5894;41,30%
APT;Próprio;SFS;E213;29/04/2025;6295;880;5539,6;8027,1;1,67;11320;35,73%
APT;Próprio;SFS;E352;30/04/2025;5355;1100;5890,5;9959,1;1,91;13076;29,05%
APT;Próprio;SFS;E218;30/04/2025;1227;970;1190,2;2879,3;3,09;4910;19,99%
APT;Próprio;SFS;E220;30/04/2025;5611;900;5049,9;8426,5;1,83;10838;34,11%
APT;Próprio;SFS;E353;01/05/2025;4985;999;4980;8565,5;1,97;12208;28,99%
APT;Próprio;SFS;E354;01/05/2025;2602;980;2550;3368,2;1,41;2479;51,20%
APT;Próprio;SFS;E348;06/05/2025;3025;995;3009,9;5452,6;1,94;6806;30,77%
APT;Próprio;SFS;E354;06/05/2025;2776;980;2720,5;5876,8;2,41;6091;31,31%
APT;Próprio;SFS;E356;06/05/2025;5562;978;5439,6;9809,4;1,92;9680;36,49%
APT;Próprio;SFS;E208;06/05/2025;5536;952;5270,3;9954,4;2;7571;42,23%
APT;Próprio;QTR;T02;07/05/2025;14890;820;12210;21167;1,9;11646;56,11%
APT;Próprio;QTR;T02;07/05/2025;12894;850,1;10960,9;25067,9;2,58;18530;41,03%
APT;Próprio;QTR;T02;07/05/2025;9699;830;8050;13787,1;1,87;7585;56,11%
APT;Próprio;QTR;T02;07/05/2025;10741;850;9130;15268,9;1,83;8400;56,11%
APT;Próprio;SFS;E357;07/05/2025;5126;993;5090,1;9382,5;1,94;6891;42,65%
APT;Próprio;QTR;E253;12/05/2025;3489;920;3209,9;7152,3;2,47;6888;33,62%
APT;Próprio;QTR;E263;12/05/2025;2255;860,3;1940;3267,7;1,77;1099;67,22%
APT;Próprio;SFS;E351;12/05/2025;6436;912;5869,6;10054,5;1,87;7481;46,24%
APT;Próprio;SFS;E330 SFS;12/05/2025;5956;900;5360,4;8405,7;2,01;18997;23,87%
APT;Próprio;SFS;E489;12/05/2025;1555;887,4;1380;2143,4;1,78;2601;37,41%
APT;Próprio;SFS;E205;12/05/2025;3561;879,1;3130,3;5655,2;2,08;8095;30,55%
APT;Próprio;SFS;E205;12/05/2025;2469;878,9;2170;3090,6;1,59;3902;38,75%
APT;Próprio;QTR;E263;13/05/2025;3315;890;2950,4;6105,4;2,19;2473;57,27%
APT;Próprio;QTR;E215;13/05/2025;5100;800;4080;6595,1;1,72;3541;59,02%
APT;Próprio;SFS;E296;13/05/2025;2775;944,1;2620;3737,5;1,64;4954;35,90%
APT;Próprio;SFS;E490;13/05/2025;1769;910;1609,8;2977,5;2,07;2387;42,56%
APT;Próprio;SFS;E304;13/05/2025;6503;898;5839,7;10205,5;2,09;14542;30,90%
APT;Próprio;SFS;E491;14/05/2025;1640;951;1559,6;2650,4;1,91;2516;39,46%
APT;Próprio;SFS;E296;14/05/2025;3390;944;3200,2;6313,8;2,42;9670;25,96%
APT;Próprio;SFS;E494;14/05/2025;1411;907;1279,8;2334,1;2,13;2923;32,55%
APT;Próprio;SFS;E497;15/05/2025;1530;948;1450,4;2293,8;1,77;2261;40,36%
APT;Próprio;SFS;E495;15/05/2025;1788;917;1639,6;3184,5;2,16;2319;43,53%
APT;Próprio;SFS;E496;15/05/2025;1789;900;1610,1;2700,3;1,87;2311;43,63%
APT;Próprio;SFS;E492;15/05/2025;1523;880;1340,2;2288,2;1,96;2633;36,64%
APT;Próprio;SFS;E267;16/05/2025;3862;1090;4209,6;6341,1;1,9;16412;19,05%
APT;Próprio;SFS;E498;16/05/2025;1521;901;1370,4;2158;1,85;3476;30,43%
APT;Próprio;SFS;E499;16/05/2025;1429;847;1210,4;1896;1,83;2789;33,88%
APT;Próprio;QTR;E206;19/05/2025;6664;800;5331,2;12061,2;2,43;6410;50,97%
APT;Próprio;QTR;E218;19/05/2025;5868;830;4870,4;9528,3;2,29;19360;23,26%
APT;Próprio;QTR;E215;19/05/2025;1037;819,7;850;1392,6;1,74;721;58,98%
APT;Próprio;SFS;E294;19/05/2025;3177;941,1;2990;4018,2;1,61;5503;36,60%
APT;Próprio;SFS;E236;19/05/2025;5224;917;4790,4;7329,7;1,87;11516;31,21%
APT;Próprio;SFS;E500;19/05/2025;1437;870;1250,2;2086,4;1,9;2237;39,11%
APT;Próprio;QTR;E215;21/05/2025;524;820;429,7;2559,8;7,42;2529;17,16%
APT;Próprio;SFS;E294;23/05/2025;3082;941;2900,2;5685,1;2,58;9202;25,09%
APT;Próprio;SFS;E503;23/05/2025;687;931,6;640;813;1,34;536;56,15%
APT;Próprio;SFS;E501;23/05/2025;1458;919,1;1340;2384,1;1,95;2818;34,10%
APT;Próprio;SFS;E502;23/05/2025;1569;892,3;1400;2509,9;1,97;3041;34,03%
APT;Próprio;QTR;T03;27/05/2025;8176;850;6950;12998,7;1,99;6651;55,14%
APT;Próprio;QTR;T03;27/05/2025;12083;840;10150;18983,7;1,99;9830;55,14%
APT;Próprio;SFS;E250;27/05/2025;6404;990;6340;9653,8;1,82;11369;36,03%
APT;Próprio;SFS;E503;27/05/2025;858;932;799,7;1830,7;2,51;1777;32,55%
APT;Próprio;SFS;E251;27/05/2025;2236;872,1;1950;2970;1,65;2210;50,29%
APT;Próprio;SFS;E207;28/05/2025;5197;966;5020,3;8953,6;1,94;9761;34,74%
APT;Próprio;SFS;E251;28/05/2025;4002;872;3489,7;6338,8;2;5488;42,17%
APT;Próprio;QTR;T03;29/05/2025;14047;860;12080;22020,4;1,94;11452;55,09%
APT;Próprio;QTR;T03;29/05/2025;10682;850;9080;16551,8;1,94;8709;55,09%
APT;Próprio;QTR;T03;30/05/2025;5651;860;4859,9;10942,9;2,42;6794;45,40%
APT;Próprio;SFS;E226;03/06/2025;6064;968;5870;9953,4;1,84;12179;33,24%
APT;Próprio;SFS;E206;03/06/2025;4472;957,1;4280;5476,2;1,4;6593;40,41%
APT;Próprio;QTR;E201;04/06/2025;6767;866;5860,4;10192,9;1,96;9011;42,89%
APT;Próprio;QTR;E204;04/06/2025;5319;947,5;5039,8;8925,6;1,89;5745;48,07%
APT;Próprio;SFS;E504;04/06/2025;1251;983;1229,7;1874,2;1,79;3116;28,65%
APT;Próprio;SFS;E505;04/06/2025;1440;972;1399,7;2167,5;1,76;2619;35,47%
APT;Próprio;SFS;E506;04/06/2025;1578;963;1519,6;2439,2;1,74;1884;45,57%
APT;Próprio;SFS;E206;04/06/2025;1003;957;959,9;2653;3,39;4358;18,71%
APT;Próprio;QTR;E202;05/06/2025;5490;980;5380,2;9277,5;1,97;9832;35,83%
APT;Próprio;SFS;E265;06/06/2025;3617;987;3570;5969,2;1,77;16219;18,23%
APT;Próprio;SFS;E260;06/06/2025;6743;958;6459,8;10322,8;1,74;12353;35,31%
APT;Próprio;QTR;E242;12/06/2025;6411;1070;6859,8;10474,3;1,6;5467;53,97%
APT;Próprio;QTR;E231;12/06/2025;7512;840;6310,1;11769,5;1,99;5812;56,38%
APT;Próprio;QTR;T06 QTR;12/06/2025;42935;881,8;37860,1;62485,9;1,74;28394;60,19%
APT;Próprio;SFS;E243;13/06/2025;4671;957;4470,2;5932,5;1,4;7356;38,84%
APT;Próprio;QTR;E203;16/06/2025;7000;920;6440;10144,4;1,66;4968;58,49%
APT;Próprio;QTR;E255;17/06/2025;6865;1040;7139,6;10736,1;1,58;6917;49,81%
APT;Próprio;QTR;E259;17/06/2025;6720;1000;6720;10490,5;1,66;4965;57,50%
APT;Próprio;QTR;E251;18/06/2025;6908;1017,7;7030;10071,8;1,5;3324;67,51%
APT;Próprio;SFS;ET08;18/06/2025;10546;604;6370;6883,5;1,4;2141;83,12%
APT;Próprio;SFS;ET08;18/06/2025;15182;604;9170;9909,2;1,4;3082;83,12%
APT;Próprio;QTR;E220;19/06/2025;6049;940;5686,1;9075,1;1,67;6386;48,64%
APT;Próprio;QTR;E222;19/06/2025;5622;903,6;5080;7821,6;1,66;6298;47,16%
APT;Próprio;SFS;E316;23/06/2025;6157;1119;6889,7;10180,6;1,75;11452;34,97%
APT;Próprio;SFS;E247;23/06/2025;6745;934;6299,8;9997,5;1,69;8077;45,51%
APT;Próprio;QTR;E240;24/06/2025;6798;1040;7069,9;10406,9;1,55;5907;53,50%
APT;Próprio;SFS;E232;24/06/2025;5274;948;4999,8;8580,4;1,85;12201;30,18%
APT;Próprio;SFS;E493;24/06/2025;1544;900;1389,6;2109,1;1,73;2520;37,99%
APT;Próprio;SFS;E508;25/06/2025;1321;1120;1479,5;2270,6;1,68;2278;36,70%
APT;Próprio;SFS;E322;25/06/2025;6402;1020;6530;9514;1,71;14738;30,28%
APT;Próprio;SFS;E507;25/06/2025;1391;978;1360,4;2116,6;1,72;2302;37,66%
APT;Próprio;SFS;E283;25/06/2025;6940;987;6849,8;10638,7;1,68;13056;34,71%
APT;Próprio;SFS;E264;26/06/2025;5630;1080;6080,4;8565,4;1,69;11384;33,09%
APT;Próprio;SFS;E253;26/06/2025;5925;1070;6339,8;8770,7;1,56;2033;74,45%
APT;Próprio;SFS;E255;26/06/2025;5925;1070;6339,8;8455,7;1,47;699;89,45%
APT;Próprio;SFS;E223;26/06/2025;3596;1115;4009,5;6281;1,66;4942;42,12%
APT;Próprio;QTR;E227;27/06/2025;6767;860;5819,6;8687;1,59;4134;62,07%
APT;Próprio;QTR;E241;27/06/2025;7247;928,7;6730;10116,7;1,61;9202;44,06%
APT;Próprio;QTR;T04;27/06/2025;50826;944;47979,7;79468,1;1,76;48065;51,40%
APT;Próprio;SFS;E509;28/06/2025;1427;988;1409,9;2098;1,69;3413;29,48%
APT;Próprio;SFS;E263;28/06/2025;5176;1020;5279,5;7221,4;1,6;2324;69,01%
APT;Próprio;SFS;E257;28/06/2025;6212;990;6149,9;8505,8;1,59;1597;79,55%
APT;Próprio;SFS;E274;28/06/2025;5747;950;5459,7;7270,2;1,54;2173;72,56%
APT;Próprio;SFS;E285;28/06/2025;6289;935;5880,2;7652,3;1,49;953;86,84%
APT;Próprio;SFS;E309;30/06/2025;5542;1180;6539,6;9813,8;1,76;13470;29,15%
APT;Próprio;SFS;E305;30/06/2025;4983;1150;5730,5;8611,3;1,62;6270;44,28%
APT;Próprio;SFS;E510;30/06/2025;1076;1115;1199,7;1696,3;1,56;2437;30,62%
APT;Próprio;SFS;E511;30/06/2025;1366;1090;1488,9;2274,5;1,65;3146;30,27%
APT;Próprio;SFS;E287;30/06/2025;5005;1105;5530,5;7372,4;1,54;2495;66,73%
APT;Próprio;SFS;E290;30/06/2025;5009;1080;5409,7;7255,9;1,56;2491;66,79%
APT;Próprio;SFS;E262;30/06/2025;5812;1010;5870,1;8157,1;1,6;1688;77,49%
APT;Próprio;SFS;E326;01/07/2025;4051;1170;4739,7;6765;1,61;1847;68,68%
APT;Próprio;SFS;E325;01/07/2025;5655;1100;6220,5;8634,8;1,61;2135;72,59%
APT;Próprio;QTR;E221;03/07/2025;6854;960;6579,8;9375,6;1,51;6786;50,25%
APT;Próprio;QTR;E266;03/07/2025;6739;1062,5;7160;10533,4;1,54;4248;61,33%
APT;Próprio;QTR;E228;03/07/2025;6072;1082;6569,9;11107,9;1,75;5832;51,01%
APT;Próprio;SFS;E345;03/07/2025;6764;1100;7440,4;11554,4;1,74;16258;29,38%
APT;Próprio;SFS;E512;04/07/2025;1287;1080;1390;1936,7;1,48;2727;32,06%
APT;Próprio;SFS;E344;04/07/2025;6548;1040;6810;10373,5;1,7;11765;35,75%
APT;Próprio;SFS;E328;04/07/2025;4900;1100;5390;7425,4;1,59;3100;61,25%
APT;Próprio;QTR;E224;07/07/2025;5152;1116;5749,6;8831,1;1,66;10122;33,73%
APT;Próprio;QTR;E247;07/07/2025;6369;1096;6980,4;11084,3;1,66;3702;63,24%
APT;Próprio;SFS;E343;08/07/2025;7280;1070;7789,6;11417,2;1,72;13368;35,26%
APT;Próprio;SFS;ET14;08/07/2025;10682;850;9080;12061,4;1,56;2076;83,72%
APT;Próprio;SFS;ET14;08/07/2025;14471;850;12300;16338,6;1,56;2813;83,72%
APT;Próprio;SFS;E346;08/07/2025;8826;940,4;8300;12629,7;1,66;12636;41,12%
APT;Próprio;SFS;E271;09/07/2025;5395;860,1;4640;7008,5;1,57;5662;48,79%
APT;Próprio;SFS;E465;09/07/2025;1823;834;1520,4;2282,4;1,62;1139;61,53%
APT;Próprio;QTR;E257;10/07/2025;6350;1200;7620;12395,2;1,76;10227;38,30%
APT;Próprio;QTR;E233;10/07/2025;6462;1060;6849,7;10646,9;1,65;5039;56,18%
APT;Próprio;QTR;E234;10/07/2025;5638;1160;6540,1;10243;1,64;5245;51,80%
APT;Próprio;SFS;E319;14/07/2025;4385;1083,3;4750,4;6500;1,48;6018;42,15%
APT;Próprio;SFS;E313;14/07/2025;6348;1120;7109,8;10289,3;1,61;1296;83,05%
APT;Próprio;SFS;E314;14/07/2025;6173;1100;6790,3;9355,7;1,54;684;90,02%
APT;Próprio;SFS;E266;14/07/2025;5172;1075;5559,9;8057,5;1,68;2328;68,96%
APT;Próprio;QTR;E230;15/07/2025;5959;871;5190,3;8021,9;1,62;6673;47,17%
APT;Próprio;SFS;E324;18/07/2025;6219;1050;6530;9213,9;1,67;15586;28,52%
APT;Próprio;SFS;E318;18/07/2025;6429;980;6300,4;8602,1;1,66;11312;36,24%
APT;Próprio;SFS;E297;18/07/2025;7354;990;7280,5;9926,2;1,54;639;92,01%
APT;Próprio;QTR;E217;19/07/2025;5337;920;4910;7810,2;1,64;1347;79,84%
APT;Próprio;QTR;T07;19/07/2025;68229;881;60109,8;93877;1,64;38343;64,02%
APT;Próprio;SFS;E299;21/07/2025;4933;1350;6659,6;9997,9;1,58;4635;51,55%
APT;Próprio;SFS;E513;21/07/2025;1101;1180,7;1300;2076,4;1,75;3303;25,00%
APT;Próprio;SFS;E514;21/07/2025;1252;1070;1339,6;2035,2;1,65;3693;25,32%
APT;Próprio;SFS;E518;21/07/2025;922;1020;940,4;1294,5;1,87;4593;16,72%
APT;Próprio;SFS;E302;21/07/2025;5316;950;5050,2;6583,1;1,61;17143;23,67%
APT;Próprio;SFS;E295;21/07/2025;6161;1120;6900,3;9856,9;1,61;1339;82,15%
APT;Próprio;QTR;E256;22/07/2025;6276;1230;7719,5;10658,7;1,44;3910;61,61%
APT;Próprio;QTR;E237;22/07/2025;6919;990;6849,8;9164,3;1,38;4699;59,55%
APT;Próprio;QTR;E270;24/07/2025;7570;1000;7570;11422,6;1,66;7853;49,08%
APT;Próprio;QTR;E271;24/07/2025;6700;1000;6700;8978,7;1,42;8216;44,92%
APT;Próprio;QTR;E272;25/07/2025;6422;1020;6550,4;9448,6;1,51;5551;53,64%
APT;Próprio;QTR;E268;25/07/2025;6426;1010;6490,3;9228,4;1,55;8766;42,30%
APT;Próprio;QTR;E214;28/07/2025;5468;1090;5960,1;8737,4;1,61;9601;36,28%
APT;Próprio;QTR;E216;28/07/2025;5525;885;4889,6;7226,5;1,56;5212;51,45%
APT;Próprio;QTR;E262;28/07/2025;8115;1109;8999,5;14157,2;1,65;6434;55,77%
APT;Próprio;QTR;E238;28/07/2025;7586;990;7510,1;11010,3;1,54;5373;58,54%
APT;Próprio;QTR;E244;28/07/2025;6681;1157;7729,9;11086,7;1,51;6696;49,94%
APT;Próprio;QTR;E205;28/07/2025;6522;1130;7369,9;11246;1,59;4981;56,70%
APT;Próprio;QTR;E245;28/07/2025;5974;1160;6929,8;10825,7;1,63;5771;50,86%
APT;Próprio;QTR;E246;28/07/2025;6314;1020;6440,3;9443,4;1,53;3579;63,82%
APT;Próprio;SFS;E515;29/07/2025;1538;930;1430,3;1851,4;1,62;3973;27,90%
APT;Próprio;SFS;E342;29/07/2025;4681;1380;6459,8;8766,7;1,57;3111;60,07%
APT;Próprio;SFS;E301;29/07/2025;6541;1090;7129,7;10001;1,57;959;87,21%
APT;Próprio;QTR;E235;31/07/2025;7142;1060;7570,5;11778;1,63;5318;57,32%
APT;Próprio;QTR;E229;31/07/2025;4833;1080;5219,6;7903,6;1,61;5528;46,64%
APT;Próprio;SFS;E517;01/08/2025;1393;1070;1490,5;1958,2;1,55;3674;27,49%
APT;Próprio;SFS;E516;01/08/2025;1459;980;1429,8;2086,4;1,52;4531;24,35%
APT;Próprio;SFS;E273;01/08/2025;5537;1210;6699,8;9017,4;1,52;1963;73,83%
APT;Próprio;SFS;E284;06/08/2025;6600;1000;6600;9117,1;1,64;12067;35,36%
APT;Próprio;SFS;E258;06/08/2025;6067;1200;7280,4;10323,2;1,56;1514;80,03%
APT;Próprio;SFS;E259;06/08/2025;6420;1120;7190,4;10037,6;1,53;1043;86,02%
APT;Próprio;QTR;E208;07/08/2025;4221;1310;5529,5;7826,2;1,47;3137;57,36%
APT;Próprio;QTR;E219;07/08/2025;4876;1290;6290;8817,8;1,47;4584;51,54%
APT;Próprio;QTR;T01;07/08/2025;67808;894;60620,4;77647,9;1,35;49416;57,84%
APT;Próprio;SFS;E202;08/08/2025;3144;1180;3709,9;4959,7;1,6;9062;25,76%
APT;Próprio;SFS;E519;08/08/2025;1486;1070;1590;2243,5;1,63;3514;29,71%
APT;Próprio;SFS;E521;08/08/2025;1571;1025;1610,3;2092,2;1,6;3753;29,50%
APT;Próprio;SFS;E520;08/08/2025;1526;1016;1550,4;2130,8;1,57;2339;39,48%
APT;Próprio;SFS;E349;08/08/2025;6629;970;6430,1;9031,4;1,68;12309;35,00%
APT;Próprio;SFS;E303;11/08/2025;5973;1130;6749,5;9711,6;1,53;4579;56,60%
APT;Próprio;SFS;E307;11/08/2025;5658;1110;6280,4;9508,2;1,6;3956;58,85%
APT;Próprio;SFS;E452;11/08/2025;1294;1090;1410,5;2010,8;1,56;1925;40,20%
APT;Próprio;SFS;E451;11/08/2025;1358;1075;1459,9;2151,1;1,58;1211;52,86%
APT;Próprio;SFS;E298;11/08/2025;6280;1070;6719,6;10708,2;1,69;3791;62,36%
APT;Próprio;SFS;E211;11/08/2025;3292;960;3160,3;4363,7;1,59;3654;47,39%
APT;Próprio;SFS;E279;14/08/2025;4462;1170;5220,5;7785,9;1,61;9251;32,54%
APT;Próprio;SFS;E454;14/08/2025;1527;1100;1679,7;2284,1;1,44;1232;55,34%
APT;Próprio;SFS;E300;14/08/2025;6453;860;5549,6;7249,1;1,46;670;90,59%
APT;Próprio;SFS;E338 ;15/08/2025;5405;1160;6269,8;9208;1,57;5973;47,50%
APT;Próprio;SFS;E306;18/08/2025;5310;1130;6000,3;8646,7;1,57;7240;42,31%
APT;Próprio;SFS;E315;18/08/2025;5219;1280;6680,3;9245,5;1,56;2038;71,92%
APT;Próprio;SFS;E270;18/08/2025;5933;1200;7119,6;9843,6;1,51;1067;84,76%
APT;Próprio;SFS;E321;18/08/2025;6455;1120;7229,6;10494,1;1,61;1545;80,69%
APT;Próprio;SFS;E311;18/08/2025;6962;1040;7240,5;10413,8;1,62;944;88,06%
APT;Próprio;QTR;E223;19/08/2025;4978;930;4629,5;6998,4;1,62;6401;43,74%
APT;Próprio;SFS;E278;20/08/2025;5965;1130;6740,5;10159,5;1,61;6715;47,04%
APT;Próprio;SFS;E277;20/08/2025;4873;1100;5360,3;7932,3;1,6;5406;47,40%
APT;Próprio;SFS;E323;20/08/2025;6583;1150;7570,5;10009,6;1,5;2389;73,37%
APT;Próprio;SFS;E317;20/08/2025;6296;1150;7240,4;10276,1;1,58;1704;78,70%
APT;Próprio;SFS;ET15;21/08/2025;41268;1090,4;44999,9;68665,3;1,74;114976;26,41%
APT;Próprio;QTR;E265;25/08/2025;10773;957;10309,8;11692,7;1,17;3906;73,39%
APT;Próprio;QTR;E210;25/08/2025;7359;920;6770,3;9365,9;1,45;3548;67,47%
APT;Próprio;QTR;E213;25/08/2025;7301;930;6789,9;8999,9;1,37;4507;61,83%
APT;Próprio;QTR;E249;25/08/2025;4955;1340;6639,7;9650,9;1,52;5057;49,49%
APT;Próprio;SFS;E277;25/08/2025;5655;1100;6220,5;9417,7;1,62;4624;55,01%
APT;Próprio;SFS;E249;25/08/2025;6505;1030;6700,2;10212,2;1,67;15823;29,13%
APT;Próprio;SFS;E455;25/08/2025;1786;980;1750,3;2444,3;1,48;1041;63,18%
APT;Próprio;SFS;E334 ;25/08/2025;6464;1120;7239,7;10300,1;1,59;1536;80,80%
APT;Próprio;QTR;E269;26/08/2025;7261;920;6680,1;9068,9;1,49;6191;53,97%
APT;Próprio;QTR;E273;28/08/2025;7416;921;6830,1;9946,3;1,52;3526;67,77%
APT;Próprio;QTR;E267;28/08/2025;5885;960;5649,6;8059,5;1,53;8472;40,99%
APT;Próprio;QTR;E258;28/08/2025;7478;920;6879,8;9807,2;1,48;1705;81,43%
APT;Próprio;QTR;E250;29/08/2025;7311;1320;9650,5;13027,7;1,4;2768;72,53%
APT;Próprio;SFS;E256;29/08/2025;5604;1110;6220,4;9467,3;1,64;6106;47,86%
APT;Próprio;SFS;E268;29/08/2025;5936;1090;6470,2;9266,9;1,51;3672;61,78%
APT;Próprio;SFS;E337;29/08/2025;6037;1080;6520;9990,6;1,63;5714;51,37%
APT;Próprio;SFS;E456;29/08/2025;1696;1020;1729,9;2465,3;1,56;1490;53,22%
APT;Integração;LRG;"c06 Tanque 229 ( 1"" pvc R )";01/09/2025;2112;1316,1;2779,5;4013,5;1,5;1983;51,57%
APT;Integração;LRG;"c22 Tanque 245 (1"" pvc B)";01/09/2025;7390;1219,6;9012,5;13325,4;1,53;3487;67,94%
APT;Integração;LRG;d01 Tanque 250 (5/8 pvc/inox R juvenil);01/09/2025;1862;1262,9;2351,5;3541,3;1,55;721;72,08%
APT;Integração;PGP;E327;01/09/2025;6900;852;5878,8;6035,6;1,5;63;94,98%
APT;Integração;PGP;E439;01/09/2025;3371;1111,2;3745,9;5277,4;1,97;157;95,55%
APT;Integração;PGP;E415;01/09/2025;2955;1003;2963,9;3832,9;1,39;160;74,23%
APT;Próprio;SFS;E275;02/09/2025;4874;1350;6579,9;9778,6;1,59;7374;39,79%
APT;Próprio;SFS;E269;02/09/2025;4594;1060;4869,6;7100,3;1,56;3425;57,29%
APT;Integração;LRG;d01 Tanque 250 (5/8 pvc/inox R juvenil);03/09/2025;4570;1304,3;5960,5;8799,2;1,52;1710;72,77%
APT;Integração;LRG;"d11 Tanque 260 (1"" pvc R)";03/09/2025;4548;1364;6203,5;9438,7;1,57;3420;57,07%
APT;Próprio;SFS;E280;03/09/2025;2785;1490;4149,7;5900,3;1,5;2461;53,08%
APT;Próprio;SFS;E217;03/09/2025;7136;1100;7849,6;10851,8;1,52;12150;37,00%
APT;Integração;PGP;E340;04/09/2025;6416;870;5581,9;7105,1;1,68;260;90,10%
APT;Integração;PGP;E409;04/09/2025;3156;903;2849,9;4076,7;1,6;58;77,91%
APT;Integração;PGP;E446;04/09/2025;2610;1003;2617,8;4047,9;1,66;114;65,25%
APT;Integração;LDC;263;05/09/2025;9137;876,9;8012,2;11560,3;1,58;11898;43,44%
APT;Integração;LDC;229;05/09/2025;10098;843,3;8515,6;11566,4;1,52;7655;56,88%
APT;Integração;LDC;265;05/09/2025;7052;850,5;5997,7;8465,1;1,54;7824;47,40%
APT;Integração;LRG;"a10 Tanque 190 (1"" pvc )";07/09/2025;6355;1225,8;7790;10927,1;1,51;9982;38,90%
APT;Integração;LRG;"d11 Tanque 260 (1"" pvc R)";07/09/2025;1735;1360,2;2360;3307,4;1,44;1460;54,29%
APT;Integração;LRG;"a10 Tanque 190 (1"" pvc )";08/09/2025;1684;1168,9;1968,5;2872,7;1,57;2334;41,91%
APT;Integração;LRG;"a23 Tanque 203 (1"" 1/4 inox )";08/09/2025;8628;1151,5;9935;14412,9;1,54;6124;58,49%
APT;Integração;LRG;"b10 Tanque 214 (1"" inox )";08/09/2025;1092;1174;1282;1909,2;1,55;524;67,56%
APT;Integração;PGP;E329;08/09/2025;6327;904;5719,6;6475,4;1,73;226;87,73%
APT;Integração;PGP;E425;08/09/2025;2727;1006;2743,4;4280,4;1,68;201;67,62%
APT;Integração;LDC;303;09/09/2025;7563;875,1;6618,4;9666,3;1,54;5709;56,98%
APT;Integração;LRG;"b10 Tanque 214 (1"" inox )";09/09/2025;6583;1285;8459;12474,5;1,53;3154;67,61%
APT;Integração;LRG;"b11 Tanque 215 (1"" inox )";09/09/2025;1734;1015,6;1761;2349,3;1,39;1743;49,86%
APT;Integração;LRG;"b18 Tanque 222 (1"" inox )";10/09/2025;5556;1281;7117;10396,7;1,54;4667;54,35%
APT;Próprio;QTR;E211;10/09/2025;5910;1154;6820,1;10066,5;1,54;5196;53,21%
APT;Próprio;QTR;E211;10/09/2025;5910;1154;6820,1;10066,5;1,54;5196;53,21%
APT;Próprio;QTR;T08;10/09/2025;69958;959;67089,7;101225,3;1,57;25560;73,24%
APT;Próprio;QTR;T08;10/09/2025;69958;959;67089,7;101225,3;1,57;25560;73,24%
APT;Integração;LRG;"b11 Tanque 215 (1"" inox )";11/09/2025;6922;1125;7787;10888,8;1,44;5362;56,35%
APT;Integração;LRG;"b18 Tanque 222 (1"" inox )";11/09/2025;1677;1328;2227;3253,3;1,54;1408;54,35%
APT;Integração;PGP;E319;11/09/2025;6465;902;5831,4;7310,5;1,72;383;87,04%
APT;Integração;PGP;E419;11/09/2025;3211;905;2906;4380,7;1,63;131;79,94%
APT;Integração;PGP;E448;11/09/2025;2388;1006,6;2403,9;4034,4;1,82;165;59,15%
APT;Próprio;SFS;E340 ;12/09/2025;5256;1290;6780,2;9720,1;1,62;2244;70,08%
APT;Próprio;SFS;ET14;12/09/2025;34926;1220;42609,7;60559,7;1,59;6503;84,30%
APT;Próprio;SFS;E339;12/09/2025;6527;1120;7310,2;10138,5;1,53;973;87,03%
APT;Integração;LRG;"b11 Tanque 215 (1"" inox )";14/09/2025;1121;1169,9;1311,5;2883,2;2,26;680;62,23%
APT;Integração;LRG;"c08 Tanque 231(1"" inox B)";14/09/2025;6425;1364;8763,5;12966,1;1,53;4041;61,39%
APT;Integração;LRG;"c20 Tanque 243 (1"" pvc R)";14/09/2025;2385;1294,8;3088;4470,4;1,55;2638;47,48%
APT;Integração;LRG;"c20 Tanque 243 (1"" pvc R)";15/09/2025;5430;1245,2;6761,5;9637,2;1,54;6489;45,56%
APT;Integração;LRG;d13 Tanque 262 (5/8 pvc R juvenil );15/09/2025;4257;1247,8;5312;7355,5;1,55;7300;36,83%
APT;Integração;LDC;297;16/09/2025;8851;924,9;8186,3;11399,6;1,49;7607;53,78%
APT;Integração;LDC;202;16/09/2025;9187;916,3;8418,1;12019,2;1,54;6637;58,06%
APT;Integração;LDC;268;16/09/2025;9096;915,2;8324,7;11360,4;1,46;6658;57,74%
APT;Próprio;SFS;E327;16/09/2025;5763;1435;8269,9;12004,9;1,53;5660;50,45%
APT;Próprio;SFS;E281;16/09/2025;4830;1410;6810,3;10155,1;1,58;5926;44,90%
APT;Próprio;SFS;E276;16/09/2025;5457;1380;7530,7;10450;1,54;2543;68,21%
APT;Integração;LRG;"a08 Tanque 188 (1"" inox )";17/09/2025;7784;1268,8;9876;14236;1,51;4984;60,96%
APT;Integração;LRG;"b21 Tanque 225 ( 1""inox B )";18/09/2025;5449;1217,3;6633;9846,5;1,55;2316;70,17%
APT;Integração;LRG;d13 Tanque 262 (5/8 pvc R juvenil );18/09/2025;2966;1177,5;3492,5;4728,6;1,52;4703;38,67%
APT;Integração;PGP;E316;18/09/2025;6275;940;5898,5;8238,4;1,62;236;88,89%
APT;Integração;PGP;E453;18/09/2025;2932;999;2929,1;4662,7;1,78;59;69,73%
APT;Próprio;SFS;E329 ;18/09/2025;5344;1452;7759,5;10900,5;1,54;2156;71,25%
APT;Próprio;SFS;E332 ;18/09/2025;6146;1396;8579,8;11787,2;1,51;1854;76,83%
APT;Próprio;SFS;E332 ;18/09/2025;6146;1396;8579,8;11787,2;1,51;1854;76,83%
APT;Integração;PGP;E310;19/09/2025;6290;1018;6403,2;8271,8;1,64;333;87,02%
APT;Próprio;QTR;T05;19/09/2025;66636;1070;71300,5;99098,4;1,45;49557;57,35%
APT;Próprio;QTR;T05;19/09/2025;66636;1070;71300,5;99098,4;1,45;49557;57,35%
APT;Integração;LRG;"b08 Tanque 212 (1"" 1/4 inox )";21/09/2025;8501;1173,2;9973;14681,7;1,55;7571;52,89%
APT;Integração;LRG;"b21 Tanque 225 ( 1""inox B )";21/09/2025;1284;1279,6;1643;2315,8;1,47;618;67,49%
APT;Integração;LRG;"b14 Tanque 218 (1"" inox )";22/09/2025;6698;1299;8701;12840,5;1,53;4234;61,26%
APT;Integração;LRG;c19 Tanque 242 (5/8 pvc  azul T juvenil);22/09/2025;3563;1248,2;4447,5;6458,5;1,55;4020;46,98%
APT;Próprio;QTR;E232;22/09/2025;6760;1290;8720,4;13332,2;1,59;6146;52,37%
APT;Próprio;QTR;E286;22/09/2025;7094;1097;7782,1;11378,6;1,54;6825;50,96%
APT;Próprio;QTR;E207;22/09/2025;7341;1072;7869,6;11846,7;1,58;5152;58,76%
APT;Integração;LDC;309;23/09/2025;6637;921,3;6114,7;8703,3;1,54;6686;49,81%
APT;Integração;LDC;277;23/09/2025;10681;845,9;9035,1;12411,3;1,5;8115;56,82%
APT;Integração;LRG;"c16 Tanque 239 (1"" pvc  azul RM)";23/09/2025;7977;1104,3;8809;13414,9;1,62;6220;56,19%
APT;Integração;LRG;c19 Tanque 242 (5/8 pvc  azul T juvenil);23/09/2025;4080;1078,7;4401;6333;1,53;2759;59,65%
APT;Próprio;SFS;E341 ;23/09/2025;4867;1580;7689,9;11567,5;1,59;5446;47,19%
APT;Próprio;SFS;E289;23/09/2025;4760;1540;7330,4;10802,8;1,55;6975;40,56%
APT;Próprio;SFS;E347;23/09/2025;4668;1401;6539,9;9750,7;1,57;4850;49,04%
APT;Integração;PGP;E401;25/09/2025;4467;849,1;3793,1;4963,2;1,59;102;94,62%
APT;Integração;PGP;E320;25/09/2025;6266;1010;6328,7;8749,1;1,59;579;84,21%
APT;Próprio;SFS;E214;25/09/2025;4712;1250;5890;8772,6;1,58;7996;37,08%
APT;Próprio;SFS;E330 ;25/09/2025;5521;1210;6680,4;9167,6;1,5;12479;30,67%
APT;Próprio;SFS;E215;25/09/2025;5609;1150;6450,4;9850,9;1,62;4513;55,41%
APT;Próprio;SFS;E224;25/09/2025;2887;1150;3320,1;4450,1;1,51;4065;41,53%
APT;Próprio;SFS;E225;25/09/2025;3808;1200;4569,6;6140,2;1,51;2551;59,88%
APT;Integração;PGP;E305;26/09/2025;5850;1089;6370,7;8912,4;1,69;353;75,62%
APT;Integração;PGP;E435;26/09/2025;3004;918;2757,7;4042,1;1,81;177;73,09%
APT;Integração;PGP;E332;26/09/2025;5801;980,7;5689;6381,2;1,78;1349;80,58%
APT;Próprio;SFS;E288;26/09/2025;4394;1650;7250,1;10569,8;1,54;8183;34,93%
APT;Próprio;SFS;E331 ;26/09/2025;4000;1330;5320;7630,2;1,51;3740;51,67%
APT;Próprio;SFS;E358;26/09/2025;5941;1020;6059,8;8496,1;1,52;6384;48,20%
APT;Próprio;SFS;E296;26/09/2025;6378;980;6250,4;8520,3;1,52;15253;29,49%
APT;Integração;LRG;"a01 Tanque 181 (1"" inox)";28/09/2025;7788;1260,5;9817;13677,8;1,53;10037;43,69%
APT;Integração;LRG;"a05 Tanque 185 (1"" 1/4 inox )";28/09/2025;2621;1266,1;3318,5;5231,7;1,66;2075;55,81%
APT;Integração;LRG;"c16 Tanque 239 (1"" pvc  azul RM)";28/09/2025;997;1011,5;1008,5;812,3;0,86;796;55,58%
APT;Próprio;QTR;E260;29/09/2025;5899;1290;7609,7;10682,4;1,48;6663;46,96%
APT;Próprio;QTR;E274;29/09/2025;6833;1097;7495,8;9981,4;1,4;4894;58,27%
APT;Próprio;QTR;E254;29/09/2025;7164;1160;8310,2;11090,9;1,44;4001;64,16%
APT;Integração;LDC;232;30/09/2025;9401;914,7;8599,1;11812,4;1,54;9308;50,25%
APT;Integração;LDC;291;30/09/2025;10298;889,7;9162,1;12788,2;1,5;6720;60,51%
APT;Integração;PGP;E311;30/09/2025;6706;975;6538,4;9162,1;1,71;785;89,52%
APT;Próprio;QTR;E277;30/09/2025;7000;1080;7560;10933,4;1,53;7723;47,54%
APT;Próprio;QTR;E252;30/09/2025;6111;1170;7149,9;10265,6;1,5;5773;51,42%
APT;Próprio;SFS;E212;30/09/2025;4359;1420;6189,8;9004,7;1,55;8296;34,44%
APT;Próprio;SFS;E320;30/09/2025;4868;1060;5160,1;7527,8;1,54;2514;65,94%
APT;Integração;LRG;"a05 Tanque 185 (1"" 1/4 inox )";01/10/2025;5837;1211;7068,5;9606,5;1,44;5031;53,71%
APT;Integração;LRG;"a09 Tanque 189 (1"" pvc )";01/10/2025;5225;1163,2;6077,5;9080,6;1,57;4504;53,70%
APT;Integração;PGP;E302;01/10/2025;7903;891,3;7043,8;9084,6;1,99;1704;82,26%
APT;Integração;PGP;E306;01/10/2025;4446;1014;4508,2;5534;2,71;2055;68,39%
APT;Próprio;SFS;E291;01/10/2025;5713;1430;8169,6;12233,6;1,56;5806;49,59%
APT;Próprio;SFS;E282;01/10/2025;4864;1400;6809,6;10058;1,56;7988;37,84%
APT;Próprio;SFS;E310;01/10/2025;5984;1240;7420,2;11085,8;1,62;4527;56,93%
APT;Integração;LRG;"a09 Tanque 189 (1"" pvc )";02/10/2025;2833;1046,2;2964;4177,2;1,49;2373;54,41%
APT;Próprio;SFS;E335 ;02/10/2025;5250;1480;7770;11359,7;1,54;5191;50,28%
APT;Próprio;SFS;E292;02/10/2025;2492;1320;3289,4;4782,5;1,52;1431;63,52%
APT;Próprio;SFS;E350;02/10/2025;6219;1280;7960,3;11749,1;1,56;6202;50,06%
APT;Próprio;SFS;E458 ;02/10/2025;1449;1070;1550,4;2226,9;1,53;1089;57,07%
APT;Próprio;SFS;E457;02/10/2025;1842;1010;1860,4;2722,1;1,59;1325;58,14%
APT;Próprio;SFS;E273;02/10/2025;3889;990;3850,1;5828,7;1,56;2385;61,98%
APT;Próprio;SFS;E484;02/10/2025;1967;920;1809,6;2308,5;1,41;1932;50,44%
APT;Próprio;SFS;E485;02/10/2025;1789;900;1610,1;2247,8;1,51;2253;44,25%
APT;Próprio;SFS;E459;02/10/2025;1789;900;1610,1;2376,3;1,57;671;72,72%
APT;Próprio;SFS;E460;03/10/2025;1734;1280;2219,5;3279,3;1,57;709;70,96%
APT;Próprio;SFS;E261;03/10/2025;5969;1270;7580,6;10455,9;1,45;4475;57,15%
APT;Próprio;SFS;E257;03/10/2025;4142;1130;4680,5;6419,2;1,51;10628;28,04%
APT;Próprio;SFS;ET08;03/10/2025;24601;1430;35179,4;51642,9;1,65;10111;70,87%
APT;Integração;LRG;"a14 Tanque 194 (1"" pvc )";05/10/2025;6476;1335,5;8649;12823,8;1,54;4431;59,37%
APT;Integração;LRG;"a19 Tanque 199 (1"" pvc )";06/10/2025;7564;1166,1;8820,5;11858,8;1,53;13822;35,37%
APT;Integração;LRG;"a20 Tanque 200 (1"" pvc )";06/10/2025;1110;1237,8;1374;2034,7;1,54;318;77,72%
APT;Próprio;QTR;E212;06/10/2025;6981;1060;7399,9;10630,7;1,53;7995;46,61%
APT;Próprio;QTR;E243;06/10/2025;7137;1296;9249,6;13955,7;1,56;4321;62,28%
APT;Próprio;SFS;E462;06/10/2025;1473;1181,3;1740;2139,8;1,3;1160;55,93%
APT;Próprio;SFS;E209;06/10/2025;5668;1145;6489,9;9848,6;1,61;5518;50,67%
APT;Integração;LDC;218;07/10/2025;9091;921,5;8377,4;11101,3;1,54;14433;38,64%
APT;Integração;LDC;302;07/10/2025;7900;905,3;7151,9;9916,8;1,5;4442;64,01%
APT;Integração;LDC;320;07/10/2025;9542;915,7;8737,6;12243,2;1,53;15617;37,93%
APT;Integração;LRG;"a20 Tanque 200 (1"" pvc )";07/10/2025;5515;1385,2;7639,5;11387;1,55;2478;69,00%
APT;Integração;LRG;"b04 Tanque 208 (1"" inox )";07/10/2025;1927;1281,5;2469,5;3849,6;1,61;1030;65,15%
APT;Próprio;SFS;E219;07/10/2025;4349;1513;6580;10186,9;1,62;5330;44,93%
APT;Próprio;SFS;E221;08/10/2025;5245;1430;7500,4;10806,8;1,48;6680;43,98%
APT;Próprio;SFS;E242;08/10/2025;2441;1134,8;2770;3385,5;1,3;1056;69,79%
APT;Próprio;SFS;E231;08/10/2025;4194;1402;5880;5932,2;1,08;437;90,56%
APT;Próprio;SFS;E231;08/10/2025;1027;1402;1439,9;4186,8;3,59;2241;31,42%
APT;Próprio;SFS;E203;08/10/2025;6088;1117;6800,3;8994,4;1,47;1812;77,06%
APT;Próprio;QTR;E201;09/10/2025;6882;927;6379,6;9621,1;1,61;5907;53,81%
APT;Próprio;SFS;E464;09/10/2025;779;1309,4;1020;1287,7;1,32;517;60,09%
APT;Próprio;SFS;E241;09/10/2025;5123;1261;6460,1;9459,3;1,6;5285;49,22%
APT;Próprio;SFS;E242;09/10/2025;3762;1135;4269,9;6827;1,73;3289;53,35%
APT;Próprio;SFS;E204;09/10/2025;5844;1196;6989,4;9682,8;1,53;2056;73,97%
APT;Integração;LDC;2;10/10/2025;1634;936,1;1529,6;2222,3;1,58;1453;52,92%
APT;Integração;LDC;301;10/10/2025;8306;909,3;7552,7;10641;1,49;12677;39,58%
APT;Próprio;QTR;E264;10/10/2025;6753;1161;7840,2;10825;1,47;2825;70,50%
APT;Próprio;SFS;E464;10/10/2025;832;1310;1089,9;1887,7;1,84;1066;43,82%
APT;Próprio;SFS;E462;10/10/2025;254;1181;300;728,6;2,73;643;28,30%
APT;Próprio;SFS;E461;10/10/2025;1133;980;1110,3;1616,6;1,63;2313;32,88%
APT;Integração;LRG;"b04 Tanque 208 (1"" inox )";12/10/2025;5843;1264,4;7388;10584;1,48;2950;66,45%
APT;Integração;LRG;"b07 Tanque 211 (1"" 1/4 inox )";12/10/2025;4934;1161,1;5729;8615,1;1,6;4115;54,52%
APT;Integração;LRG;"b07 Tanque 211 (1"" 1/4 inox )";13/10/2025;2262;1090,2;2466;3233;1,41;2374;48,78%
APT;Integração;LRG;"b12 Tanque 216 (1"" inox )";13/10/2025;8488;1247,3;10587;14473,2;1,53;8573;49,75%
APT;Próprio;SFS;E238;13/10/2025;5607;1350;7569,5;11513,6;1,6;5064;52,54%
APT;Próprio;SFS;E237;13/10/2025;5363;1320,1;7080;10597,5;1,58;5490;49,41%
APT;Integração;LRG;"b22 Tanque 226 (1"" inox )";14/10/2025;7510;1146,6;8611;11966,6;1,54;11111;40,33%
APT;Integração;LRG;"c07 Tanque 230 ( 1"" pvc R )";14/10/2025;4320;1301,3;5621,5;8622,4;1,6;2217;66,08%
APT;Próprio;SFS;E233;14/10/2025;5407;1180;6380,3;9646;1,61;5548;49,36%
APT;Próprio;SFS;E348;14/10/2025;5824;1080;6289,9;8657,1;1,5;11123;34,36%
APT;Próprio;SFS;E248;16/10/2025;6716;1162,9;7810,2;11365,2;1,58;11515;36,84%
APT;Próprio;SFS;E200;16/10/2025;3509;1160;4070,4;5272,2;1,41;4999;41,24%
APT;Próprio;SFS;E229;16/10/2025;6043;1102;6659,6;9178,4;1,55;10385;36,78%
APT;Integração;LDC;201;17/10/2025;9305;937,5;8723,4;12466,3;1,54;6619;58,43%
APT;Integração;LDC;224;17/10/2025;9207;910,8;8385,7;11646,8;1,52;9034;50,47%
APT;Integração;LDC;307;17/10/2025;7803;910,6;7105,4;9828,1;1,49;9721;44,53%
APT;Próprio;QTR;T02;17/10/2025;53860;1040,6;56048,9;78493,9;1,43;36426;59,65%
APT;Próprio;SFS;E232;17/10/2025;5600;1150;6440;9496,6;1,6;10736;34,28%
APT;Próprio;QTR;E284;18/10/2025;7117;1073,5;7640;11195,4;1,55;5699;55,53%
APT;Próprio;QTR;E291;18/10/2025;8444;900;7599,6;10546,2;1,47;3258;72,16%
APT;Próprio;QTR;E225;18/10/2025;7504;1190;8929,8;13840,4;1,6;5176;59,18%
APT;Próprio;SFS;E239;18/10/2025;5818;1100;6399,8;8924,7;1,57;10500;35,65%
APT;Próprio;SFS;E213;18/10/2025;6267;1018;6379,8;9008,2;1,52;9165;40,61%
APT;Integração;LRG;"c07 Tanque 230 ( 1"" pvc R )";19/10/2025;1166;1193,4;1391,5;1586,4;1,25;2325;33,40%
APT;Próprio;SFS;E472;20/10/2025;1797;1230;2210,3;3173,9;1,59;3708;32,64%
APT;Próprio;SFS;E480;20/10/2025;1667;1230;2050,4;2970,7;1,58;2649;38,62%
APT;Próprio;SFS;E471;20/10/2025;1500;1180;1770;2546;1,56;2207;40,46%
APT;Próprio;SFS;E245;20/10/2025;2675;1170;3129,8;4415,9;1,51;4340;38,13%
APT;Próprio;SFS;E201;20/10/2025;5890;1000;5890;8370;1,54;9741;37,68%
APT;Próprio;SFS;E244;20/10/2025;5515;990;5459,9;7951,8;1,6;10892;33,61%
APT;Próprio;SFS;E357;20/10/2025;6089;900;5480,1;8008,7;1,6;8428;41,94%
APT;Integração;LRG;"c11 Tanque 234 (1"" pvc B)";21/10/2025;6924;1362,7;9435,5;13251,8;1,53;11208;38,18%
APT;Integração;LRG;c10 Tanque 233 (sem tela );21/10/2025;2967;1241,2;3682,5;5558,1;1,62;3380;46,74%
APT;Próprio;SFS;E356;21/10/2025;6426;1080;6940,1;9435,3;1,52;16417;28,13%
APT;Próprio;SFS;E481;21/10/2025;1685;1080;1819,8;2518,4;1,6;3224;34,32%
APT;Próprio;SFS;E267;21/10/2025;6552;960;6289,9;9046;1,58;11221;36,86%
APT;Próprio;SFS;E308;21/10/2025;6407;910;5830,4;8254,5;1,6;11024;36,75%
APT;Próprio;SFS;E469;21/10/2025;1735;1170;2030;2823;1,52;333;83,90%
APT;Próprio;SFS;E468;22/10/2025;2136;1175;2509,8;3867,3;1,62;1193;64,16%
APT;Próprio;SFS;E478;22/10/2025;1863;1170;2179,7;2906,7;1,42;2470;42,99%
APT;Próprio;SFS;E467;22/10/2025;2027;1120;2270,2;3459,1;1,62;1432;58,60%
APT;Próprio;SFS;E473;22/10/2025;1766;1070;1889,6;2606,3;1,53;3595;32,94%
APT;Integração;LRG;c10 Tanque 233 (sem tela );23/10/2025;4295;1172,6;5036,5;6893,9;1,47;4681;47,85%
APT;Integração;LRG;"c12 Tanque 235 (1"" pvc  azul T)";23/10/2025;4201;1242,8;5221;6929,5;1,44;5287;44,27%
APT;Próprio;QTR;E302;23/10/2025;7740;916;7089,8;10754,1;1,59;5273;59,48%
APT;Integração;LRG;"c12 Tanque 235 (1"" pvc  azul T)";24/10/2025;3090;1285;3970,5;6172,3;1,67;3248;48,75%
APT;Integração;LRG;c14 Tanque 237 (5/8 pvc/inox R juvenil);24/10/2025;7273;1143,8;8318,5;12164,4;1,54;4148;63,68%
APT;Próprio;QTR;E280;24/10/2025;6131;1300;7970,3;11350;1,5;4438;58,01%
APT;Próprio;QTR;E263;24/10/2025;7809;1255;9800,3;14238,7;1,5;4709;62,38%
APT;Próprio;QTR;E231;24/10/2025;7844;1285;10079,5;14586,1;1,51;4813;61,97%
APT;Integração;LRG;d09 Tanque 258 (5/8 pvc/inox T juvenil);26/10/2025;6867;1171,8;8046,5;11075,3;1,55;9791;41,22%
APT;Integração;LRG;"d10 Tanque 259 (1"" inox R)";26/10/2025;1569;1356,6;2128,5;3093,4;1,59;1800;46,57%
APT;Integração;LDC;261;27/10/2025;9005;912,2;8214,4;11583,7;1,54;6752;57,15%
APT;Integração;LDC;305;27/10/2025;7535;838,5;6318,1;8714,5;1,5;6875;52,29%
APT;Integração;LRG;"d10 Tanque 259 (1"" inox R)";27/10/2025;5272;1351,3;7124;9930,6;1,5;4371;54,67%
APT;Integração;LRG;"c25 Tanque 248 (1"" pvc  azul R)";27/10/2025;3881;1260,1;4890,5;7227,5;1,58;4740;45,02%
APT;Próprio;QTR;E282;27/10/2025;7064;1182;8349,7;11530,8;1,44;3976;63,98%
APT;Próprio;QTR;E276;27/10/2025;6525;1272;8299,8;12049,5;1,5;3550;64,76%
APT;Próprio;QTR;E236;27/10/2025;7510;1193;8959,4;12723,1;1,47;3903;65,80%
APT;Próprio;SFS;E286;27/10/2025;4764;1480;7050,7;9866,2;1,47;7828;37,83%
APT;Próprio;SFS;E463;27/10/2025;1505;1050;1580,3;2271,1;1,54;1490;50,25%
APT;Próprio;SFS;E355;27/10/2025;6305;820;5170,1;7504;1,59;8207;43,44%
APT;Integração;LRG;"c25 Tanque 248 (1"" pvc  azul R)";28/10/2025;3404;1219,7;4152;5735,2;1,48;3814;47,16%
APT;Integração;LRG;c17 Tanque 240 (5/8 pvc  azul T juvenil);28/10/2025;6901;1157,7;7989,5;11334,7;1,54;10962;38,63%
APT;Próprio;QTR;E239;28/10/2025;6801;1266;8610,1;11108;1,4;5135;56,98%
APT;Próprio;QTR;E300;28/10/2025;7339;1090;7999,5;11776,6;1,58;6421;53,33%
APT;Próprio;SFS;E479;28/10/2025;1780;1180;2100,4;3034,1;1,59;3121;36,31%
APT;Próprio;SFS;E486;28/10/2025;1364;1100;1500,4;2132,7;1,56;2913;31,89%
APT;Próprio;SFS;E487;28/10/2025;1486;1070;1590;2219,6;1,54;3096;32,43%
APT;Próprio;SFS;E483;28/10/2025;1971;1050;2069,6;2900,4;1,57;2691;42,28%
APT;Próprio;SFS;E352;28/10/2025;5634;1010;5690,3;8117;1,63;11004;33,86%
APT;Próprio;SFS;E351;28/10/2025;4755;1020;4850,1;6308,6;1,53;4269;52,69%
APT;Integração;LRG;c17 Tanque 240 (5/8 pvc  azul T juvenil);29/10/2025;1461;1119,8;1636;2321,1;1,54;2320;38,63%
APT;Integração;LRG;"c15 Tanque 238 (1"" pvc  azul B)";29/10/2025;5655;1153,1;6520,5;9543,6;1,54;5410;51,10%
APT;Integração;LRG;"d02 Tanque 251 (1""inox R)";29/10/2025;3495;1103,6;3857;5383;1,62;4571;43,33%
APT;Próprio;SFS;E475;29/10/2025;1789;1230;2200,5;3267;1,59;2184;45,02%
APT;Próprio;SFS;E476;29/10/2025;1632;1170;1909,4;2862,7;1,6;1764;48,05%
APT;Próprio;SFS;E228;29/10/2025;5256;995;5229,7;7711,7;1,63;11026;32,28%
APT;Próprio;SFS;E218;29/10/2025;6228;1010;6290,3;8203,5;1,49;3914;61,40%
APT;Integração;LRG;"d02 Tanque 251 (1""inox R)";30/10/2025;3623;1108,7;4017;4886,8;1,44;5992;37,68%
APT;Próprio;QTR;E248;30/10/2025;7690;1169;8989,6;12941,1;1,48;2505;75,42%
APT;Próprio;QTR;E261;30/10/2025;7545;1120;8450,4;12883,4;1,57;2412;75,77%
APT;Próprio;QTR;E251;31/10/2025;9288;941;8740;12097,2;1,47;7982;53,78%
APT;Próprio;SFS;E477;31/10/2025;1210;1190;1439,9;2201,6;1,64;1917;38,69%
APT;Próprio;SFS;E474;31/10/2025;1814;1180;2140,5;3075,5;1,57;2962;37,98%
APT;Próprio;SFS;E482;31/10/2025;1927;1100;2119,7;2724,4;1,44;2749;41,21%
APT;Próprio;SFS;E470;31/10/2025;1716;1090;1870,4;2624,8;1,57;636;72,96%
APT;Próprio;SFS;ET06;31/10/2025;60280;930;56060,4;84907,3;1,63;49741;54,79%
APT;Integração;LDC;267;02/11/2025;3601;924,5;3329;4170,8;1,32;1632;68,80%
APT;Integração;LDC;267;03/11/2025;4479;908,9;4071;6612,2;1,73;3084;59,22%
APT;Integração;LDC;264;03/11/2025;6522;920;6000;7316,8;1,31;5182;55,72%
APT;Próprio;SFS;E491;03/11/2025;1454;1119,7;1628;2376,2;1,57;2037;41,64%
APT;Próprio;SFS;E490;03/11/2025;1512;1070;1617,8;2325,2;1,58;2936;33,99%
APT;Integração;LDC;205;04/11/2025;9660;911;8800,3;13088,3;1,59;6993;58,01%
APT;Próprio;SFS;E353;05/11/2025;3446;1010;3480,5;4874;1,54;3700;48,22%
APT;Próprio;SFS;E205;05/11/2025;5827;980;5710,5;8056,3;1,55;10467;35,76%
APT;Próprio;SFS;E322;05/11/2025;3011;920;2770;3875,6;1,59;5807;34,15%
APT;Próprio;SFS;E251;05/11/2025;4591;1150;5279,7;6997,8;1,5;4231;52,04%
APT;Integração;LDC;264;06/11/2025;2740;906,9;2484,9;4792,5;2,12;3629;43,02%
APT;Integração;LDC;287;06/11/2025;8287;905;7499,7;10420,5;1,49;7979;50,94%
APT;Próprio;QTR;T03;07/11/2025;63864;973;62139,7;85861,1;1,45;45600;58,34%
APT;Próprio;QTR;T03;07/11/2025;63864;973;62139,7;85861,1;1,45;45600;58,34%
APT;Próprio;SFS;ET13;07/11/2025;47611;1130;53800,4;80272,9;1,61;59291;44,54%
APT;Próprio;QTR;E298;08/11/2025;7444;720;5359,7;7087,9;1,47;7107;51,16%
APT;Próprio;QTR;E299;08/11/2025;7930;860;6819,8;9748,9;1,56;7413;51,68%
APT;Próprio;QTR;E298;08/11/2025;7444;720;5359,7;7087,9;1,47;7107;51,16%
APT;Próprio;QTR;E299;08/11/2025;7930;860;6819,8;9748,9;1,56;7413;51,68%
APT;Próprio;SFS;E250;08/11/2025;5186;1020;5289,7;7248,1;1,58;10520;33,02%
APT;Próprio;SFS;E210;08/11/2025;6231;910;5670,2;8234,9;1,59;9695;39,12%
APT;Próprio;SFS;E208;08/11/2025;6400;900;5760;8217,3;1,6;7912;44,72%
APT;Próprio;SFS;E220;08/11/2025;7161;930;6659,7;8690,9;1,5;5623;56,01%
APT;Integração;LRG;c09 Tanque 232 (5/8 pvc T juvenil);09/11/2025;1703;1177,6;2005,5;2297,1;1,31;3163;35,00%
APT;Integração;LRG;"b23 Tanque 227 (1"" inox )";09/11/2025;7081;1238,9;8773;11957,5;1,55;8762;44,69%
APT;Integração;LRG;"b19 Tanque 223 (1"" inox )";09/11/2025;2039;1185,9;2418;3472,9;1,53;2871;41,53%
APT;Integração;LRG;"b19 Tanque 223 (1"" inox )";10/11/2025;5101;1165,5;5945;8539,4;1,53;7182;41,53%
APT;Integração;LRG;"b03 Tanque 207 (1"" 1/4 inox )";10/11/2025;5121;1191,2;6100;8362,2;1,56;5988;46,10%
APT;Próprio;QTR;E281;10/11/2025;8206;814;6679,7;10331,4;1,64;3772;68,51%
APT;Próprio;QTR;E287;10/11/2025;6799;1034;7030,2;8807;1,42;8044;45,80%
APT;Próprio;QTR;E218;10/11/2025;7152;1106;7910,1;11257,4;1,52;5625;55,98%
APT;Próprio;QTR;E234;10/11/2025;7689;1095;8419,5;12906,6;1,6;6607;53,78%
APT;Integração;LRG;"b03 Tanque 207 (1"" 1/4 inox )";11/11/2025;2427;1193,2;2896;3717,2;1,48;3269;42,60%
APT;Integração;LRG;"b02  Tanque 206 (1"" inox )";11/11/2025;6179;1186,7;7332,5;9839,4;1,47;3129;66,38%
APT;Próprio;QTR;E233;11/11/2025;7529;1020;7679,6;10117,8;1,41;8468;47,06%
APT;Próprio;QTR;E270;11/11/2025;6892;962;6630,1;9992,7;1,57;5954;53,65%
APT;Próprio;QTR;E304;11/11/2025;7116;1099;7820,5;11407,3;1,55;5769;55,22%
APT;Próprio;SFS;E488;12/11/2025;1398;1030;1439,9;2101,7;1,61;2758;33,64%
APT;Próprio;SFS;E489;12/11/2025;1479;940;1390,3;2004,6;1,59;2460;37,54%
APT;Próprio;QTR;E209;13/11/2025;7395;1190;8800,1;12457,7;1,48;5395;57,81%
APT;Próprio;QTR;E202;13/11/2025;7706;1096,5;8449,9;12912,7;1,64;4502;63,12%
APT;Integração;LDC;243;16/11/2025;10120;849,4;8595,9;12434,3;1,55;8300;54,94%
APT;Integração;LDC;204;16/11/2025;7896;865,3;6832,4;9596,5;1,59;12362;38,98%
APT;Integração;LDC;308;16/11/2025;5539;817,5;4528,1;6421,4;1,59;9843;36,01%
APT;Integração;LDC;272;17/11/2025;11009;833,9;9180,4;13069,4;1,54;8797;55,58%
APT;Integração;LRG;"b02  Tanque 206 (1"" inox )";17/11/2025;1312;1208,8;1586;2566,2;1,83;1404;48,30%
APT;Integração;LRG;"a12 Tanque 192 (1"" pvc )";17/11/2025;6045;1397,4;8447,5;12429,4;1,54;4835;55,56%
APT;Integração;LRG;"b15 Tanque 219 (1"" 1/4 inox )";18/11/2025;6454;1241,5;8012,5;11375,7;1,53;9368;40,79%
APT;Próprio;QTR;E275;18/11/2025;6298;1283;8080,3;12339;1,58;4507;58,28%
APT;Próprio;QTR;E309;18/11/2025;5763;1081;6229,8;8401,6;1,4;5327;51,96%
APT;Próprio;QTR;E311;18/11/2025;9232;820;7570,2;11201,2;1,6;6928;57,13%
APT;Próprio;QTR;E305;19/11/2025;8351;970;8100,5;11882,6;1,57;7031;54,29%
APT;Próprio;SFS;E495;19/11/2025;883;1110;980,1;1396,7;1,58;2157;29,04%
APT;Próprio;SFS;E236;19/11/2025;3160;1060;3349,6;4698,7;1,52;5426;36,80%
APT;Próprio;SFS;E496;19/11/2025;1356;1040;1410,2;2133,8;1,58;642;67,84%
APT;Próprio;SFS;E494;19/11/2025;1490;1020;1519,8;2297,3;1,61;1483;50,12%
APT;Próprio;SFS;E493;19/11/2025;1485;970;1440,5;2091,2;1,57;1825;44,85%
APT;Próprio;SFS;E492;19/11/2025;1348;920;1240,2;1822;1,59;1633;45,21%
APT;Próprio;SFS;E265;19/11/2025;5275;1020;5380,5;7833,9;1,6;8489;38,32%
APT;Próprio;SFS;E260;19/11/2025;4944;1070;5290,1;7411,4;1,58;3935;55,68%
APT;Próprio;SFS;ET07;19/11/2025;51752;1090;56409,7;85418,7;1,66;103010;33,44%
APT;Integração;LRG;"b16 Tanque 220 (1"" 1/4 inox )";20/11/2025;6215;1148,9;7140,5;9633,1;1,54;11858;34,39%
APT;Integração;LRG;d05 Tanque 254 (5/8 pvc azul R juvenil);20/11/2025;4405;1161,5;5116,5;6699,6;1,57;8632;33,79%
APT;Próprio;QTR;E301;20/11/2025;8261;834;6889,7;10141,5;1,58;6820;54,77%
APT;Próprio;QTR;E319;20/11/2025;8143;840;6840,1;9820,2;1,55;6532;55,49%
APT;Próprio;QTR;E306;20/11/2025;6591;1100;7250,1;10791,1;1,6;7066;48,26%
APT;Integração;LRG;d05 Tanque 254 (5/8 pvc azul R juvenil);25/11/2025;1609;1148,5;1848;1930,3;1,37;5056;24,14%
APT;Integração;LRG;"c13 Tanque 236 ( 1"" pvc B)";25/11/2025;5677;1162,2;6598;8587;1,54;8928;38,87%
APT;Integração;LRG;"c23 Tanque 246 (1"" pvc B)";25/11/2025;3405;1118,4;3808;5406,8;1,6;2096;61,89%
APT;Próprio;SFS;E227;25/11/2025;2786;980;2730,3;3792,8;1,56;3943;41,40%
APT;Próprio;SFS;E354;25/11/2025;5898;880;5190,2;7645,6;1,62;8968;39,67%
APT;Próprio;SFS;E304;26/11/2025;4717;1130;5330,2;7873,7;1,62;9976;32,10%
APT;Próprio;SFS;E283;26/11/2025;2929;1120;3280,5;4403;1,47;4354;40,22%
APT;Próprio;SFS;E344;26/11/2025;6500;920;5980;8430,7;1,52;5390;54,67%
APT;Próprio;SFS;E271;26/11/2025;6511;880;5729,7;8338,4;1,59;6941;48,40%
APT;Próprio;SFS;E272;26/11/2025;6505;990;6440;8444,4;1,52;4762;57,73%
APT;Integração;LDC;300;27/11/2025;8319;916,6;7625,2;10645,2;1,44;696;92,28%
APT;Integração;LDC;210;27/11/2025;9658;803,1;7756,3;11286,1;1,52;2185;81,55%
APT;Integração;LRG;"c23 Tanque 246 (1"" pvc B)";27/11/2025;2577;1154,1;2974;3563,5;1,4;3052;45,78%
APT;Integração;LRG;"a06 Tanque 186 (1"" inox )";27/11/2025;6499;1107,3;7196,5;8887,7;1,38;3240;66,73%
APT;Próprio;SFS;E266;27/11/2025;5000;830;4150;5599,1;1,43;5380;48,17%
APT;Próprio;SFS;E466;27/11/2025;1793;920;1649,6;2206,6;1,43;977;64,71%
APT;Próprio;SFS;E234;27/11/2025;4467;920,1;4110;5831,6;1,58;6576;40,45%
APT;Próprio;SFS;E207;27/11/2025;6150;800;4920;6837,6;1,57;10145;37,74%
APT;Integração;LDC;268;28/11/2025;8701;874,4;7608,2;10782,8;1,54;11442;43,20%
APT;Integração;LDC;231;28/11/2025;8336;849,6;7082,3;9975,7;1,49;4852;63,21%
APT;Próprio;SFS;ET17;28/11/2025;28410;830;23580;33023,1;1,55;48325;37,02%
APT;Próprio;SFS;E312;28/11/2025;3935;1070;4210,5;6199,8;1,61;5370;42,29%
APT;Integração;PGP;Tanque 417;01/12/2025;3551;1119,7;3976;5962;1,54;480;88,09%
APT;Integração;PGP;Tanque 303;01/12/2025;5563;1141,1;6348;8746,8;1,42;1602;77,64%
APT;Próprio;QTR;E278;01/12/2025;5551;1360;7549,4;10136,1;1,42;4230;56,75%
APT;Próprio;QTR;E295;01/12/2025;6218;1158;7200,4;10148,9;1,49;3858;61,71%
APT;Próprio;QTR;E289;01/12/2025;6853;1090;7469,8;11089,9;1,58;5060;57,52%
APT;Próprio;QTR;E217;01/12/2025;7384;990;7310,2;10046,1;1,45;3570;67,41%
APT;Próprio;QTR;E279;02/12/2025;5870;1426;8370,6;12684,6;1,6;4984;54,08%
APT;Próprio;QTR;E253;02/12/2025;5403;1490;8050,5;11968,1;1,55;7729;41,14%
APT;Próprio;QTR;E290;02/12/2025;8850;1330;11770,5;18054,8;1,63;9576;48,03%
APT;Próprio;QTR;E268;02/12/2025;6000;1090;6540;9505;1,53;5203;53,56%
APT;Integração;PGP;Tanque 426;03/12/2025;3511;1108,8;3893;5638,8;1,49;730;82,79%
APT;Integração;PGP;Tanque 321;03/12/2025;5919;1116,1;6606;9888,9;1,54;1748;77,20%
APT;Próprio;SFS;E498;04/12/2025;1840;940;1729,6;2422,4;1,52;1774;50,91%
APT;Próprio;SFS;E226;04/12/2025;5026;973;4890,3;6252,3;1,46;4086;55,16%
APT;Próprio;SFS;ET05;04/12/2025;45481;1080;49119,5;69168,6;1,58;21981;67,42%
APT;Integração;PGP;Tanque 430;05/12/2025;3284;1168,7;3838;5546,3;1,49;1052;75,74%
APT;Integração;PGP;Tanque 344;05/12/2025;5469;1171,3;6406;8648,9;1,38;939;85,34%
APT;Próprio;QTR;E283;06/12/2025;9405;992;9329,8;14382;1,62;5353;63,72%
APT;Próprio;QTR;E255;06/12/2025;8404;990;8320;12217,5;1,55;8443;49,88%
APT;Próprio;QTR;T04;06/12/2025;51406;996;51200,4;80633,4;1,64;44736;53,47%
APT;Próprio;SFS;E497;06/12/2025;1563;915;1430,2;2096,8;1,6;2306;40,39%
APT;Próprio;SFS;E293;06/12/2025;6194;980;6070,1;8766,1;1,57;6437;49,04%
APT;Próprio;SFS;E247;06/12/2025;5607;890;4990,2;6817,1;1,51;6965;44,60%
APT;Integração;LRG;"d04 Tanque 253 (1"" pvc  azul T)";08/12/2025;5896;1101,8;6496;8303,4;1,55;11244;34,40%
APT;Integração;LRG;"b01 Tanque 205 (1"" 1/4 inox )";08/12/2025;6706;1106,6;7421;9674,9;1,53;9360;41,74%
APT;Integração;LRG;"a06 Tanque 186 (1"" inox )";08/12/2025;519;1059,7;550;1453,2;3,72;1547;25,11%
APT;Próprio;QTR;E222;08/12/2025;5667;960;5440,3;8073,5;1,57;6715;45,77%
APT;Próprio;QTR;E308;08/12/2025;7366;1120;8249,9;12581,7;1,6;7339;50,09%
APT;Próprio;QTR;E307;08/12/2025;8204;991;8130,2;11709,6;1,51;6411;56,13%
APT;Próprio;SFS;E499;10/12/2025;1582;980;1550,4;2129,8;1,53;2689;37,03%
APT;Próprio;SFS;E255;10/12/2025;3991;1120;4469,9;6656,5;1,63;4704;45,89%
APT;Próprio;SFS;E211;10/12/2025;5121;910;4660,1;6592,6;1,57;5556;47,96%
APT;Próprio;SFS;E346;10/12/2025;4688;930;4359,8;6496,6;1,6;3786;55,32%
APT;Próprio;QTR;E288;13/12/2025;8242;927;7640,3;10812,7;1,51;5121;61,67%
APT;Próprio;QTR;E292;15/12/2025;7456;900;6710,4;9951,1;1,59;5858;56,00%
APT;Próprio;QTR;E296;15/12/2025;8089;994;8040,5;11702,2;1,55;6919;53,90%
APT;Próprio;QTR;E297;15/12/2025;7067;900;6360,3;11762,6;2,01;6628;51,60%
APT;Próprio;QTR;E245;15/12/2025;7535;990;7459,7;11266,2;1,64;4702;61,57%
APT;Próprio;QTR;E312;15/12/2025;5936;999;5930,1;7999,6;1,59;7303;44,84%
APT;Próprio;QTR;T06;15/12/2025;57642;988;56950,3;100491,8;1,86;36111;61,48%
APT;Próprio;QTR;E227;16/12/2025;6929;990;6859,7;9742,2;1,6;4637;59,91%
APT;Próprio;QTR;E267;17/12/2025;9345;870;8130,2;12052,3;1,65;11882;44,02%
APT;Próprio;SFS;E206;18/12/2025;4389;950;4169,6;5932;1,6;5679;43,59%
APT;Próprio;SFS;E246;19/12/2025;5611;1080;6059,9;7885;1,47;4376;56,18%
APT;Próprio;QTR;E316;20/12/2025;5939;990;5879,6;9955,8;1,77;6014;49,69%
APT;Próprio;QTR;E259;22/12/2025;7403;1190;8809,6;13382;1,58;5989;55,28%
APT;Próprio;QTR;E314;22/12/2025;5622;900;5059,8;10270,1;2,23;9007;38,43%
APT;Próprio;QTR;E220;22/12/2025;5533;900;4979,7;9474,4;2,02;7482;42,51%
APT;Próprio;SFS;E319;23/12/2025;5546;970;5379,6;8067,2;1,63;6800;44,92%
APT;Próprio;SFS;E223;23/12/2025;5506;890;4900,3;6970,4;1,55;4771;53,57%
APT;Próprio;QTR;E223;29/12/2025;6906;960;6629,8;10458,2;1,7;3789;64,57%
APT;Próprio;QTR;E204;29/12/2025;5558;1040;5780,3;8919,5;1,66;6177;47,36%
APT;Próprio;QTR;E237;29/12/2025;6714;925;6210,5;9605,8;1,68;4423;60,28%
APT;Próprio;QTR;T07;29/12/2025;50157;915;45893,7;74588;1,72;46164;52,07%
APT;Próprio;SFS;ET16;30/12/2025;57644;1010;58220,4;104067,2;2,04;86963;39,86%
APT;Próprio;SFS;E342;30/12/2025;2833;1080;3059,6;3986,2;1,59;6661;29,84%
APT;Próprio;SFS;E253;30/12/2025;4715;1018;4799,9;7183;1,63;6075;43,70%
APT;Próprio;SFS;E316;30/12/2025;2576;920;2369,9;3396,7;1,59;3529;42,19%
APT;Integração;PGP;Tanque 420;05/01/2026;1931;1284;2479,5;3604,3;1,49;453;80,97%
APT;Integração;PGP;Tanque 343;05/01/2026;5695;1179,4;6716,5;8988,2;1,38;1557;78,53%
APT;Integração;PGP;Tanque 422;05/01/2026;580;1396,6;810;1216,8;1,54;215;72,94%
APT;Integração;PGP;Tanque 422;06/01/2026;2344;1441,6;3379;5076,2;1,54;869;72,94%
APT;Integração;PGP;Tanque 314;06/01/2026;6239;1108,7;6917;9515,2;1,41;1176;84,14%
APT;Próprio;SFS;E295;06/01/2026;4743;1090;5169,9;8780,5;1,79;6848;40,92%
APT;Próprio;SFS;E313;06/01/2026;4287;975;4179,8;6928,2;1,75;5466;43,95%
APT;Próprio;SFS;E309;06/01/2026;4521;940;4249,7;6841,7;1,77;4467;50,30%
APT;Próprio;SFS;E301;06/01/2026;2698;1060;2859,9;4102,3;1,71;5074;34,71%
APT;Próprio;SFS;E318;06/01/2026;4724;980;4629,5;7037,3;1,74;5286;47,19%
APT;Integração;LRG;"c13 Tanque 236 ( 1"" pvc B)";07/01/2026;6773;1005,7;6811,5;10043,7;1,54;3498;65,94%
APT;Integração;LRG;"b13 Tanque 217 (1"" inox )";07/01/2026;5458;905,1;4940;7142,8;1,52;3049;64,16%
APT;Próprio;SFS;E290;07/01/2026;4386;1010;4429,9;6792,6;1,72;6165;41,57%
APT;Próprio;SFS;E324;07/01/2026;4745;1020;4839,9;7597,3;1,79;5281;47,33%
APT;Integração;LDC;211;08/01/2026;8859;942;8345,2;11957,8;1,5;3313;72,78%
APT;Próprio;QTR;E241;08/01/2026;8267;900;7440,3;11647;1,63;6671;55,34%
APT;Próprio;QTR;E247;08/01/2026;8933;900;8039,7;12391,1;1,69;6807;56,75%
APT;Próprio;QTR;E214;08/01/2026;6278;900;5650,2;10431,1;1,96;6634;48,62%
APT;Próprio;QTR;E293;08/01/2026;8244;900;7419,6;12974,3;1,92;10998;42,84%
APT;Próprio;QTR;E256;08/01/2026;6183;1040;6430,3;10621,1;1,76;5332;53,69%
APT;Próprio;SFS;E259;09/01/2026;4195;1075;4509,6;6824,9;1,66;4489;48,30%
APT;Próprio;QTR;E272;10/01/2026;6777;909;6160,3;10166;1,75;4718;58,95%
APT;Próprio;SFS;E299;10/01/2026;5082;980;4980,4;8416,8;1,78;6024;45,76%
APT;Próprio;SFS;E326;10/01/2026;5129;1010;5180,3;8177,5;1,72;4444;53,58%
APT;Próprio;SFS;E502;10/01/2026;1486;915;1359,7;2130,7;1,72;1802;45,18%
APT;Próprio;SFS;E504;10/01/2026;1308;910;1190,3;1879,2;1,72;1810;41,94%
APT;Integração;LRG;"b05 Tanque 209 (1"" inox )";11/01/2026;7597;922,2;7006;10290,9;1,53;5163;59,54%
APT;Integração;LRG;a03 Tanque 183;11/01/2026;6051;1013,6;6133;9043,4;1,54;2295;72,50%
APT;Próprio;QTR;E294;12/01/2026;6027;1120;6750,2;9495,6;1,49;3925;60,56%
APT;Próprio;QTR;E257;12/01/2026;5240;1136;5952,6;9552,7;1,68;6363;45,16%
APT;Integração;LRG;"a01 Tanque 181 (1"" inox)";13/01/2026;6189;904,7;5599;8200,2;1,54;5142;54,62%
APT;Integração;LRG;"b09 Tanque 213 (1"" inox )";13/01/2026;5167;1158,6;5986,5;8526,2;1,53;4349;54,29%
APT;Próprio;QTR;E320;13/01/2026;7889;900;7100,1;10596;1,82;8088;49,37%
APT;Próprio;QTR;E343;13/01/2026;10722;900;9649,8;13089,1;1,72;11595;48,04%
APT;Integração;LDC;207;14/01/2026;8849;961,6;8509,2;12469,8;1,55;5513;61,61%
APT;Integração;LDC;304;14/01/2026;7410;1112,3;8242,1;11915,8;1,49;2545;74,43%
APT;Integração;LDC;232;14/01/2026;9043;916,4;8287;11863,9;1,51;5289;63,10%
APT;Integração;LRG;"b19 Tanque 223 (1"" inox )";14/01/2026;6435;910,2;5857;8641,5;1,53;3035;67,95%
APT;Integração;LRG;d09 Tanque 258 (5/8 pvc/inox T juvenil);14/01/2026;5073;906,8;4600;6573,2;1,51;5282;48,99%
APT;Integração;LRG;d08 Tanque 257 (5/8 pvc R juvenil);14/01/2026;2065;1007,7;2081;2973,6;1,54;1560;56,96%
APT;Integração;LRG;"a21 Tanque 201 (1"" 1/4 inox )";14/01/2026;2579;1014,3;2616;3066,9;1,22;646;79,97%
APT;Integração;LRG;"a21 Tanque 201 (1"" 1/4 inox )";14/01/2026;3357;995,4;3341,5;5729,5;1,8;1787;65,25%
APT;Próprio;SFS;E284;14/01/2026;4648;1080;5019,8;8032,4;1,75;4532;50,63%
APT;Próprio;SFS;E314;14/01/2026;4000;1030;4120;6246,1;1,78;6289;38,87%
APT;Próprio;SFS;E328;14/01/2026;5990;1019,8;6108,8;9783,3;1,71;5106;53,98%
APT;Integração;LRG;d08 Tanque 257 (5/8 pvc R juvenil);15/01/2026;2894;1007,6;2916;4167,4;1,54;2187;56,96%
APT;Integração;LRG;"b21 Tanque 225 ( 1""inox B )";15/01/2026;6221;951,1;5917;8628,2;1,53;5096;54,97%
APT;Integração;LRG;"b04 Tanque 208 (1"" inox )";15/01/2026;1204;975,1;1174;1535,4;1,37;467;72,05%
APT;Integração;LRG;"b04 Tanque 208 (1"" inox )";15/01/2026;5839;888,9;5190;7730,7;1,57;2491;70,09%
APT;Integração;LRG;"b20 Tanque 224 (1"" inox )";15/01/2026;3122;903,9;2822;3080,1;1,14;1192;72,36%
APT;Próprio;QTR;E331;15/01/2026;5778;900;5200,2;8136,7;1,71;4542;55,98%
APT;Próprio;QTR;E344;15/01/2026;5651;922;5210,2;7989,5;1,79;10364;35,28%
APT;Próprio;QTR;E318;15/01/2026;7665;942;7220,4;11645,9;1,72;5273;59,24%
APT;Próprio;QTR;T01;15/01/2026;49344;954;47074,2;74981,6;1,75;40699;54,80%
APT;Integração;LDC;309;16/01/2026;6697;948,8;6354,1;8722,4;1,48;9095;42,41%
APT;Integração;LDC;230;16/01/2026;8048;1088,5;8760,3;12900,2;1,54;4086;66,32%
APT;Integração;LDC;274;16/01/2026;10470;933,3;9771,7;14148,2;1,54;9366;52,78%
APT;Integração;LDC;273;16/01/2026;9199;936,7;8616,7;12976,2;1,6;6965;56,91%
APT;Próprio;SFS;E302;16/01/2026;5119;1010;5170,2;8442,8;1,72;6659;43,46%
APT;Próprio;SFS;E249;16/01/2026;3684;1075;3960,3;6150,1;1,74;4407;45,53%
APT;Próprio;SFS;E287;16/01/2026;3933;1050;4129,7;6481;1,76;5739;40,66%
APT;Próprio;SFS;E285;16/01/2026;4612;1030;4750,4;7387,5;1,71;4813;48,93%
APT;Próprio;SFS;E349;16/01/2026;3734;1015;3790;5992,9;1,77;5221;41,70%
APT;Próprio;SFS;E243;16/01/2026;1741;1120;1949,9;2745,8;1,58;1894;47,89%
APT;Próprio;SFS;E503;16/01/2026;1206;1012;1220,5;1917,2;1,72;1803;40,07%
APT;Próprio;QTR;E330;17/01/2026;6007;824;4949,8;7845,3;1,76;5176;53,71%
APT;Próprio;QTR;E328;17/01/2026;6278;900;5650,2;9400,1;1,79;5203;54,68%
APT;Integração;LDC;265;19/01/2026;7729;955,2;7382,7;10729,3;1,54;6448;54,51%
APT;Integração;LDC;229;19/01/2026;7693;979,8;7537,6;11113,5;1,59;6507;54,17%
APT;Integração;LDC;265;19/01/2026;7729;955,2;7382,7;10729,3;1,54;6448;54,51%
APT;Integração;LDC;229;19/01/2026;7693;979,8;7537,6;11113,5;1,59;6507;54,17%
APT;Integração;LRG;"b20 Tanque 224 (1"" inox )";19/01/2026;2854;904;2580;4853,5;1,99;1948;59,43%
APT;Integração;LRG;"b02  Tanque 206 (1"" inox )";19/01/2026;7986;907,3;7246;10527,6;1,53;4368;64,64%
APT;Integração;LRG;"b20 Tanque 224 (1"" inox )";19/01/2026;2854;904;2580;4853,5;1,99;1948;59,43%
APT;Integração;LRG;"b02  Tanque 206 (1"" inox )";19/01/2026;7986;907,3;7246;10527,6;1,53;4368;64,64%
APT;Próprio;QTR;E273;19/01/2026;6860;1070;7340,2;11591,1;1,73;9158;42,82%
APT;Próprio;QTR;E229;19/01/2026;5621;1176;6610,3;10516,5;1,71;5142;52,22%
APT;Próprio;QTR;E228;19/01/2026;7081;990;7010,2;11311,8;1,7;7689;47,94%
APT;Próprio;QTR;E250;19/01/2026;7758;990;7680,4;12529,2;1,75;12859;37,63%
APT;Próprio;QTR;E238;19/01/2026;6333;1099;6960;11059,9;1,69;4833;56,71%
APT;Próprio;QTR;E303;19/01/2026;5202;1284;6679,4;10417,1;1,66;6553;44,25%
APT;Integração;LRG;c17 Tanque 240 (5/8 pvc  azul T juvenil);20/01/2026;5898;815,2;4808;6796,3;1,53;3394;63,47%
APT;Integração;LRG;c09 Tanque 232 (5/8 pvc T juvenil);20/01/2026;6032;902,9;5446;7727,9;1,52;3105;66,01%
APT;Próprio;SFS;E297;20/01/2026;5563;985;5479,6;8489,6;1,62;4828;53,54%
APT;Próprio;SFS;E345;20/01/2026;4896;1060;5189,8;6341,5;1,65;4057;54,68%
APT;Próprio;SFS;E263;20/01/2026;5567;1040;5789,7;8854,5;1,67;6027;48,01%
APT;Próprio;SFS;E274;20/01/2026;4237;930;3940,4;5695,2;1,63;4101;50,81%
APT;Próprio;SFS;E258;20/01/2026;5231;910;4760,2;7297,6;1,7;5416;49,13%
APT;Próprio;SFS;E254;20/01/2026;2232;1120;2499,8;3770,5;1,62;1886;54,19%
APT;Integração;LRG;"b23 Tanque 227 (1"" inox )";21/01/2026;6207;902,1;5599,5;8347;1,55;3319;65,15%
APT;Integração;LRG;"b06 Tanque 210 (1"" inox )";21/01/2026;4948;900;4453;5371,7;1,26;1176;80,78%
APT;Integração;PGP;Tanque 450;21/01/2026;2964;1391,7;4125;6432,5;1,6;1056;73,73%
APT;Integração;PGP;Tanque 327;21/01/2026;5488;1182,9;6491,5;9890,8;1,56;1010;84,45%
APT;Próprio;QTR;E324;21/01/2026;3658;1320;4828,6;7760,7;1,7;5492;39,98%
APT;Próprio;QTR;E271;21/01/2026;4863;1273;6190,6;8896,5;1,5;3991;54,92%
APT;Próprio;QTR;E323;21/01/2026;5091;1290;6567,4;9598,9;1,55;7480;40,50%
APT;Integração;PGP;Tanque 327;22/01/2026;1137;1148,6;1306;1447,5;1,14;152;88,18%
APT;Integração;PGP;Tanque 318;22/01/2026;6003;1109,6;6661;9979,4;1,54;1298;82,22%
APT;Próprio;QTR;E265;22/01/2026;6078;1020;6199,6;9143,5;1,6;5567;52,19%
APT;Integração;LRG;"c12 Tanque 235 (1"" pvc  azul T)";23/01/2026;6073;828,6;5032;7236,7;1,54;3997;60,30%
APT;Integração;LRG;"a04 Tanque 184 (1"" 1/4 inox )";23/01/2026;4131;883,3;3649;4751,9;1,37;1753;70,20%
APT;Integração;LRG;"b06 Tanque 210 (1"" inox )";23/01/2026;1570;911,5;1431;3132,6;2,31;954;62,20%
APT;Próprio;QTR;E327;23/01/2026;5434;990;5379,7;8755,9;1,75;5412;50,10%
APT;Próprio;SFS;E336;23/01/2026;6284;1030;6472,5;10442,6;1,68;5805;51,98%
APT;Próprio;SFS;E501;23/01/2026;2132;821;1750,3;2589,4;1,64;2475;46,27%
APT;Próprio;SFS;E305;23/01/2026;4466;1030;4600;6848,8;1,67;4982;47,27%
APT;Próprio;SFS;E500;23/01/2026;1790;821;1469,6;2030,1;1,54;2180;45,09%
APT;Próprio;SFS;E303;23/01/2026;5659;880;4979,9;6166,5;1,65;2695;67,74%
APT;Próprio;SFS;E307;23/01/2026;5299;1070;5669,9;7163,3;1,6;2650;66,66%
APT;Integração;LDC;225;24/01/2026;7830;1010;7908,3;11892,1;1,64;13848;36,12%
APT;Integração;LDC;213;24/01/2026;8982;935,2;8400;12361,1;1,54;3952;69,44%
APT;Integração;LDC;262;24/01/2026;9160;939,3;8604;12683;1,52;2666;77,45%
APT;Integração;LRG;"a04 Tanque 184 (1"" 1/4 inox )";24/01/2026;3264;908,4;2965;4688,8;1,67;1877;63,49%
APT;Integração;LRG;"a06 Tanque 186 (1"" inox )";24/01/2026;6742;906;6108,5;8828,2;1,52;3292;67,19%
APT;Integração;LRG;"b17 Tanque 221 (1"" inox )";24/01/2026;1139;905,2;1031;1411,6;1,44;455;71,42%
APT;Próprio;QTR;E335;24/01/2026;4717;990;4669,8;7421;1,71;4650;50,36%
APT;Próprio;QTR;E310;24/01/2026;4403;1240;5459,7;8889,5;1,75;8161;35,04%
APT;Próprio;QTR;E205;24/01/2026;5936;940;5579,8;10373,3;1,97;6644;47,18%
APT;Próprio;QTR;E230;24/01/2026;6828;990;6759,7;10269,5;1,67;5964;53,37%
APT;Integração;LRG;"a24 Tanque 204 (1"" 1/4 inox )";25/01/2026;5579;906,1;5055;7225,6;1,55;3515;61,35%
APT;Integração;LRG;"b01 Tanque 205 (1"" 1/4 inox )";25/01/2026;2473;819,5;2026,5;2638,7;1,37;921;72,86%
APT;Integração;LRG;"b17 Tanque 221 (1"" inox )";25/01/2026;3894;812;3162;4639,3;1,56;2570;60,24%
APT;Próprio;QTR;E322;26/01/2026;5900;900;5310;6513,4;1,57;6180;48,84%
APT;Próprio;QTR;E262;26/01/2026;7693;944;7262,2;12119,2;1,79;7125;51,92%
APT;Próprio;QTR;E235;26/01/2026;6343;990;6279,6;9375,4;1,61;6649;48,82%
APT;Próprio;QTR;E240;26/01/2026;7664;1070;8200,5;12809,4;1,76;5879;56,59%
APT;Integração;PGP;Tanque 443;27/01/2026;3535;1106,9;3913;6158;1,62;466;88,35%
APT;Integração;PGP;Tanque 317;27/01/2026;2743;1125,4;3087;4017,9;1,34;636;81,17%
APT;Próprio;SFS;E219;27/01/2026;4021;960;3860,2;5143,1;1,72;3874;50,93%
APT;Próprio;SFS;E294;27/01/2026;4222;900;3799,8;4120,6;1,6;3888;52,06%
APT;Próprio;SFS;E451;27/01/2026;1484;930;1380,1;2056,5;1,62;1111;57,19%
APT;Próprio;SFS;E337;27/01/2026;2616;990;2589,8;4018,4;1,68;3201;44,97%
APT;Integração;PGP;Tanque 317;29/01/2026;3130;1081,2;3384;4986,3;1,52;725;81,17%
APT;Integração;PGP;Tanque 428;29/01/2026;3281;1167,6;3831;5892,4;1,58;727;81,86%
APT;Integração;PGP;Tanque 412;29/01/2026;1930;1445,6;2790;4329,6;1,59;466;80,52%
APT;Integração;PGP;Tanque 412;29/01/2026;468;1444,4;676;1049;1,59;113;80,52%
APT;Integração;PGP;Tanque 405;29/01/2026;3266;1198,4;3914;6186,4;1,62;648;83,44%
APT;Integração;PGP;Tanque 406;29/01/2026;3312;1263,9;4186;6064,9;1,49;817;80,21%
APT;Integração;PGP;Tanque 429;29/01/2026;958;1299,6;1245;1612,1;1,32;125;88,38%
APT;Próprio;QTR;E336;30/01/2026;5505;990;5450;8862,2;1,83;7751;41,53%
APT;Próprio;QTR;E321;02/02/2026;5293;820;4340,3;6941,9;1,78;4908;51,89%
APT;Próprio;QTR;E244;02/02/2026;7585;820;6219,7;9000,7;1,55;8467;47,25%
APT;Próprio;QTR;E219;02/02/2026;6550;1003;6569,7;10345,7;1,69;8148;44,56%
APT;Próprio;QTR;E210;02/02/2026;3489;1132;3949,6;6033,8;1,74;8212;29,82%
APT;Próprio;QTR;E254;02/02/2026;7036;840;5910,2;9344,5;1,7;5013;58,39%
APT;Próprio;SFS;ET20;02/02/2026;45264;910;41190,2;64269,7;1,74;48695;48,17%
APT;Próprio;SFS;E202;02/02/2026;2729;1103;3010,1;4539,3;1,75;6975;28,12%
APT;Próprio;QTR;T05;03/02/2026;49520;820;40606,4;62939;2;49633;49,94%
APT;Próprio;SFS;E216;03/02/2026;1969;1280;2520,3;3819,2;1,59;3407;36,62%
APT;Próprio;SFS;ET17;03/02/2026;22756;1258;28627,1;47697,7;1,83;61995;26,85%
APT;Próprio;SFS;E270;03/02/2026;2153;980;2109,9;3101,1;1,7;3265;39,74%
APT;Próprio;SFS;E264;03/02/2026;2491;1100;2740,1;4102,2;1,76;6568;27,49%
APT;Próprio;SFS;E311;03/02/2026;4489;940;4219,7;6721,4;1,75;7522;37,37%
APT;Próprio;SFS;E279;03/02/2026;5548;930;5159,6;5953,5;1,53;2722;67,08%
APT;Próprio;SFS;E280;03/02/2026;3891;1105;4299,6;5882,8;1,69;3927;49,77%
APT;Próprio;SFS;E209;04/02/2026;3589;900;3230,1;4343,9;1,75;3150;53,26%
APT;Próprio;SFS;E289;04/02/2026;3736;910;3399,8;4468,7;1,81;4602;44,81%
APT;Próprio;SFS;ET19;04/02/2026;39710;966;38359,9;63823;1,84;40117;49,74%
APT;Próprio;SFS;E454;04/02/2026;925;930;860,3;1269,8;1,71;2030;31,30%
APT;Próprio;SFS;E452;04/02/2026;1069;945;1010,2;1434,9;1,58;2069;34,06%
APT;Próprio;SFS;E453;04/02/2026;1116;950;1060,2;1625,4;1,64;1036;51,85%
APT;Próprio;SFS;E323;04/02/2026;3583;960;3439,7;5380,8;1,72;4237;45,81%
APT;Próprio;SFS;E334 ;04/02/2026;2313;990;2289,9;3422,6;1,71;4960;31,80%
APT;Próprio;SFS;E329 ;04/02/2026;2711;970;2629,7;3339,6;1,75;2095;56,41%
APT;Próprio;QTR;E334 ;05/02/2026;6780;820;5559,6;8205,2;1,62;6798;49,93%
APT;Próprio;QTR;E332;06/02/2026;5165;910;4700,2;7355,6;1,74;6076;45,95%
APT;Próprio;QTR;E333;06/02/2026;5454;970;5290,4;8519,9;1,75;6104;47,19%
APT;Próprio;QTR;E317;06/02/2026;2838;1399;3970,4;6325,3;1,87;9590;22,83%
APT;Próprio;QTR;E349;06/02/2026;6683;820;5480,1;9458,4;1,83;5773;53,65%
APT;Próprio;QTR;E207;06/02/2026;5959;886;5279,7;8825;1,81;7756;43,45%
APT;Próprio;SFS;E308;06/02/2026;3889;810;3150,1;3973;1,67;1386;73,72%
APT;Próprio;SFS;E252;06/02/2026;4543;810;3679,8;4869,6;1,73;3678;55,26%
APT;Próprio;QTR;E329;07/02/2026;6259;842;5270,1;8491;1,78;5124;54,98%
APT;Próprio;SFS;ET18;07/02/2026;38123;1092;41630,3;65087,6;1,74;79618;32,38%
APT;Próprio;SFS;E325;07/02/2026;2952;840;2479,7;3727,5;1,72;6750;30,42%
APT;Próprio;SFS;E262;07/02/2026;2785;1070;2980;4731,8;1,71;3220;46,37%
APT;Integração;LRG;c10 Tanque 233 (sem tela );08/02/2026;2768;907,3;2511,5;3791,3;1,6;4599;37,57%
APT;Integração;LRG;"b09 Tanque 213 (1"" inox )";08/02/2026;6621;902,9;5978;8684,4;1,52;7012;48,57%
APT;Integração;LRG;"b20 Tanque 224 (1"" inox )";08/02/2026;6650;906,3;6027;8721,5;1,53;10399;39,00%
APT;Integração;LRG;"c15 Tanque 238 (1"" pvc  azul B)";08/02/2026;4961;905,3;4491;6277,9;1,53;4665;51,53%
APT;Integração;LRG;"d03 Tanque 252 (1""inox R)";08/02/2026;5060;911,2;4610,5;6411,6;1,53;5262;49,02%
APT;Integração;PGP;"Tanque 319 (1"" 1/4)";09/02/2026;5937;906,5;5382;7670,6;1,53;9340;38,86%
APT;Integração;PGP;Tanque 437 (3/4);09/02/2026;838;969;812;864,5;1,09;23;97,27%
APT;Integração;PGP;Tanque 410 (3/4);09/02/2026;3308;1173,5;3882;5774,6;1,53;790;80,72%
APT;Próprio;QTR;E337 ;09/02/2026;6350;800;5080;7770,4;1,64;4421;58,95%
APT;Próprio;QTR;E260;09/02/2026;6488;800;5190,4;7253;1,52;4855;57,20%
APT;Próprio;QTR;E345;10/02/2026;5157;830;4280,3;6985,8;1,74;4788;51,85%
APT;Próprio;QTR;E338 ;10/02/2026;7375;800;5900;7759,6;1,46;8398;46,75%
APT;Próprio;SFS;E222;10/02/2026;5122;820;4200;5663,2;1,68;2773;64,87%
APT;Próprio;SFS;E272;10/02/2026;6486;840;5448,2;8933,1;1,85;11328;36,41%
APT;Integração;AGD;E045;11/02/2026;2735;896;2450,6;3910,2;1,75;1978;58,02%
APT;Integração;AGD;E067;11/02/2026;2675;907;2426,2;4138,3;1,89;2419;52,50%
APT;Integração;AGD;E074;11/02/2026;2375;956;2270,5;3604;1,75;2173;52,22%
APT;Próprio;SFS;E246;11/02/2026;2585;971;2510;3391,1;1,51;5767;30,95%
APT;Próprio;SFS;E317;11/02/2026;4157;890;3699,7;5896,6;1,71;3823;52,09%
APT;Próprio;SFS;E278;11/02/2026;1755;980;1719,9;2387,4;1,56;2905;37,66%
APT;Próprio;SFS;E300;11/02/2026;1455;990;1440,5;2159,9;1,61;6196;19,02%
APT;Próprio;SFS;E353;11/02/2026;5709;790;4510,1;6751,4;1,71;18953;23,15%
APT;Integração;LRG;"b04 Tanque 208 (1"" inox )";13/02/2026;7254;903,2;6552;8968,2;1,52;6100;54,32%
APT;Integração;LRG;"b05 Tanque 209 (1"" inox )";13/02/2026;1529;957,5;1464;1990,5;1,53;1332;53,43%
APT;Próprio;SFS;E217;13/02/2026;3882;930;3610,3;5465,2;1,72;6983;35,73%
APT;Próprio;SFS;E321;13/02/2026;3449;980;3380;5259,2;1,73;7295;32,10%
APT;Próprio;SFS;E206;13/02/2026;1869;840;1570;2417,6;1,87;7204;20,60%
APT;Próprio;SFS;E241;16/02/2026;4031;960;3869,8;6306,4;1,78;6642;37,77%
APT;Integração;LRG;"c26 Tanque 249 (1"" pvc R)";19/02/2026;4981;1003,7;4999,5;7340,4;1,54;2990;62,49%
APT;Integração;LRG;"b05 Tanque 209 (1"" inox )";19/02/2026;4974;1059,1;5268;7100,5;1,53;6069;45,04%
APT;Próprio;QTR;E315;20/02/2026;5454;981;5350,4;8443,7;1,66;6008;47,58%
APT;Próprio;QTR;T08;20/02/2026;50188;849;42609,6;74428,6;1,85;38337;56,69%
APT;Integração;LRG;"d10 Tanque 259 (1"" inox R)";21/02/2026;4661;1009;4703;6862;1,53;4833;49,09%
APT;Integração;LRG;"a02 Tanque 182 (1"" inox )";21/02/2026;5001;1073,2;5367;7895,8;1,55;3875;56,34%
APT;Próprio;SFS;E347;21/02/2026;2582;1100;2840,2;3287,1;1,73;5917;30,38%
APT;Próprio;SFS;E266;21/02/2026;1327;980;1300,5;1920;1,65;3101;29,97%
APT;Próprio;SFS;E304;21/02/2026;4072;830;3379,8;4329,1;1,84;17833;18,59%
APT;Integração;LRG;"a13 Tanque 193 (1"" pvc )";22/02/2026;1485;906,1;1345,5;1858,7;1,45;704;67,83%
APT;Integração;LRG;"a04 Tanque 184 (1"" 1/4 inox )";22/02/2026;6677;1001,5;6687;9070,9;1,54;8825;43,07%
APT;Próprio;SFS;E338 ;23/02/2026;2775;890;2469,8;2625,2;1,59;4632;37,46%
APT;Integração;LRG;"a21 Tanque 201 (1"" 1/4 inox )";25/02/2026;5830;918,9;5357;7780,5;1,52;7099;45,09%
APT;Integração;LRG;d12 Tanque 261 (5/8 pvc R juvenil );25/02/2026;4386;806,9;3539;3253,4;1,53;2487;63,81%
APT;Integração;LRG;"a22 Tanque 202 (1"" 1/4 inox )";25/02/2026;7010;904,4;6339,5;9216;1,52;5947;54,10%
APT;Integração;LRG;"a13 Tanque 193 (1"" pvc )";25/02/2026;1372;900,9;1236;1909,5;1,63;823;62,50%
APT;Próprio;SFS;E331 ;25/02/2026;3224;850;2740,4;3315,6;1,66;1884;63,11%
APT;Próprio;SFS;E288;25/02/2026;3327;980;3260,5;4416,4;1,57;7704;30,16%
APT;Próprio;SFS;E203;25/02/2026;4213;940;3960,2;5806,1;1,61;7252;36,75%
APT;Próprio;SFS;E269;25/02/2026;4738;800;3790,4;5974,9;1,64;1589;74,88%
APT;Próprio;SFS;E257;25/02/2026;5402;870;4699,7;7313,8;1,76;11634;31,71%
APT;Integração;LRG;"c25 Tanque 248 (1"" pvc  azul R)";26/02/2026;5352;903,6;4836;6801,8;1,54;3680;59,25%
APT;Integração;LRG;"a05 Tanque 185 (1"" 1/4 inox )";26/02/2026;2491;925,3;2305;2670;1,21;1821;57,76%
APT;Próprio;QTR;E346;26/02/2026;7280;750;5460;8451,1;1,67;5783;55,73%
APT;Próprio;QTR;E348;26/02/2026;6671;760;5070;8082,7;1,76;9371;41,58%
APT;Próprio;QTR;E215;26/02/2026;6857;1260;8639,8;13395,2;1,66;7590;47,46%
APT;Integração;AGD;E090;27/02/2026;2773;867;2404,2;3682,3;1,7;2276;54,92%
APT;Integração;AGD;R096;27/02/2026;1321;919;1214;1822,5;1,63;919;58,97%
APT;Integração;AGD;R039;27/02/2026;1229;923;1134,4;1892,9;1,82;999;55,15%
APT;Integração;AGD;R047;27/02/2026;1105;964;1065,2;1672,6;1,72;993;52,65%
APT;Integração;LRG;"a05 Tanque 185 (1"" 1/4 inox )";27/02/2026;3735;892,9;3335;5480,3;1,73;2797;57,18%
APT;Integração;LRG;"c23 Tanque 246 (1"" pvc B)";27/02/2026;912;908,4;828,5;1182;1,49;405;69,20%
APT;Integração;LRG;d07 Tanque 256 (5/8 pvc azul R juvenil);27/02/2026;4443;951,8;4229;6089,8;1,52;3330;57,15%
APT;Próprio;SFS;E234;28/02/2026;4699;730;3430,3;5331,7;1,56;9126;33,99%
APT;Próprio;SFS;E242;28/02/2026;3441;1020;3509,8;5202,6;1,65;8445;28,95%
APT;Próprio;QTR;E269;02/03/2026;9250;800;7400;10028,7;1,47;6830;57,52%
APT;Próprio;QTR;E252;02/03/2026;9454;788;7449,8;10504,1;1,49;5060;65,13%
APT;Integração;LDC;203;03/03/2026;8023;808,9;6489,8;9490,2;1,53;5816;57,97%
APT;Integração;LDC;208;03/03/2026;8595;813,4;6991,2;10409,3;1,59;6531;56,82%
APT;Integração;LDC;206;03/03/2026;7792;836,2;6515,7;9384,5;1,54;6169;55,81%
APT;Integração;LDC;301;03/03/2026;6712;875,6;5877;8597,2;1,53;5613;54,46%
APT;Integração;LDC;297;03/03/2026;8703;934,7;8134,7;12603,9;1,63;4482;66,00%
APT;Integração;LDC;322;03/03/2026;5613;956,6;5369,4;8043,1;1,59;5276;51,55%
APT;Integração;LDC;266;03/03/2026;8547;1011,3;8643,6;13433,1;1,65;7755;52,43%
APT;Integração;LDC;215;03/03/2026;7939;1028,4;8164,5;11540,7;1,49;6833;53,74%
APT;Integração;LRG;"b03 Tanque 207 (1"" 1/4 inox )";03/03/2026;3149;880,3;2772;4108,5;1,53;1198;72,43%
APT;Integração;LRG;"b03 Tanque 207 (1"" 1/4 inox )";03/03/2026;3149;880,3;2772;4108,5;1,53;1198;72,43%
APT;Integração;LRG;"c23 Tanque 246 (1"" pvc B)";03/03/2026;4770;905,8;4320,5;6320,4;1,54;3228;59,64%
APT;Integração;LRG;"c23 Tanque 246 (1"" pvc B)";03/03/2026;4770;905,8;4320,5;6320,4;1,54;3228;59,64%
APT;Próprio;QTR;E350;03/03/2026;7686;700;5380,2;8565,9;1,7;3669;67,68%
APT;Próprio;SFS;E315;03/03/2026;2510;1020;2560,2;4160,1;1,74;11130;18,40%
APT;Integração;LRG;"b03 Tanque 207 (1"" 1/4 inox )";04/03/2026;2579;928,7;2395;3432,4;1,51;2716;48,71%
APT;Integração;LRG;"b03 Tanque 207 (1"" 1/4 inox )";04/03/2026;2579;928,7;2395;3432,4;1,51;2716;48,71%
APT;Integração;LRG;"d04 Tanque 253 (1"" pvc  azul T)";04/03/2026;5784;904,2;5230;7007,8;1,53;6363;47,61%
APT;Integração;LRG;"d04 Tanque 253 (1"" pvc  azul T)";04/03/2026;5784;904,2;5230;7007,8;1,53;6363;47,61%
APT;Integração;LRG;"c13 Tanque 236 ( 1"" pvc B)";04/03/2026;4947;906,8;4486;6319,3;1,54;4223;53,94%
APT;Integração;LRG;"c13 Tanque 236 ( 1"" pvc B)";04/03/2026;4947;906,8;4486;6319,3;1,54;4223;53,94%
APT;Próprio;SFS;E248;04/03/2026;5784;740;4280,2;6172,8;1,68;13131;30,58%
APT;Próprio;SFS;E340 ;04/03/2026;2780;1000;2780;4375,8;1,68;11168;19,93%
APT;Próprio;SFS;E348;04/03/2026;4512;840;3790,1;5727,9;1,72;9676;31,80%
APT;Próprio;SFS;E200;05/03/2026;3386;830;2810,4;4251,9;1,64;4018;45,73%
APT;Próprio;SFS;E238;05/03/2026;2071;980;2029,6;3013,5;1,59;2273;47,66%
APT;Próprio;SFS;E230;05/03/2026;3810;1050;4000,5;5501,9;1,66;2613;59,32%
APT;Próprio;QTR;E340 ;06/03/2026;11400;700;7980;11746,1;1,56;6458;63,84%
APT;Próprio;QTR;E326;06/03/2026;5889;990;5830,1;9687,4;1,79;5942;49,77%
APT;Próprio;QTR;E211;06/03/2026;6213;1080;6710;11206,7;1,75;6235;49,91%
APT;Próprio;SFS;E350;06/03/2026;3027;740;2240;2701,2;1,6;2027;59,89%
APT;Próprio;SFS;E221;06/03/2026;3313;830;2749,8;3261,9;1,6;2525;56,74%
APT;Próprio;SFS;E320;06/03/2026;3144;900,3;2830,4;4054,1;1,61;10697;22,71%
APT;Integração;LRG;"a06 Tanque 186 (1"" inox )";09/03/2026;6528;908,2;5929;8531,5;1,52;9582;40,52%
APT;Integração;LRG;"a06 Tanque 186 (1"" inox )";09/03/2026;6528;908,2;5929;8531,5;1,52;9582;40,52%
APT;Integração;LRG;"b07 Tanque 211 (1"" 1/4 inox )";09/03/2026;5826;902,5;5258;7202;1,53;7411;44,01%
APT;Integração;LRG;"b07 Tanque 211 (1"" 1/4 inox )";09/03/2026;5826;902,5;5258;7202;1,53;7411;44,01%
APT;Integração;LRG;a03 Tanque 183;09/03/2026;5259;908,6;4778,5;6257,9;1,51;4406;54,41%
APT;Integração;LRG;a03 Tanque 183;09/03/2026;5259;908,6;4778,5;6257,9;1,51;4406;54,41%
APT;Integração;LRG;a03 Tanque 183;09/03/2026;2378;914,2;2174;2847;1,51;1991;54,42%
APT;Integração;LRG;a03 Tanque 183;09/03/2026;2378;914,2;2174;2847;1,51;1991;54,42%
APT;Próprio;QTR;E339 ;09/03/2026;10663;800;8530,4;11864,9;1,55;8386;55,98%
APT;Próprio;QTR;E286;10/03/2026;8363;800;6690,4;10753,6;1,68;3772;68,92%
APT;Próprio;QTR;E249;10/03/2026;9188;800;7350,4;10363,3;1,48;5347;63,21%
APT;Próprio;QTR;E356;10/03/2026;6956;900;6260,4;9399,6;1,62;6802;50,56%
APT;Próprio;SFS;E298;10/03/2026;4787;750;3590,3;4592,8;1,74;2990;61,55%
APT;Próprio;SFS;E213;10/03/2026;3758;910;3419,8;4099;1,64;3883;49,18%
APT;Próprio;SFS;E232;10/03/2026;1694;980;1660,1;2304,6;1,52;3106;35,28%
APT;Integração;LRG;"b08 Tanque 212 (1"" 1/4 inox )";11/03/2026;827;1114,9;922;434,5;0,56;148;84,82%
APT;Integração;LRG;"b08 Tanque 212 (1"" 1/4 inox )";11/03/2026;827;1114,9;922;434,5;0,56;148;84,82%
APT;Integração;LRG;"b23 Tanque 227 (1"" inox )";11/03/2026;6828;910,7;6218,5;8305;1,54;10277;39,92%
APT;Integração;LRG;"b23 Tanque 227 (1"" inox )";11/03/2026;6828;910,7;6218,5;8305;1,54;10277;39,92%
APT;Próprio;SFS;E256;13/03/2026;4597;770;3539,7;5416,9;1,6;2490;64,86%
APT;Próprio;SFS;E215;14/03/2026;871;850;740,4;1006,8;1,66;3555;19,68%
APT;Integração;LRG;"b08 Tanque 212 (1"" 1/4 inox )";15/03/2026;4156;1103,3;4585,5;5390,2;1,79;5991;40,96%
APT;Integração;LRG;"b08 Tanque 212 (1"" 1/4 inox )";15/03/2026;4156;1103,3;4585,5;5390,2;1,79;5991;40,96%
APT;Integração;LRG;"a01 Tanque 181 (1"" inox)";15/03/2026;6589;902,2;5944,5;9394,5;1,79;7385;47,15%
APT;Integração;LRG;"a01 Tanque 181 (1"" inox)";15/03/2026;6589;902,2;5944,5;9394,5;1,79;7385;47,15%
APT;Integração;PGP;"Tanque 339 (1"" 1/4)";16/03/2026;3183;1105,2;3518;4857,7;1,45;3502;47,61%
APT;Integração;PGP;Tanque 437 (3/4);16/03/2026;1471;1182,9;1740;2950,1;1,73;89;94,26%
APT;Próprio;QTR;E325;16/03/2026;5061;990;5010,4;7560,2;1,65;6876;42,39%
APT;Próprio;QTR;E274;16/03/2026;4806;1030;4950,2;6942,3;1,52;6050;44,27%
APT;Integração;LRG;"b24 Tanque 228 ( 1"" inox )";17/03/2026;4357;1008,6;4394,5;4977,7;1,51;3078;58,59%
APT;Integração;LRG;"b11 Tanque 215 (1"" inox )";17/03/2026;4716;1104,1;5207;6064,3;1,52;3473;57,59%
APT;Integração;LRG;"a01 Tanque 181 (1"" inox)";17/03/2026;1022;900,2;920;20,7;0,02;175;85,37%
APT;Próprio;QTR;E342;17/03/2026;6291;1065;6699,9;8749,7;1,55;5282;54,36%
APT;Próprio;QTR;E225;17/03/2026;7553;760;5740,3;8004;1,56;10377;42,12%
APT;Próprio;QTR;E277;17/03/2026;7136;873;6229,7;9820,2;1,67;5302;57,37%
APT;Próprio;QTR;E258;17/03/2026;6566;990;6500,3;9435,2;1,62;7886;45,43%
APT;Próprio;QTR;E302;17/03/2026;3284;1090;3579,6;5209,4;1,62;7624;30,10%
APT;Próprio;SFS;E456;17/03/2026;1415;820;1160,3;1739,4;1,5;2390;37,18%
APT;Próprio;SFS;ET15;17/03/2026;38146;890;33949,9;54653,8;1,77;57435;39,91%
APT;Próprio;SFS;E275;17/03/2026;4920;750;3690;5348,2;1,52;2311;68,03%
APT;Próprio;SFS;E458;17/03/2026;1175;800;940;1227,4;1,6;6242;15,84%
APT;Próprio;SFS;E457;17/03/2026;1864;810;1509,8;2271,6;1,57;764;70,91%
APT;Próprio;SFS;E455;17/03/2026;1690;840;1419,6;1997,4;1,54;3289;33,94%
APT;Próprio;SFS;E205;17/03/2026;2696;920;2480,3;3417,6;1,55;8238;24,66%
APT;Integração;LRG;"b22 Tanque 226 (1"" inox )";18/03/2026;3159;1103,7;3486,5;3007,4;1;1002;75,90%
APT;Integração;LRG;"b10 Tanque 214 (1"" inox )";18/03/2026;4126;1109,5;4578;5118,4;1,54;4204;49,53%
APT;Integração;PGP;"Tanque 339 (1"" 1/4)";18/03/2026;1363;1104,9;1506;2032,2;1,42;1499;47,61%
APT;Integração;PGP;Tanque 424 (3/4);18/03/2026;1338;1121,1;1500;2303,2;1,63;2253;37,26%
APT;Próprio;QTR;E341;18/03/2026;5485;990;5430,2;8359;1,67;5939;48,01%
APT;Integração;PGP;"Tanque 301 (1"" 1/4)";19/03/2026;5360;1060,6;5685;8314,9;1,51;1791;74,95%
APT;Integração;PGP;"Tanque 307 (1"" 1/4)";19/03/2026;1283;1071,7;1375;2241,8;1,74;2195;36,89%
APT;Integração;PGP;"Tanque 339 (1"" 1/4)";19/03/2026;942;1091,3;1028;1873,1;2;2641;26,29%
APT;Próprio;QTR;E313;19/03/2026;3059;870;2661,3;3763,2;1,6;8612;26,21%
APT;Próprio;QTR;E212 QTR;19/03/2026;9761;710;6930,3;10305,5;1,61;7002;58,23%
APT;Próprio;QTR;E352;19/03/2026;7864;866;6810,2;10337,6;1,64;8143;49,13%
APT;Integração;PGP;"Tanque 307 (1"" 1/4)";20/03/2026;4116;1000;4116;5768,4;1,53;9411;30,43%
APT;Integração;PGP;"Tanque 305 (1"" 1/4)";20/03/2026;2627;1100,1;2890;4137,2;1,48;1095;70,57%
APT;Próprio;SFS;E207;21/03/2026;5709;790;4510,1;6977,4;1,55;9550;37,41%
APT;Próprio;SFS;E210;21/03/2026;2854;890;2540,1;3092,8;1,63;2534;52,97%
APT;Próprio;SFS;E214;21/03/2026;2924;920;2690,1;3215,8;1,69;3539;45,24%
APT;Próprio;SFS;E233;21/03/2026;5298;840;4450,3;6483,1;1,65;11331;31,86%
APT;Próprio;SFS;E245;21/03/2026;1849;860;1590,1;2468,9;1,55;2269;44,90%
APT;Próprio;SFS;E231;21/03/2026;4211;950;4000,5;5891,7;1,62;7613;35,61%
APT;Próprio;SFS;E354;21/03/2026;2856;900;2570,4;3691,5;1,65;6846;29,43%
APT;Próprio;SFS;E260;21/03/2026;5160;940;4850,4;6398,2;1,73;19501;20,92%
APT;Integração;LRG;"b22 Tanque 226 (1"" inox )";23/03/2026;741;916,3;679;1706,7;18,91;4378;14,47%
APT;Integração;LRG;"a23 Tanque 203 (1"" 1/4 inox )";23/03/2026;5000;1006,5;5032,5;5754,9;1,54;3620;58,00%
APT;Integração;LRG;"c22 Tanque 245 (1"" pvc B)";23/03/2026;4006;1014,6;4064,5;4644;1,54;3038;56,86%
APT;Próprio;QTR;E232;23/03/2026;5873;1020;5990,5;9819,7;1,71;8470;40,95%
APT;Próprio;SFS;E357;23/03/2026;5047;860;4340,4;6669,7;1,54;7819;39,23%
APT;Próprio;SFS;E356;23/03/2026;4216;1020;4300,3;6698,2;1,56;7708;35,35%
APT;Integração;LRG;"a08 Tanque 188 (1"" inox )";24/03/2026;4582;905,9;4151;4520,3;1,54;3599;56,01%
APT;Integração;LRG;d01 Tanque 250 (5/8 pvc/inox R juvenil);24/03/2026;4320;1011,3;4369;5009,2;1,54;3134;57,95%
APT;Integração;LRG;"c08 Tanque 231(1"" inox B)";24/03/2026;1513;1066,8;1614;1896,8;1,51;885;63,07%
APT;Integração;PGP;"Tanque 310 (1"" 1/4)";24/03/2026;4181;953,6;3987;5850,8;1,57;6329;39,78%
APT;Integração;PGP;"Tanque 305 (1"" 1/4)";24/03/2026;2515;1015,9;2555;3657,6;1,48;1048;70,57%
APT;Integração;PGP;"Tanque 330 1""";24/03/2026;1270;1151,2;1462;1644,1;1,15;171;88,11%
APT;Próprio;QTR;T02;24/03/2026;32754;857;28070,2;50453,1;1,94;38510;45,96%
APT;Próprio;SFS;E267;24/03/2026;2440;840;2049,6;2311,8;1,63;1937;55,75%
APT;Próprio;SFS;E333 ;24/03/2026;2575;870;2240,3;3040,6;1,5;6516;28,32%
APT;Próprio;SFS;E261;24/03/2026;4989;900;4490,1;6566,7;1,62;8621;36,66%
APT;Próprio;SFS;E271;25/03/2026;3295;810,2;2669,6;4036,8;1,52;9236;26,29%
APT;Próprio;SFS;E240;25/03/2026;2044;900;1839,6;2051;1,59;2503;44,95%
APT;Próprio;SFS;E229;25/03/2026;4333;840;3639,7;5734,2;1,58;8252;34,43%
APT;Integração;LRG;"d02 Tanque 251 (1""inox R)";26/03/2026;1773;918,8;1629;2418;1,55;1207;59,49%
APT;Integração;LRG;"c08 Tanque 231(1"" inox B)";26/03/2026;3062;972,7;2978,5;3315,1;1,56;2669;53,42%
APT;Integração;LRG;"b15 Tanque 219 (1"" 1/4 inox )";26/03/2026;5668;1005;5696,5;8201,3;1,53;5699;49,86%
APT;Próprio;QTR;E218;26/03/2026;7171;700;5019,7;6691;1,67;16076;30,85%
APT;Próprio;SFS;E208;26/03/2026;3691;810;2989,7;3514,7;1,7;3914;48,53%
APT;Próprio;SFS;E335 ;26/03/2026;3225;890;2870,3;2475,5;1,82;10654;23,24%
APT;Próprio;SFS;E251;26/03/2026;2500;920;2300;2771,1;1,78;3709;40,26%
APT;Próprio;SFS;E344;26/03/2026;2238;1050;2349,9;3242,2;1,85;15185;12,84%
APT;Próprio;SFS;E237;26/03/2026;4409;930;4100,4;6190,3;1,69;9295;32,17%
APT;Integração;PGP;"Tanque 333 (1"" 1/4)";27/03/2026;4770;1054,5;5030;7276,9;1,53;6730;41,48%
APT;Integração;PGP;"Tanque 309 (1"" 1/4)";27/03/2026;5400;1056,7;5706;8163,7;1,48;2512;68,25%
APT;Integração;PGP;"Tanque 333 (1"" 1/4)";27/03/2026;716;1081;774;1119,7;1,53;1010;41,48%
APT;Integração;PGP;"Tanque 330 1""";27/03/2026;3521;1130,6;3981;6710,9;1,75;2363;59,83%
APT;Próprio;SFS;E244;28/03/2026;4000;840;3360;4179,9;1,66;3787;51,36%
APT;Próprio;SFS;E489;28/03/2026;1706;849,9;1450;2131,6;1,51;916;65,05%
APT;Próprio;SFS;E212;28/03/2026;3230;870;2810,1;3326,3;1,76;4399;42,34%
APT;Próprio;SFS;E239;28/03/2026;3422;900;3079,8;3737,5;1,72;4111;45,42%
APT;Próprio;SFS;E487;28/03/2026;633;1200;759,6;1141,9;1,54;691;47,78%
APT;Próprio;SFS;E490;28/03/2026;2110;820;1730,2;2839;1,78;8915;19,14%
APT;Próprio;SFS;E346;28/03/2026;4720;750;3540;5462,4;1,73;9333;33,59%
APT;Próprio;SFS;E474;28/03/2026;1329;820;1089,8;1397,7;1,7;5245;20,22%
APT;Próprio;SFS;E491;28/03/2026;1768;820;1449,8;1929,3;1,62;4521;28,11%
APT;Próprio;SFS;E480;28/03/2026;1855;830;1539,7;2092,2;1,74;6303;22,74%
APT;Próprio;SFS;E470;28/03/2026;1437;870;1250,2;1649,4;1,68;5179;21,72%
APT;Próprio;SFS;E483;28/03/2026;1505;910;1369,6;1932,1;1,5;1317;53,33%
APT;Próprio;SFS;E469;28/03/2026;1032;940;970,1;1552,8;1,69;751;57,87%
APT;Próprio;SFS;E306;28/03/2026;1087;1150;1250,1;1688;1,89;9956;9,84%
APT;Próprio;SFS;E276;28/03/2026;4209;860;3619,7;4351,4;1,72;19048;18,10%
APT;Próprio;SFS;E477;28/03/2026;1275;800;1020;1521,5;1,62;2255;36,12%
APT;Integração;LRG;"d02 Tanque 251 (1""inox R)";30/03/2026;2674;905,2;2420,5;3461,8;1,52;3629;42,42%
APT;Integração;LRG;"d02 Tanque 251 (1""inox R)";30/03/2026;2674;905,2;2420,5;3461,8;1,52;3629;42,42%
APT;Integração;LRG;"b17 Tanque 221 (1"" inox )";30/03/2026;5884;824,4;4850,5;6184,6;1,42;4544;56,42%
APT;Integração;LRG;"b17 Tanque 221 (1"" inox )";30/03/2026;5884;824,4;4850,5;6184,6;1,42;4544;56,42%
APT;Integração;LRG;"b20 Tanque 224 (1"" inox )";30/03/2026;5707;906,6;5174;7661,4;1,54;2532;69,27%
APT;Integração;LRG;"b20 Tanque 224 (1"" inox )";30/03/2026;5707;906,6;5174;7661,4;1,54;2532;69,27%
APT;Integração;LRG;"b20 Tanque 224 (1"" inox )";30/03/2026;730;912,3;666;986,2;1,54;323;69,27%
APT;Integração;LRG;"b20 Tanque 224 (1"" inox )";30/03/2026;730;912,3;666;986,2;1,54;323;69,27%
APT;Integração;LRG;"a24 Tanque 204 (1"" 1/4 inox )";30/03/2026;6989;1009;7052;9905;1,52;5877;54,32%
APT;Integração;LRG;"a24 Tanque 204 (1"" 1/4 inox )";30/03/2026;6989;1009;7052;9905;1,52;5877;54,32%
APT;Próprio;QTR;E201;30/03/2026;7043;700;4930,1;8598,1;1,97;9724;42,00%
APT;Próprio;QTR;E354;30/03/2026;9057;700;6339,9;10494;1,79;11481;44,10%
APT;Próprio;QTR;E291;30/03/2026;4838;990;4789,6;7241,4;1,62;4816;50,11%
APT;Próprio;SFS;E227;30/03/2026;3422;850;2908,7;3307,7;1,62;4510;43,14%
APT;Próprio;SFS;E224;30/03/2026;2767;860;2379,6;2541,6;1,81;5344;34,11%
APT;Próprio;SFS;E335 ;30/03/2026;5865;890;5219,9;5775,5;1,69;10654;35,50%
APT;Próprio;SFS;E276;30/03/2026;5663;860;4870,2;5846,6;1,58;19048;22,92%
APT;Integração;LDC ;319;31/03/2026;7755;906,3;7028,4;10496,7;1,63;12203;38,86%
APT;Integração;LDC ;320;31/03/2026;8941;910,4;8139,9;12073,7;1,55;2384;78,94%
APT;Integração;LDC ;291;31/03/2026;9179;914,8;8397;12699;1,6;5726;61,58%
APT;Próprio;QTR;T03;31/03/2026;33865;846;28649,8;50267;1,88;34028;49,88%
APT;Integração;LRG;"b12 Tanque 216 (1"" inox )";01/04/2026;3162;1114,8;3525;3925,1;1,53;5497;36,51%
APT;Integração;LRG;"b12 Tanque 216 (1"" inox )";01/04/2026;3162;1114,8;3525;3925,1;1,53;5497;36,51%
APT;Integração;LRG;"b14 Tanque 218 (1"" inox )";01/04/2026;3656;1128,1;4124,5;4343,2;1,52;4791;43,28%
APT;Integração;LRG;"b14 Tanque 218 (1"" inox )";01/04/2026;3656;1128,1;4124,5;4343,2;1,52;4791;43,28%
APT;Integração;LRG;"b17 Tanque 221 (1"" inox )";01/04/2026;882;784;691,5;1467,9;2,4;764;53,57%
APT;Integração;LRG;"b17 Tanque 221 (1"" inox )";01/04/2026;882;784;691,5;1467,9;2,4;764;53,57%
APT;Integração;LRG;"b16 Tanque 220 (1"" 1/4 inox )";01/04/2026;1819;944,2;1717,5;2406,8;1,46;1512;54,60%
APT;Integração;LRG;"b16 Tanque 220 (1"" 1/4 inox )";01/04/2026;1819;944,2;1717,5;2406,8;1,46;1512;54,60%
APT;Próprio;QTR;E298;01/04/2026;6711;830;5570,1;8793,2;1,85;12330;35,24%
APT;Próprio;QTR;E298;01/04/2026;6711;830;5570,1;8793,2;1,85;12330;35,24%
APT;Próprio;SFS;ET13;02/04/2026;33919;786;26660,3;29324,6;1,81;35509;48,85%
APT;Próprio;SFS;E220;02/04/2026;3077;910;2800,1;3011,8;1,63;4695;39,59%
APT;Próprio;SFS;ET14;02/04/2026;48583;840;40809,7;54374,1;1,81;21439;69,38%
APT;Integração;LRG;"a14 Tanque 194 (1"" pvc )";05/04/2026;4408;1007;4439;5314,5;1,54;4494;49,51%
APT;Integração;LRG;"c06 Tanque 229 ( 1"" pvc R )";05/04/2026;1839;1178,4;2167;2751;1,53;606;75,20%
APT;Integração;LRG;"b16 Tanque 220 (1"" 1/4 inox )";05/04/2026;3657;944,5;3454;5111,9;1,56;4767;43,41%
APT;Integração;LRG;"a20 Tanque 200 (1"" pvc )";06/04/2026;3754;1109,9;4166,5;5000,7;1,54;4567;45,11%
APT;Integração;LRG;"c06 Tanque 229 ( 1"" pvc R )";06/04/2026;1540;1021,8;1573,5;1338,6;1,55;3234;32,26%
APT;Integração;LRG;"b18 Tanque 222 (1"" inox )";06/04/2026;4043;1105;4467,5;4984,5;1,52;3980;50,39%
APT;Integração;PGP;"Tanque 304 (1"" 1/4)";06/04/2026;5187;1008,9;5233;7440,5;1,49;2578;66,79%
APT;Integração;PGP;"Tanque 300 1"" 1/4";06/04/2026;3496;945,7;3306;4751,9;1,52;4029;46,46%
APT;Próprio;QTR;E299;06/04/2026;9043;700;6330,1;9635;1,88;18813;32,46%
APT;Próprio;SFS;E236;06/04/2026;3646;790;2880,3;3625,4;1,78;4134;46,86%
APT;Próprio;SFS;E268;06/04/2026;1529;700;1070,3;1629,6;1,64;1196;56,10%
APT;Próprio;SFS;E353;06/04/2026;4630;730;3379,9;5063,6;1,68;8632;34,91%
APT;Integração;AGD;E028;07/04/2026;2966;1042;3090,6;4714,3;1,66;2522;54,04%
APT;Integração;AGD;E042;07/04/2026;3032;1093,1;3314,4;5096,6;1,68;3390;47,21%
APT;Integração;AGD;E063;07/04/2026;2813;1116;3139,3;4561,8;1,74;6288;30,91%
APT;Integração;AGD;E013;07/04/2026;1466;1216;1782,7;2441;1,67;5225;21,91%
APT;Integração;LRG;a07 Tanque 187;07/04/2026;4575;902;4126,5;4370;1,53;3634;55,73%
APT;Integração;LRG;c14 Tanque 237 (5/8 pvc/inox R juvenil);07/04/2026;4389;903,4;3965;4725,1;1,53;3590;55,00%
APT;Integração;LRG;"b05 Tanque 209 (1"" inox )";07/04/2026;2194;920,7;2020;2989,7;1,54;943;69,92%
APT;Próprio;SFS;E459;07/04/2026;737;760;560,1;858,5;1,59;792;48,19%
APT;Próprio;SFS;E460;07/04/2026;1391;690;959,8;1285,2;1,8;4561;23,37%
APT;Próprio;SFS;E498;07/04/2026;1429;700;1000,3;1435;1,56;1333;51,72%
APT;Próprio;SFS;E482;07/04/2026;1375;720;990;1273,2;1,63;3671;27,25%
APT;Próprio;SFS;E486;07/04/2026;1270;740;939,8;1349,8;1,54;930;57,73%
APT;Próprio;SFS;E291;07/04/2026;5438;640;3480,3;5085,2;1,74;14213;27,67%
APT;Próprio;QTR;E351;08/04/2026;5101;990;5050;7874,3;1,72;9258;35,52%
APT;Próprio;QTR;E264;09/04/2026;7159;813;5820,3;8460,2;1,59;8229;46,52%
APT;Integração;AGD;E057;10/04/2026;2210;1063;2349,2;3526,1;1,65;2406;47,87%
APT;Integração;AGD;E059;10/04/2026;2991;934;2793,6;6313,9;2,43;2570;53,78%
APT;Integração;AGD;E055;10/04/2026;3166;1058;3349,6;4725,6;1,58;8822;26,41%
APT;Integração;AGD;E072;10/04/2026;1696;1116,5;1893,6;2508,5;1,44;2368;41,73%
APT;Próprio;QTR;M1;10/04/2026;27357;52;1422,6;228,9;0;2721;90,95%
APT;Próprio;SFS;E201;10/04/2026;3623;770;2789,7;3491;1,78;3990;47,59%
APT;Próprio;SFS;E273;10/04/2026;1739;880;1530,3;1540,3;4,03;6177;21,97%
APT;Próprio;SFS;E211;10/04/2026;4758;620;2950;4535,5;1,71;6321;42,95%
APT;Próprio;SFS;E211;10/04/2026;4758;620;2950;4535,5;1,71;6321;42,95%
APT;Próprio;SFS;E499;10/04/2026;1320;750;990;1354,4;1,48;1108;54,35%
APT;Integração;LRG;"a19 Tanque 199 (1"" pvc )";12/04/2026;3268;1107,3;3618,5;4106;1,54;5326;38,02%
APT;Integração;LRG;"b19 Tanque 223 (1"" inox )";12/04/2026;2484;833,3;2070;2346,1;1,4;3379;42,37%
APT;Integração;LRG;"b05 Tanque 209 (1"" 1/4 inox )";12/04/2026;4887;919,9;4495,5;6524,3;1,51;2243;68,53%
APT;Integração;LRG;d06 Tanque 255 (5/8 pvc/inox azul R juvenil);13/04/2026;1413;952,9;1346,5;1198,8;1,22;943;59,96%
APT;Integração;LRG;"c20 Tanque 243 (1"" pvc R)";13/04/2026;4174;970,4;4050,5;4705,2;1,52;2290;64,57%
APT;Integração;LRG;"b19 Tanque 223 (1"" inox )";13/04/2026;3105;868,4;2696,5;3598,1;1,63;4240;42,27%
APT;Próprio;QTR;E359;13/04/2026;4859;920;4470,3;6418,5;1,58;8754;35,69%
APT;Próprio;QTR;E357;13/04/2026;5413;1018;5510,4;7976,9;1,55;7048;43,44%
APT;Próprio;SFS;E243;13/04/2026;6759;540;3649,8;4809,8;1,52;5453;55,35%
APT;Integração;AGD;E066;14/04/2026;2291;986;2258,9;3483,8;1,7;2149;51,60%
APT;Integração;AGD;E085;14/04/2026;2400;919;2205,6;3720,8;1,97;4695;33,83%
APT;Integração;AGD;E121;14/04/2026;1011;941;951,4;1138,5;1,43;1711;37,13%
APT;Integração;AGD;E069;14/04/2026;2376;973;2311,9;3203,1;1,51;3026;43,98%
APT;Integração;AGD;E098;14/04/2026;2890;1024;2959,4;4345,2;1,64;3927;42,39%
APT;Integração;LDC;264;14/04/2026;8051;886,4;7136,4;10267,7;1,63;19895;28,81%
APT;Integração;LDC;264;14/04/2026;8051;886,4;7136,4;10267,7;1,63;19895;28,81%
APT;Integração;LDC;109;14/04/2026;4536;906,5;4111,9;5953,3;1,53;2976;60,38%
APT;Integração;LDC;109;14/04/2026;4536;906,5;4111,9;5953,3;1,53;2976;60,38%
APT;Integração;LDC;287;14/04/2026;7989;911,6;7282,8;10589,9;1,61;15466;34,06%
APT;Integração;LDC;287;14/04/2026;7989;911,6;7282,8;10589,9;1,61;15466;34,06%
APT;Integração;LDC;302;14/04/2026;8906;917;8166,8;11910,4;1,59;14030;38,83%
APT;Integração;LDC;302;14/04/2026;8906;917;8166,8;11910,4;1,59;14030;38,83%
APT;Integração;LDC;218;14/04/2026;7580;1072,7;8131,1;12164,2;1,59;7752;49,44%
APT;Integração;LDC;218;14/04/2026;7580;1072,7;8131,1;12164,2;1,59;7752;49,44%
APT;Integração;LRG;d06 Tanque 255 (5/8 pvc/inox azul R juvenil);14/04/2026;1473;877,5;1292,5;1708,7;1,88;1005;59,43%
APT;Integração;LRG;d13 Tanque 262 (5/8 pvc R juvenil );14/04/2026;4581;916;4196;4646,2;1,52;2739;62,58%
APT;Integração;LRG;c18 Tanque 241 (5/8 pvc  azul/inox T juvenil);14/04/2026;3277;1104,2;3618,5;3830,2;1,53;3907;45,61%
APT;Próprio;QTR;E280;14/04/2026;8905;740;6589,7;9222,3;1,57;7228;55,20%
APT;Próprio;QTR;E287;14/04/2026;7090;828;5870,5;8575,1;1,64;8246;46,23%
APT;Próprio;QTR;E288;14/04/2026;6616;860;5689,8;8378,6;1,63;6839;49,17%
APT;Próprio;QTR;E267;14/04/2026;6989;1013;7079,9;10616,1;1,6;7941;46,81%
APT;Próprio;QTR;T07;14/04/2026;30374;936;28430,1;46111;1,73;41030;42,54%
APT;Integração;AGD;E014;15/04/2026;2283;1032;2356,1;3531,1;1,63;2241;50,46%
APT;Integração;AGD;E038;15/04/2026;3136;936;2935,3;4030,9;1,48;2615;54,53%
APT;Integração;AGD;E036;15/04/2026;2996;964;2888,1;4137,7;1,58;5978;33,38%
APT;Integração;AGD;E043;15/04/2026;3030;975;2954,3;4175,3;1,56;6415;32,08%
APT;Integração;PGP;"Tanque 338 (1"" 1/4)";16/04/2026;5758;940,8;5417;7971,3;1,54;2516;69,59%
APT;Integração;PGP;"Tanque 303 (1"" 1/4)";16/04/2026;4348;1112,7;4838;7022,7;1,53;3478;55,56%
APT;Próprio;QTR;E308;16/04/2026;6787;750;5090,3;7502;1,54;3230;67,75%
APT;Integração;PGP;"Tanque 312 (1"" 1/4)";17/04/2026;5180;901,9;4672;6805,1;1,53;2427;68,09%
APT;Integração;PGP;"Tanque 315 (1"" 1/4)";17/04/2026;4604;1013,2;4665;6768,4;1,53;3320;58,10%
APT;Próprio;QTR;E353;17/04/2026;8076;738;5960,1;8995,6;1,63;11406;41,45%
APT;Integração;LRG;c19 Tanque 242 (5/8 pvc  azul T juvenil);20/04/2026;4055;901,6;3656;4127,6;1,51;4273;48,69%
APT;Integração;LRG;"c07 Tanque 230 ( 1"" pvc R )";20/04/2026;3212;1007,2;3235;3652,8;1,52;4340;42,53%
APT;Integração;LRG;"c11 Tanque 234 (1"" pvc B)";20/04/2026;2341;1053;2465;2535,2;1,53;4985;31,95%
APT;Integração;LRG;"b04 Tanque 208 (1"" 1/4 inox )";21/04/2026;3799;903,9;3434;4993,6;1,51;1052;78,31%
APT;Integração;LRG;"b02  Tanque 206 (1"" 1/4 inox )";21/04/2026;7297;916,7;6689;9577,6;1,52;8403;46,48%
APT;Próprio;QTR;E355;21/04/2026;11471;700;8029,7;10950,6;1,49;8617;57,10%
APT;Próprio;QTR;E243;21/04/2026;8757;740;6480,2;9411,8;1,59;8066;52,05%
APT;Próprio;QTR;E243;21/04/2026;8757;740;6480,2;9411,8;1,59;8066;52,05%
APT;Integração;PGP;"Tanque 316 (1"" 1/4)";22/04/2026;4766;1003,1;4781;6782;1,49;2722;63,64%
APT;Integração;PGP;"Tanque 335 (1"" 1/4)";22/04/2026;4754;1057,2;5026;7649,1;1,6;2944;61,75%
APT;Integração;PGP;Tanque 459 (3/4);22/04/2026;1551;1111,5;1724;2603,8;1,62;2310;40,16%
APT;Integração;PGP;Tanque 457 (3/4);22/04/2026;1149;1020,9;1173;1714,7;1,56;1370;45,61%
APT;Integração;PGP;Tanque 457 (3/4);22/04/2026;746;1246,6;930;1359,5;1,54;889;45,61%
APT;Próprio;QTR;E282;22/04/2026;6655;870;5789,9;8397,3;1,63;7911;45,69%
APT;Próprio;QTR;E282;22/04/2026;6655;870;5789,9;8397,3;1,63;7911;45,69%
APT;Integração;LRG;"d11 Tanque 260 (1"" pvc R)";23/04/2026;3490;905,2;3159;3907;1,54;2101;62,41%
APT;Integração;LRG;"b04 Tanque 208 (1"" 1/4 inox )";23/04/2026;4318;903;3899;5825,9;1,55;1543;73,67%
APT;Integração;PGP;"Tanque 328 1""";23/04/2026;5352;929,2;4973;7301;1,54;2488;68,26%
APT;Integração;AGD;E020;24/04/2026;2579;956;2465,5;3628,7;1,59;2481;50,97%
APT;Integração;AGD;E050;24/04/2026;3021;1007;3042,2;4405,8;1,7;4757;38,84%
APT;Integração;AGD;E011;24/04/2026;2784;1064;2962,2;4358,6;1,6;2603;51,67%
APT;Integração;AGD;E002;24/04/2026;2781;1085;3017,4;4174,9;1,48;2854;49,35%
APT;Integração;AGD;E060;24/04/2026;639;1250;798,8;943;1,41;2072;23,56%
APT;Integração;LRG;"d11 Tanque 260 (1"" pvc R)";26/04/2026;942;890,1;838,5;808,6;1,55;1914;32,98%
APT;Integração;LRG;"a02 Tanque 182 (1"" inox )";26/04/2026;4560;818,6;3733;5543,8;1,55;1680;73,07%
APT;Integração;LRG;"c16 Tanque 239 (1"" pvc  azul RM)";26/04/2026;6190;908,4;5623;8241,1;1,53;3472;64,07%
APT;Integração;PGP;"Tanque 306 (1"" 1/4)";27/04/2026;5628;1016,2;5719;8383,6;1,53;2353;70,51%
APT;Próprio;QTR;E227;27/04/2026;6297;733;4615,7;6884,2;1,57;3833;62,16%
APT;Próprio;QTR;E295;27/04/2026;9351;740;6919,7;9703,4;1,48;6063;60,66%
APT;Próprio;QTR;E296;27/04/2026;5412;946;5119,8;7471,1;1,61;7233;42,80%
APT;Próprio;QTR;E360;27/04/2026;5418;790;4280,2;6304,7;1,59;6603;45,07%
APT;Integração;LDC;305;29/04/2026;7338;905,6;6645,3;9611,9;1,59;12169;37,62%
APT;Integração;LDC;321;29/04/2026;8842;910,4;8049,8;11423,5;1,54;12194;42,03%
APT;Próprio;QTR;E347;29/04/2026;8090;890;7200,1;11219,3;1,65;5183;60,95%
APT;Próprio;SFS;E218;29/04/2026;5292;686;3630,3;5529,7;1,71;8022;39,75%
APT;Próprio;SFS;E259;29/04/2026;3433;670;2300,1;3333,3;1,6;3531;49,29%
APT;Próprio;SFS;E488;29/04/2026;5266;680;3580,9;6285,7;1,85;2896;64,51%
APT;Integração;LRG;c17 Tanque 240 (5/8 pvc  azul T juvenil);03/05/2026;676;799,6;540,5;2098,8;4,24;1151;36,99%
APT;Integração;LRG;"d03 Tanque 252 (1""inox R)";03/05/2026;6568;806,2;5295;7724,2;1,53;3484;65,33%
APT;Integração;LRG;"d10 Tanque 259 (1"" inox R)";03/05/2026;5394;806,1;4348;6134,2;1,52;6646;44,80%
APT;Integração;LRG;"b01 Tanque 205 (1"" inox )";04/05/2026;4106;806,5;3311,5;2697,1;0,85;1527;72,88%
APT;Integração;LRG;d08 Tanque 257 (5/8 pvc R juvenil);04/05/2026;5980;803,3;4804;6784,7;1,51;6949;46,25%
APT;Integração;PGP;"Tanque 302 (1"" 1/4)";05/05/2026;1487;1051,1;1563;4423,4;3,03;1982;42,86%
APT;Integração;PGP;"Tanque 326 1""";05/05/2026;3234;1002,5;3242;3667,8;1,18;967;76,98%
APT;Integração;PGP;"Tanque 329 1""";05/05/2026;4076;1000,5;4078;5998,1;1,54;2242;64,51%
APT;Integração;PGP;"Tanque 329 1""";05/05/2026;1123;1027,6;1154;1697,3;1,54;617;64,51%
APT;Integração;PGP;Tanque 425 (3/4);05/05/2026;2339;1114,2;2606;3887,9;1,56;1527;60,50%
APT;Integração;PGP;Tanque 430 (3/4);05/05/2026;2127;1109,1;2359;3510,5;1,56;1720;55,28%
APT;Integração;LDC;205;06/05/2026;8252;895,4;7388,8;10771,8;1,58;10825;43,26%
APT;Integração;LDC;207;06/05/2026;9110;813,9;7414,6;10751,9;1,57;9949;47,80%
APT;Integração;LDC;213;06/05/2026;7818;834,1;6521;9554,4;1,54;8663;47,43%
APT;Próprio;QTR;E270;07/05/2026;7020;896;6289,9;9245,6;1,67;15971;30,53%
APT;Próprio;QTR;E278;07/05/2026;3142;1130;3550,5;5058,6;1,67;8248;27,59%
APT;Próprio;QTR;E247;08/05/2026;7614;700;5329,8;7670;1,63;12987;36,96%
APT;Integração;LRG;"d04 Tanque 253 (1"" pvc  azul T)";10/05/2026;5265;809,3;4261;6282,2;1,54;7479;41,31%
APT;Integração;LRG;"b01 Tanque 205 (1"" inox )";10/05/2026;2651;839,5;2225,5;5441,2;2,57;1633;61,87%
APT;Integração;LRG;"c12 Tanque 235 (1"" pvc  azul T)";10/05/2026;4506;802,9;3618;4470,5;1,3;2176;67,43%
APT;Próprio;QTR;E319;11/05/2026;6476;820;5310,3;8006,4;1,57;3717;63,53%
APT;Próprio;QTR;T06;11/05/2026;38361;854;32760,3;55223,1;1,86;35696;51,80%
APT;Integração;LRG;"a05 Tanque 185 (1"" inox )";12/05/2026;1209;787,8;952,5;1934,3;2,22;2022;37,42%
APT;Integração;LRG;"b06 Tanque 210 (1"" 1/4 inox )";12/05/2026;6598;702,9;4637,5;6788,1;1,54;2713;70,86%
APT;Integração;LRG;d12 Tanque 261 (5/8 pvc R juvenil );12/05/2026;6039;701,8;4238;6113,6;1,52;3028;66,60%
APT;Integração;PGP;"Tanque 326 1""";12/05/2026;1711;1016,9;1740;3422,7;2,1;2080;45,12%
APT;Integração;PGP;"Tanque 344 (1"" 1/4)";12/05/2026;3077;1004,2;3090;3206,7;1,07;455;87,10%
APT;Integração;PGP;"Tanque 345 1""";12/05/2026;2281;1062,7;2424;3527,7;1,52;1328;63,19%
APT;Integração;PGP;"Tanque 345 1""";12/05/2026;2570;1042,4;2679;3898,8;1,52;1497;63,19%
APT;Integração;PGP;Tanque 448 (3/4);12/05/2026;2566;1118,1;2869;4231,6;1,54;1544;62,42%
APT;Integração;PGP;Tanque 453 (3/4);12/05/2026;2225;1104,3;2457;3577,8;1,53;1931;53,52%
APT;Próprio;QTR;E214;12/05/2026;6714;700;4699,8;6737,2;1,62;11464;36,93%
APT;Próprio;QTR;E202;12/05/2026;4774;1060;5060,4;7872,9;1,67;9781;32,80%
APT;Integração;LDC;277;13/05/2026;13973;903,4;12623,2;18247,2;1,56;17431;44,49%
APT;Próprio;QTR;E273;13/05/2026;6429;700;4500,3;6966,3;1,66;6037;51,57%
APT;Integração;PGP;"Tanque 344 (1"" 1/4)";15/05/2026;2175;1005,1;2186;4284,3;2,1;2544;46,08%
APT;Integração;PGP;Tanque 446 (3/4);15/05/2026;2786;1058,1;2948;4338,8;1,53;1206;69,78%
APT;Integração;PGP;Tanque 408 (3/4);15/05/2026;833;1045,6;871;1287,6;1,55;438;65,53%
APT;Integração;PGP;Tanque 408 (3/4);18/05/2026;1942;1057,2;2053;3035,1;1,55;1021;65,53%
APT;Integração;PGP;"Tanque 331 1""";18/05/2026;4209;1185,1;4988;6995,9;1,45;875;82,78%
APT;Próprio;QTR;E220;18/05/2026;6454;700;4517,8;7153,8;1,79;6209;50,97%
APT;Próprio;QTR;E361;19/05/2026;7125;720;5130;8299,3;1,82;6862;50,94%
APT;Próprio;QTR;E284;19/05/2026;5376;865;4650,2;6912;1,62;7614;41,38%
APT;Próprio;QTR;E312;19/05/2026;4506;890;4010,3;6540,6;1,83;7154;38,64%
APT;Próprio;QTR;T04;19/05/2026;39125;937;36660,1;62683,5;1,8;33613;53,79%
APT;Próprio;SFS;V07;19/05/2026;54562;60;3273,7;2885,4;0,88;12104;81,84%
APT;Próprio;SFS;E225;20/05/2026;3224;850;2740,4;4291,8;1,78;6020;34,88%
APT;Próprio;SFS;E249;20/05/2026;5982;774;4630,1;6720,4;1,6;4042;59,67%
APT;Próprio;SFS;E312;20/05/2026;5422;830;4500,3;7226,4;1,76;8906;37,84%
APT;Integração;PGP;"Tanque 331 1""";21/05/2026;673;909,4;612;966,1;1,79;1729;28,01%
APT;Integração;PGP;Tanque 416 (3/4);21/05/2026;2761;1107,6;3058;4527,9;1,54;1242;68,97%
APT;Integração;PGP;"Tanque 334 (1"" 1/4)";21/05/2026;4312;1012,3;4365;6146,5;1,49;3293;56,70%
APT;Integração;PGP;"Tanque 334 (1"" 1/4)";22/05/2026;904;1026,5;928;1306,8;1,48;690;56,70%
APT;Integração;PGP;Tanque 447 (3/4);22/05/2026;2438;1130,4;2756;3989;1,51;1428;63,06%
APT;Integração;PGP;"Tanque 332 1""";22/05/2026;2054;1129,5;2320;3537,6;1,58;856;70,57%
APT;Próprio;QTR;E257;23/05/2026;6000;700;4200;6522,8;1,67;6332;48,65%
APT;Próprio;QTR;E224;23/05/2026;3203;1020;3267,1;4556,1;1,63;12436;20,48%
APT;Próprio;QTR;E257;23/05/2026;6000;700;4200;6522,8;1,67;6332;48,65%
APT;Próprio;QTR;E224;23/05/2026;3203;1020;3267,1;4556,1;1,63;12436;20,48%
APT;Próprio;SFS;E303;25/05/2026;4908;760;3730,1;5233,7;1,54;2715;64,38%
APT;Integração;LDC;275;26/05/2026;7697;830,4;6391,6;9480,2;1,59;6137;55,64%
APT;Integração;LDC;304;26/05/2026;7755;830,7;6442,1;9532,4;1,54;5132;60,17%
APT;Integração;LDC;307;26/05/2026;8652;841,7;7282,4;10432,9;1,49;3447;71,51%
APT;Integração;LDC;309;26/05/2026;8470;840,6;7119,9;9864,2;1,45;6374;57,06%
APT;Próprio;SFS;E345;26/05/2026;2967;900;2670,3;3981,2;1,66;5279;35,98%
APT;Próprio;SFS;E287;28/05/2026;6038;800;4830,4;6988,7;1,61;6567;47,90%
APT;Próprio;SFS;E284;29/05/2026;4270;815;3480,1;5147,1;1,68;7322;36,83%
APT;Próprio;QTR;E346;01/06/2026;6952;620;4310,2;6244,4;1,64;3984;63,57%
APT;Próprio;QTR;E309;01/06/2026;7453;640;4769,9;6819,1;1,62;10449;41,63%
APT;Próprio;QTR;E259;01/06/2026;6473;808;5230,2;7333,7;1,65;5543;53,87%
APT;Próprio;QTR;E340 ;01/06/2026;7370;810;5969,7;8042;1,51;5168;58,78%
APT;Próprio;SFS;E265;01/06/2026;5230;805;4210,2;7054,5;1,82;6789;43,51%
APT;Próprio;SFS;E314;01/06/2026;3720;820;3050,4;4750,4;1,83;8751;29,83%
APT;Próprio;SFS;E228;01/06/2026;4663;860;4010,2;6526,6;1,85;12127;27,77%
APT;Integração;AGD;E016;02/06/2026;2576;1075;2769,2;4120,7;1,59;6403;28,69%
APT;Integração;AGD;E025;02/06/2026;2317;1117;2588,1;3160,4;1,33;7912;22,65%
APT;Integração;AGD;E093;02/06/2026;2669;1011;2698,4;3829,5;1,54;3458;43,56%
APT;Integração;AGD;E065;03/06/2026;2730;1079;2945,7;3765,7;1,37;3122;46,65%
APT;Integração;AGD;E009;03/06/2026;2369;1072;2539,6;3147,3;1,34;7020;25,23%
APT;Integração;AGD;E010;03/06/2026;2892;1003;2900,7;3763,1;1,39;2962;49,40%
APT;Integração;LDC;272;03/06/2026;8265;820,3;6779,8;9736,4;1,54;7255;53,25%
APT;Integração;LDC;320;03/06/2026;7818;922,4;7211,3;10441,6;1,51;6814;53,43%
APT;Próprio;SFS;ET01;05/06/2026;40288;902;36339,8;54791,2;1,63;60782;39,86%
