Regiao;Classe;Produtor;Tanque;Data;Semana;Quantidade de Peixes;Peso Medio (g);Biomassa (kg);Consumo de Racao na Fase (kg);TCA Acumulado;Mortalidade Acumulada (peixes);Sobrevivencia Acumulada (%);Status
ITA;Parceria;AAO;AAON1;18/04/2026;36;72.738;903,68;65.731,53;80.221,56;1,8546;39.953;64,55;Peixe Pronto
ITA;Parceria;AAO;AAON2;24/10/2025;10;55.712;901,03;50.198,16;28.603,68;8,3697;11.164;83,31;Peixe Pronto
ITA;Parceria;AAO;AAON3;22/01/2026;23;115.951;903,96;104.815,30;138.252,69;2,3937;36.814;75,9;Peixe Pronto
ITA;Parceria;AAO;AAON4;15/12/2025;18;41.602;904,74;37.639,46;38.371,20;2,4807;6.489;86,51;Peixe Pronto
ITA;Parceria;AAO;AAOP4;02/03/2026;29;251.202;902,28;226.653,75;295.041,45;2,0869;107.109;70,11;Peixe Pronto
APT;Integração;AGD;B001;30/03/2026;33;2.844;901,79;2.565,04;2.648,59;1,5603;1.478;65,81;Peixe Pronto
APT;Integração;AGD;B002;30/03/2026;33;2.952;901,79;2.661,77;2.748,47;1,5603;1.533;65,81;Peixe Pronto
APT;Integração;AGD;B004;30/03/2026;33;2.540;901,79;2.290,25;2.364,85;1,5603;1.319;65,81;Peixe Pronto
APT;Integração;AGD;B005;15/03/2026;32;2.677;900,33;2.410,04;2.497,82;1,5671;1.113;70,63;Peixe Pronto
APT;Integração;AGD;B006;30/03/2026;33;2.623;901,79;2.365,03;2.442,07;1,5603;1.362;65,81;Peixe Pronto
APT;Integração;AGD;B007;15/03/2026;32;2.858;900,33;2.572,83;2.666,54;1,5671;1.188;70,63;Peixe Pronto
APT;Integração;AGD;B010;15/03/2026;32;2.784;900,33;2.506,70;2.597,99;1,5671;1.158;70,63;Peixe Pronto
APT;Integração;AGD;B013;30/03/2026;33;2.646;901,79;2.386,40;2.464,13;1,5603;1.375;65,81;Peixe Pronto
APT;Integração;AGD;B014;15/03/2026;32;2.739;900,33;2.466,00;2.555,81;1,5671;1.139;70,63;Peixe Pronto
APT;Integração;AGD;B016;30/03/2026;33;2.812;901,79;2.535,96;2.618,56;1,5603;1.461;65,81;Peixe Pronto
APT;Integração;AGD;B019;30/03/2026;33;2.617;901,79;2.359,69;2.436,55;1,5603;1.359;65,81;Peixe Pronto
APT;Integração;AGD;B021;30/03/2026;33;2.842;901,79;2.562,66;2.646,13;1,5603;1.476;65,81;Peixe Pronto
APT;Integração;AGD;B024;15/03/2026;32;2.658;900,33;2.393,51;2.480,68;1,5671;1.106;70,63;Peixe Pronto
APT;Integração;AGD;B025;15/03/2026;32;2.777;900,33;2.500,34;2.591,40;1,5671;1.155;70,63;Peixe Pronto
APT;Integração;AGD;B029;15/03/2026;32;2.695;900,33;2.425,94;2.514,29;1,5671;1.120;70,63;Peixe Pronto
APT;Integração;AGD;B030;30/03/2026;33;3.000;901,79;2.705,69;2.793,82;1,5603;1.559;65,81;Peixe Pronto
APT;Integração;AGD;B035;30/03/2026;33;3.075;901,79;2.772,76;2.863,07;1,5603;1.597;65,81;Peixe Pronto
APT;Integração;AGD;B036;30/03/2026;33;2.775;901,79;2.502,13;2.583,63;1,5603;1.441;65,81;Peixe Pronto
APT;Integração;AGD;B038;30/03/2026;33;2.833;901,79;2.554,35;2.637,55;1,5603;1.471;65,81;Peixe Pronto
APT;Integração;AGD;B043;15/03/2026;32;2.697;900,33;2.428,48;2.516,93;1,5671;1.122;70,63;Peixe Pronto
APT;Integração;AGD;B044;30/03/2026;33;2.861;901,79;2.579,87;2.663,91;1,5603;1.486;65,81;Peixe Pronto
APT;Integração;AGD;B046;15/03/2026;32;2.520;900,33;2.268,87;2.351,51;1,5671;1.048;70,63;Peixe Pronto
APT;Integração;AGD;B048;15/03/2026;32;2.533;900,33;2.280,32;2.363,37;1,5671;1.053;70,63;Peixe Pronto
APT;Integração;AGD;B049;30/03/2026;33;2.738;901,79;2.469,49;2.549,92;1,5603;1.423;65,81;Peixe Pronto
APT;Integração;AGD;B050;15/03/2026;32;2.723;900,33;2.452,01;2.541,31;1,5671;1.133;70,63;Peixe Pronto
APT;Integração;AGD;B051;15/03/2026;32;2.767;900,33;2.490,80;2.581,52;1,5671;1.150;70,63;Peixe Pronto
APT;Integração;AGD;B054;15/03/2026;32;2.622;900,33;2.361,08;2.447,07;1,5671;1.091;70,63;Peixe Pronto
APT;Integração;AGD;B055;15/03/2026;32;2.776;900,33;2.499,07;2.590,09;1,5671;1.154;70,63;Peixe Pronto
APT;Integração;AGD;E001;12/10/2025;14;2.477;904,73;2.240,87;1.062,54;2,7856;366;87,12;Peixe Pronto
APT;Integração;AGD;E002;12/11/2025;18;2.610;905,62;2.363,71;1.797,73;2,1719;468;84,8;Peixe Pronto
APT;Integração;AGD;E003;05/10/2025;14;2.704;902,87;2.441,67;984,4644;2,8106;408;86,9;Peixe Pronto
APT;Integração;AGD;E004;12/10/2025;14;2.567;900;2.310,31;1.100,40;2,772;378;87,17;Peixe Pronto
APT;Integração;AGD;E004;13/10/2025;14;2.567;905,63;2.324,76;1.125,80;2,7535;378;87,16;Peixe Pronto
APT;Integração;AGD;E005;09/11/2025;19;2.477;901,89;2.234,04;1.663,58;2,1398;475;83,91;Peixe Pronto
APT;Integração;AGD;E006;22/01/2026;24;2.731;903,47;2.467,07;3.060,54;2,032;1.101;71,26;Peixe Pronto
APT;Integração;AGD;E007;16/01/2026;23;2.997;904,88;2.711,66;3.109,17;1,8637;767;79,62;Peixe Pronto
APT;Integração;AGD;E008;07/12/2025;21;2.461;902,48;2.221,34;2.239,18;2,054;533;82,21;Peixe Pronto
APT;Integração;AGD;E011;27/01/2026;25;2.736;903,24;2.471,70;3.030,46;1,9594;1.033;72,61;Peixe Pronto
APT;Integração;AGD;E012;25/01/2026;24;2.784;902,05;2.511,08;3.082,10;1,9708;1.031;72,97;Peixe Pronto
APT;Integração;AGD;E013;14/09/2025;11;2.937;902,13;2.649,20;516,5243;2,998;180;94,21;Peixe Pronto
APT;Integração;AGD;E014;02/11/2025;18;2.638;905,32;2.388,08;1.620,33;2,2287;479;84,63;Peixe Pronto
APT;Integração;AGD;E015;12/09/2025;11;2.783;900,29;2.505,54;438,5003;3,7513;328;89,46;Peixe Pronto
APT;Integração;AGD;E017;16/02/2026;28;2.506;904,54;2.266,91;2.617,88;1,7816;957;72,37;Peixe Pronto
APT;Integração;AGD;E018;25/01/2026;24;2.830;902,05;2.553,13;3.133,71;1,9759;1.045;73,04;Peixe Pronto
APT;Integração;AGD;E019;03/12/2025;22;2.331;900,14;2.098,37;2.037,27;2,0499;516;81,88;Peixe Pronto
APT;Integração;AGD;E020;17/10/2025;14;2.392;900,06;2.153,28;1.132,47;3,3624;585;80,36;Peixe Pronto
APT;Integração;AGD;E021;15/10/2025;23;2.123;902,97;1.917,30;965,8522;2,1857;532;79,97;Peixe Pronto
APT;Integração;AGD;E022;26/12/2025;21;2.478;900,37;2.230,69;2.533,27;2,0044;563;81,47;Peixe Pronto
APT;Integração;AGD;E023;14/09/2025;11;2.556;902,13;2.305,83;449,5766;2,9977;157;94,21;Peixe Pronto
APT;Integração;AGD;E024;08/11/2025;18;2.509;901,08;2.260,61;1.662,87;2,2002;454;84,67;Peixe Pronto
APT;Integração;AGD;E026;26/12/2025;21;2.499;905,44;2.262,98;2.577,80;2,0073;578;81,23;Peixe Pronto
APT;Integração;AGD;E027;08/12/2025;21;2.350;903,08;2.122,58;2.159,11;2,0548;509;82,21;Peixe Pronto
APT;Integração;AGD;E029;15/10/2025;23;1.231;902,97;1.111,44;559,8953;2,1829;305;80,14;Peixe Pronto
APT;Integração;AGD;E030;08/11/2025;19;2.476;901,08;2.231,31;1.641,24;2,1349;478;83,83;Peixe Pronto
APT;Integração;AGD;E032;26/09/2025;20;2.774;903,93;2.507,26;789,8614;2,0933;306;90,06;Peixe Pronto
APT;Integração;AGD;E034;07/10/2025;14;2.612;904,69;2.363,27;1.001,28;2,7763;397;86,81;Peixe Pronto
APT;Integração;AGD;E035;17/09/2025;13;2.982;904,88;2.698,63;606,3532;2,5001;121;96,11;Peixe Pronto
APT;Integração;AGD;E036;07/11/2025;18;2.499;900,26;2.249,42;1.634,01;2,1987;452;84,67;Peixe Pronto
APT;Integração;AGD;E037;16/10/2025;23;2.074;903,88;1.874,63;963,0067;2,1793;518;80,01;Peixe Pronto
APT;Integração;AGD;E038;03/11/2025;18;2.615;901,36;2.356,77;1.627,20;2,2261;470;84,76;Peixe Pronto
APT;Integração;AGD;E039;16/01/2026;23;3.072;904,88;2.780,11;3.187,66;1,8664;826;78,82;Peixe Pronto
APT;Integração;AGD;E040;22/09/2025;13;2.271;904,85;2.054,97;562,5924;2,4777;105;95,58;Peixe Pronto
APT;Integração;AGD;E041;12/09/2025;18;2.323;905,01;2.102,25;367,5562;2,5659;433;84,29;Peixe Pronto
APT;Integração;AGD;E042;03/12/2025;22;2.401;900,14;2.161,02;2.098,09;2,0404;531;81,88;Peixe Pronto
APT;Integração;AGD;E043;13/10/2025;14;2.569;900,9;2.314,04;1.125,44;2,7928;403;86,43;Peixe Pronto
APT;Integração;AGD;E044;07/09/2025;13;2.004;900,34;1.804,16;224,1205;3,409;263;88,39;Peixe Pronto
APT;Integração;AGD;E045;02/10/2025;17;2.614;904,86;2.365,16;880,9292;2,1946;221;92,2;Peixe Pronto
APT;Integração;AGD;E046;16/11/2025;15;2.900;903,21;2.619,04;2.108,58;2,3079;435;86,95;Peixe Pronto
APT;Integração;AGD;E047;24/09/2025;20;2.550;901,95;2.299,87;675,9873;2,0932;280;90,1;Peixe Pronto
APT;Integração;AGD;E048;26/09/2025;20;2.726;903,93;2.464,14;776,3018;2,087;298;90,15;Peixe Pronto
APT;Integração;AGD;E049;05/10/2025;14;2.798;902,87;2.526,40;1.018,63;2,7991;422;86,9;Peixe Pronto
APT;Integração;AGD;E051;17/11/2025;16;2.918;903,84;2.637,61;2.149,83;2,2973;445;86,77;Peixe Pronto
APT;Integração;AGD;E052;16/09/2025;5;2.418;901,73;2.180,09;468,2155;0;0;99,99;Peixe Pronto
APT;Integração;AGD;E053;11/01/2026;23;3.027;900,81;2.726,73;3.119,29;1,8955;722;80,74;Peixe Pronto
APT;Integração;AGD;E054;11/10/2025;15;2.761;903,82;2.495,26;1.157,97;2,7399;464;85,61;Peixe Pronto
APT;Integração;AGD;E055;03/12/2025;22;2.406;905,18;2.178,30;2.105,46;2,0392;533;81,88;Peixe Pronto
APT;Integração;AGD;E056;17/10/2025;11;2.658;900,06;2.392,16;1.258,28;4,4856;574;82,23;Peixe Pronto
APT;Integração;AGD;E057;13/10/2025;15;2.552;900,9;2.299,42;1.118,42;2,7182;425;85,74;Peixe Pronto
APT;Integração;AGD;E058;05/11/2025;18;2.483;903,44;2.243,57;1.582,59;2,209;450;84,67;Peixe Pronto
APT;Integração;AGD;E059;09/01/2026;22;3.030;904,74;2.741,35;3.142,92;1,9055;704;81,15;Peixe Pronto
APT;Integração;AGD;E060;26/12/2025;21;1.672;900,37;1.505,22;1.709,39;2,0093;380;81,47;Peixe Pronto
APT;Integração;AGD;E061;18/11/2025;15;2.767;904,48;2.502,91;2.065,15;2,2953;422;86,77;Peixe Pronto
APT;Integração;AGD;E062;28/11/2025;22;2.391;901,42;2.155,29;1.995,61;2,0479;532;81,8;Peixe Pronto
APT;Integração;AGD;E063;07/10/2025;15;2.543;904,69;2.301,01;974,8821;2,8237;400;86,42;Peixe Pronto
APT;Integração;AGD;E064;17/10/2025;23;1.977;904,78;1.789,04;936,7802;2,1599;488;80,22;Peixe Pronto
APT;Integração;AGD;E066;07/11/2025;18;2.538;905,08;2.296,69;1.662,12;2,2082;459;84,67;Peixe Pronto
APT;Integração;AGD;E067;02/10/2025;17;2.551;900,13;2.296,45;857,4575;2,2059;223;91,97;Peixe Pronto
APT;Integração;AGD;E068;25/01/2026;24;2.769;902,05;2.498,16;3.066,26;1,9819;1.015;73,19;Peixe Pronto
APT;Integração;AGD;E069;16/10/2025;14;2.448;903,88;2.212,37;1.136,76;3,0976;499;83,06;Peixe Pronto
APT;Integração;AGD;E070;12/11/2025;18;2.444;900,63;2.201,45;1.683,15;2,1857;440;84,76;Peixe Pronto
APT;Integração;AGD;E071;25/01/2026;25;2.766;902,05;2.494,89;3.062,23;1,9697;1.032;72,82;Peixe Pronto
APT;Integração;AGD;E072;11/01/2026;22;3.102;900,81;2.794,14;3.196,41;1,8969;732;80,9;Peixe Pronto
APT;Integração;AGD;E073;17/10/2025;14;2.397;900,06;2.157,57;1.134,81;3,345;574;80,69;Peixe Pronto
APT;Integração;AGD;E074;05/01/2026;22;3.078;902,44;2.778,01;3.159,52;1,9251;708;81,31;Peixe Pronto
APT;Integração;AGD;E075;22/10/2025;12;2.552;904,87;2.308,94;1.321,32;4,1247;551;82,23;Peixe Pronto
APT;Integração;AGD;E078;26/10/2025;23;1.608;903,7;1.452,97;890,8227;2,2851;578;73,55;Peixe Pronto
APT;Integração;AGD;E079;19/01/2026;24;2.661;901,61;2.399,58;2.963,89;2,0699;1.106;70,65;Peixe Pronto
APT;Integração;AGD;E081;12/11/2025;18;2.702;905,62;2.447,11;1.861,08;2,1928;483;84,84;Peixe Pronto
APT;Integração;AGD;E082;29/10/2025;20;974;901,9;878,83;563,2319;2,1681;196;83,28;Peixe Pronto
APT;Integração;AGD;E083;28/10/2025;20;2.421;905,45;2.191,93;1.385,78;2,1541;493;83,08;Peixe Pronto
APT;Integração;AGD;E084;07/02/2026;26;2.625;902,23;2.368,47;2.742,62;1,8043;938;73,68;Peixe Pronto
APT;Integração;AGD;E086;28/09/2025;20;2.599;901,03;2.341,82;784,7951;2,0914;287;90,06;Peixe Pronto
APT;Integração;AGD;E087;24/01/2026;24;2.744;901,4;2.473,67;3.037,90;1,9861;1.034;72,64;Peixe Pronto
APT;Integração;AGD;E088;26/10/2025;20;2.072;903,7;1.872,76;1.148,20;2,4115;635;76,55;Peixe Pronto
APT;Integração;AGD;E089;27/09/2025;20;2.399;900,12;2.159,49;702,7957;2,0899;265;90,06;Peixe Pronto
APT;Integração;AGD;E090;02/10/2025;17;2.595;900,13;2.335,89;872,1834;2,207;221;92,15;Peixe Pronto
APT;Integração;AGD;E091;26/09/2025;20;2.418;903,93;2.185,71;688,5643;2,1017;267;90,06;Peixe Pronto
APT;Integração;AGD;E092;29/01/2026;25;1.208;900,48;1.087,65;1.337,48;1,9545;474;71,81;Peixe Pronto
APT;Integração;AGD;E094;23/01/2026;24;2.711;904,14;2.451,05;3.035,88;2,0147;1.076;71,58;Peixe Pronto
APT;Integração;AGD;E096;23/01/2026;24;2.733;900,75;2.462,11;3.025,51;1,9984;1.051;72,24;Peixe Pronto
APT;Integração;AGD;E097;26/12/2025;21;2.544;900,37;2.290,65;2.601,36;1,9903;585;81,31;Peixe Pronto
APT;Integração;AGD;E098;09/11/2025;17;2.580;901,89;2.326,89;1.732,79;2,2047;458;84,92;Peixe Pronto
APT;Integração;AGD;E100;06/11/2025;26;749;904,26;677,69;484,2046;2,0417;286;72,41;Peixe Pronto
APT;Integração;AGD;E101;02/09/2025;17;813;900,41;731,85;52,8064;2,8386;146;84,76;Peixe Pronto
APT;Integração;AGD;E102;27/09/2025;20;984;900,12;885,27;288,1162;2,0815;107;90,15;Peixe Pronto
APT;Integração;AGD;E106;26/09/2025;20;1.049;903,93;948,5;298,8049;2,0924;115;90,15;Peixe Pronto
APT;Integração;AGD;E114;05/10/2025;17;764;902,87;689,71;278,0786;2,5808;136;84,88;Peixe Pronto
APT;Integração;AGD;E123;05/10/2025;15;823;902,87;743,12;299,6119;2,7439;138;85,65;Peixe Pronto
APT;Integração;AGD;R001;10/01/2026;25;2.493;900,26;2.244,29;2.566,40;1,8941;924;72,96;Peixe Pronto
APT;Integração;AGD;R002;24/01/2026;27;2.081;901,4;1.876,24;2.304,20;1,935;932;69,08;Peixe Pronto
APT;Integração;AGD;R004;14/01/2026;23;2.138;903,89;1.932,78;2.214,55;1,87;513;80,66;Peixe Pronto
APT;Integração;AGD;R007;07/01/2026;29;1.803;903,59;1.629,50;1.866,66;1,8716;878;67,26;Peixe Pronto
APT;Integração;AGD;R008;28/01/2026;27;2.069;903,82;1.870,14;2.306,67;1,9171;920;69,23;Peixe Pronto
APT;Integração;AGD;R009;24/02/2026;30;1.694;901,92;1.527,97;1.646,84;1,635;628;72,96;Peixe Pronto
APT;Integração;AGD;R010;13/01/2026;26;2.293;903,38;2.071,62;2.372,75;1,8627;866;72,59;Peixe Pronto
APT;Integração;AGD;R011;26/12/2025;30;1.781;900,37;1.603,54;1.821,06;1,9082;1.000;64,04;Peixe Pronto
APT;Integração;AGD;R012;27/12/2025;27;1.901;900,92;1.712,21;1.945,24;1,9438;838;69,39;Peixe Pronto
APT;Integração;AGD;R013;27/01/2026;27;1.617;903,24;1.460,94;1.791,21;1,9131;709;69,54;Peixe Pronto
APT;Integração;AGD;R014;26/02/2026;28;2.598;901,21;2.341,26;2.450,82;1,6172;622;80,68;Peixe Pronto
APT;Integração;AGD;R015;10/01/2026;25;2.218;900,26;1.996,58;2.283,13;1,8868;831;72,74;Peixe Pronto
APT;Integração;AGD;R016;15/01/2026;23;2.698;904,39;2.439,86;2.796,55;1,874;677;79,94;Peixe Pronto
APT;Integração;AGD;R017;03/02/2026;28;2.813;902,5;2.538,90;3.105,11;1,8835;1.419;66,47;Peixe Pronto
APT;Integração;AGD;R018;25/02/2026;27;2.599;900,76;2.340,86;2.451,41;1,6146;614;80,88;Peixe Pronto
APT;Integração;AGD;R020;11/12/2025;29;1.717;904,89;1.553,86;1.623,27;1,9646;818;67,74;Peixe Pronto
APT;Integração;AGD;R021;11/01/2026;26;2.289;900,81;2.061,81;2.358,65;1,8902;864;72,59;Peixe Pronto
APT;Integração;AGD;R022;17/12/2025;29;1.565;904,47;1.415,71;1.549,39;1,9795;769;67,06;Peixe Pronto
APT;Integração;AGD;R023;25/01/2026;27;2.055;902,05;1.853,59;2.275,10;1,9337;906;69,4;Peixe Pronto
APT;Integração;AGD;R024;22/01/2026;27;2.092;903,47;1.889,75;2.344,34;1,9715;1.016;67,3;Peixe Pronto
APT;Integração;AGD;R025;24/02/2026;28;2.561;905,6;2.319,60;2.511,93;1,6708;707;78,38;Peixe Pronto
APT;Integração;AGD;R027;10/01/2026;22;2.430;905,31;2.199,47;2.522,68;1,9108;567;81,06;Peixe Pronto
APT;Integração;AGD;R028;16/12/2025;29;1.740;903,9;1.573,12;1.709,17;1,9703;837;67,53;Peixe Pronto
APT;Integração;AGD;R030;26/01/2026;27;2.120;902,65;1.913,65;2.347,52;1,9291;912;69,92;Peixe Pronto
APT;Integração;AGD;R032;07/01/2026;29;1.800;903,59;1.626,62;1.863,35;1,8683;887;67;Peixe Pronto
APT;Integração;AGD;R033;10/12/2025;29;1.728;904,28;1.562,74;1.618,23;1,9678;813;68,01;Peixe Pronto
APT;Integração;AGD;R034;06/01/2026;29;1.778;903,02;1.605,95;1.827,25;1,8654;858;67,47;Peixe Pronto
APT;Integração;AGD;R035;26/12/2025;27;1.727;905,44;1.563,67;1.781,21;1,9538;782;68,83;Peixe Pronto
APT;Integração;AGD;R036;27/12/2025;27;1.699;900,92;1.530,28;1.738,55;1,9468;727;70,01;Peixe Pronto
APT;Integração;AGD;R037;26/12/2025;27;1.696;900,37;1.527,24;1.734,40;1,9491;756;69,18;Peixe Pronto
APT;Integração;AGD;R039;08/12/2025;29;1.601;903,08;1.445,85;1.470,69;1,9692;772;67,47;Peixe Pronto
APT;Integração;AGD;R040;16/12/2025;29;1.954;903,9;1.766,63;1.919,42;1,9775;940;67,53;Peixe Pronto
APT;Integração;AGD;R041;26/12/2025;27;1.862;900,37;1.676,66;1.904,09;1,9509;838;68,97;Peixe Pronto
APT;Integração;AGD;R042;16/01/2026;23;2.404;904,88;2.175,74;2.494,69;1,8618;601;80,02;Peixe Pronto
APT;Integração;AGD;R044;18/01/2026;26;2.140;900,99;1.928,52;2.383,90;2,0179;1.060;66,89;Peixe Pronto
APT;Integração;AGD;R046;27/12/2025;27;1.186;900,92;1.068,48;1.213,90;1,9316;513;69,8;Peixe Pronto
APT;Integração;AGD;R047;17/12/2025;30;1.506;904,47;1.362,23;1.490,86;1,9599;813;64,95;Peixe Pronto
APT;Integração;AGD;R048;24/01/2026;27;2.061;901,4;1.858,18;2.282,03;1,9337;923;69,08;Peixe Pronto
APT;Integração;AGD;R049;02/03/2026;28;2.578;901,41;2.324,22;2.426,71;1,6035;650;79,88;Peixe Pronto
APT;Integração;AGD;R050;06/02/2026;28;2.038;903,15;1.840,99;2.243,48;1,8902;1.004;67,01;Peixe Pronto
APT;Integração;AGD;R052;12/12/2025;29;1.655;901,51;1.491,81;1.568,23;1,9665;783;67,87;Peixe Pronto
APT;Integração;AGD;R054;26/12/2025;30;1.805;900,37;1.624,88;1.845,28;1,9102;1.013;64,04;Peixe Pronto
APT;Integração;AGD;R055;09/12/2025;25;2.158;903,68;1.950,57;2.002,01;2,0383;774;73,62;Peixe Pronto
APT;Integração;AGD;R056;12/02/2026;26;2.377;903,28;2.147,52;2.473,06;1,8492;827;74,2;Peixe Pronto
APT;Integração;AGD;R057;26/12/2025;27;1.745;905,44;1.580,05;1.799,87;1,9645;760;69,66;Peixe Pronto
APT;Integração;AGD;R060;26/12/2025;27;1.670;900,37;1.503,98;1.707,99;1,9611;723;69,8;Peixe Pronto
APT;Integração;AGD;R061;22/02/2026;27;2.546;901,32;2.294,39;2.475,75;1,6822;684;78,81;Peixe Pronto
APT;Integração;AGD;R062;09/01/2026;29;1.257;904,74;1.137,26;1.303,84;1,8647;608;67,4;Peixe Pronto
APT;Integração;AGD;R063;28/12/2025;27;1.208;901,49;1.088,81;1.237,50;1,9368;505;70,51;Peixe Pronto
APT;Integração;AGD;R064;25/02/2026;27;2.180;900,76;1.963,47;2.056,19;1,6161;515;80,88;Peixe Pronto
APT;Integração;AGD;R065;22/01/2026;27;2.076;903,47;1.875,77;2.326,99;1,9704;1.009;67,3;Peixe Pronto
APT;Integração;AGD;R066;10/01/2026;25;2.261;900,26;2.035,87;2.328,06;1,9004;848;72,74;Peixe Pronto
APT;Integração;AGD;R067;04/02/2026;29;1.787;901,66;1.611,65;1.967,17;1,8848;910;66,27;Peixe Pronto
APT;Integração;AGD;R068;31/01/2026;28;2.107;905,24;1.907,38;2.347,62;1,8874;1.039;66,98;Peixe Pronto
APT;Integração;AGD;R069;02/03/2026;28;2.489;903,27;2.248,18;2.414,60;1,6625;733;77,25;Peixe Pronto
APT;Integração;AGD;R070;26/02/2026;28;1.553;901,21;1.399,67;1.465,17;1,6157;372;80,68;Peixe Pronto
APT;Integração;AGD;R071;26/12/2025;27;1.641;900,37;1.477,94;1.678,42;1,9547;739;68,97;Peixe Pronto
APT;Integração;AGD;R072;17/12/2025;29;1.716;904,47;1.551,72;1.698,25;1,9711;832;67,33;Peixe Pronto
APT;Integração;AGD;R073;16/02/2026;27;238;904,54;215,36;248,7002;1,7867;90;72,59;Peixe Pronto
APT;Integração;AGD;R074;17/01/2026;26;2.298;905,49;2.080,55;2.383,46;1,8464;885;72,19;Peixe Pronto
APT;Integração;AGD;R075;24/02/2026;30;1.989;901,92;1.793,57;1.933,11;1,6329;723;73,33;Peixe Pronto
APT;Integração;AGD;R076;11/12/2025;29;1.639;904,89;1.482,70;1.548,93;1,9732;751;68,56;Peixe Pronto
APT;Integração;AGD;R077;24/02/2026;28;2.543;905,6;2.302,91;2.493,86;1,674;695;78,53;Peixe Pronto
APT;Integração;AGD;R078;22/02/2026;27;2.551;901,32;2.299,36;2.481,11;1,6813;686;78,81;Peixe Pronto
APT;Integração;AGD;R079;06/02/2026;29;2.003;903,15;1.808,73;2.204,17;1,8875;1.034;65,94;Peixe Pronto
APT;Integração;AGD;R080;03/03/2026;28;2.557;901,86;2.305,93;2.406,89;1,6052;652;79,68;Peixe Pronto
APT;Integração;AGD;R081;26/12/2025;27;1.595;900,37;1.436,48;1.631,33;1,9402;686;69,94;Peixe Pronto
APT;Integração;AGD;R082;11/01/2026;29;1.140;900,81;1.026,56;1.174,35;1,8565;539;67,87;Peixe Pronto
APT;Integração;AGD;R085;21/02/2026;27;675;900,87;608,05;656,4136;1,6799;181;78,85;Peixe Pronto
APT;Integração;AGD;R086;28/12/2025;27;1.822;901,49;1.642,91;1.867,27;1,9353;794;69,67;Peixe Pronto
APT;Integração;AGD;R087;24/01/2026;27;2.149;901,4;1.937,19;2.379,06;1,9313;965;69,01;Peixe Pronto
APT;Integração;AGD;R089;23/01/2026;27;2.171;904,14;1.962,64;2.430,93;1,968;1.027;67,88;Peixe Pronto
APT;Integração;AGD;R090;27/12/2025;26;1.579;900,92;1.422,88;1.616,53;1,9438;663;70,44;Peixe Pronto
APT;Integração;AGD;R091;10/01/2026;22;2.386;900,26;2.147,83;2.456,08;1,8989;560;80,98;Peixe Pronto
APT;Integração;AGD;R092;11/12/2025;29;1.479;904,89;1.338,10;1.397,87;1,9769;704;67,74;Peixe Pronto
APT;Integração;AGD;R093;31/01/2026;28;2.096;905,24;1.897,08;2.334,93;1,8937;1.033;66,98;Peixe Pronto
APT;Integração;AGD;R094;19/12/2025;30;1.487;905,57;1.347,00;1.495,41;1,9597;845;63,78;Peixe Pronto
APT;Integração;AGD;R095;11/01/2026;22;2.416;900,81;2.176,14;2.489,43;1,8904;570;80,9;Peixe Pronto
APT;Integração;AGD;R096;17/12/2025;30;1.572;904,47;1.421,82;1.556,08;1,9546;895;63,72;Peixe Pronto
APT;Integração;AGD;R097;22/02/2026;30;2.047;900,12;1.842,42;1.932,76;1,579;658;75,67;Peixe Pronto
APT;Integração;AGD;R098;23/02/2026;27;2.530;905,15;2.289,60;2.464,27;1,6747;670;79,05;Peixe Pronto
APT;Integração;AGD;R099;18/01/2026;26;2.128;900,99;1.917,07;2.369,75;2,0094;1.053;66,89;Peixe Pronto
APT;Integração;AGD;R100;02/03/2026;28;2.716;901,41;2.448,32;2.556,28;1,6045;698;79,56;Peixe Pronto
APT;Integração;AGD;R101;11/12/2025;29;1.287;904,89;1.164,38;1.216,39;1,9761;605;68,01;Peixe Pronto
APT;Integração;AGD;R102;09/02/2026;26;2.282;903,63;2.062,25;2.504,01;1,9762;928;71,1;Peixe Pronto
APT;Integração;AGD;R103;31/01/2026;28;2.230;905,24;2.018,94;2.484,92;1,8898;1.100;66,98;Peixe Pronto
APT;Integração;AGD;R105;27/12/2025;30;1.665;900,92;1.500,46;1.704,67;1,9013;920;64,43;Peixe Pronto
APT;Integração;AGD;R108;23/01/2026;27;2.159;904,14;1.951,59;2.417,25;1,9652;1.021;67,88;Peixe Pronto
APT;Integração;AGD;R110;10/02/2026;28;1.911;902,96;1.725,62;1.991,67;1,7755;797;70,57;Peixe Pronto
APT;Integração;AGD;R111;09/01/2026;29;1.799;904,74;1.627,33;1.865,70;1,8588;859;67,67;Peixe Pronto
APT;Integração;AGD;R112;12/01/2026;26;2.302;902,84;2.078,48;2.364,60;1,8754;863;72,74;Peixe Pronto
APT;Integração;AGD;R113;09/01/2026;29;1.823;904,74;1.649,37;1.890,97;1,8615;871;67,67;Peixe Pronto
APT;Integração;AGD;R114;18/01/2026;26;2.096;900,99;1.888,75;2.334,73;2,0197;1.038;66,89;Peixe Pronto
APT;Integração;AGD;R115;17/01/2026;26;2.151;900,37;1.937,02;2.326,69;1,9592;972;68,89;Peixe Pronto
APT;Integração;AGD;R116;31/01/2026;28;2.079;905,24;1.882,31;2.316,76;1,8967;1.035;66,77;Peixe Pronto
APT;Integração;AGD;R117;19/12/2025;30;975;900,48;878,22;978,2718;1,964;554;63,79;Peixe Pronto
APT;Integração;AGD;R118;27/12/2025;27;1.740;900,92;1.567,19;1.780,49;1,9401;752;69,8;Peixe Pronto
APT;Integração;AGD;R119;31/01/2026;28;2.108;905,24;1.908,69;2.349,22;1,8958;1.037;67,04;Peixe Pronto
APT;Integração;AGD;R120;24/02/2026;28;2.585;900,32;2.327,17;2.437,99;1,6163;622;80,6;Peixe Pronto
APT;Integração;AGD;R122;07/02/2026;28;2.028;902,23;1.829,58;2.118,60;1,7807;857;70,29;Peixe Pronto
APT;Integração;AGD;R123;20/12/2025;30;1.735;901;1.562,97;1.753,24;1,9605;1.012;63,15;Peixe Pronto
APT;Integração;AGD;R124;10/12/2025;29;2.433;904,28;2.200,51;2.278,63;1,9711;1.145;68,01;Peixe Pronto
APT;Integração;AGD;R125;27/02/2026;28;2.572;901,66;2.319,00;2.426,69;1,6135;643;80;Peixe Pronto
APT;Integração;AGD;R126;24/02/2026;30;1.846;901,92;1.664,84;1.794,36;1,6309;684;72,96;Peixe Pronto
APT;Integração;AGD;R127;20/12/2025;30;1.628;901;1.466,51;1.645,04;1,9576;911;64,11;Peixe Pronto
APT;Integração;AGD;R128;22/02/2026;27;2.511;901,32;2.262,86;2.441,73;1,6787;681;78,65;Peixe Pronto
APT;Integração;AGD;R129;21/02/2026;27;2.522;900,87;2.271,65;2.452,35;1,6799;676;78,85;Peixe Pronto
APT;Integração;AGD;R130;13/02/2026;29;2.025;903,71;1.830,06;2.105,56;1,7769;856;70,29;Peixe Pronto
APT;Integração;AGD;R131;19/12/2025;30;1.572;900,48;1.415,91;1.577,22;1,9608;871;64,36;Peixe Pronto
APT;Integração;AGD;R132;13/01/2026;26;2.285;903,38;2.064,41;2.364,49;1,8684;863;72,59;Peixe Pronto
APT;Integração;AGD;R133;01/03/2026;28;2.566;902,58;2.315,83;2.421,70;1,6115;651;79,76;Peixe Pronto
APT;Integração;AGD;R134;17/01/2026;26;2.273;905,49;2.058,33;2.358,00;1,842;876;72,19;Peixe Pronto
APT;Integração;AGD;R135;13/02/2026;29;1.986;903,71;1.794,49;2.064,63;1,7773;839;70,29;Peixe Pronto
APT;Integração;AGD;R136;29/01/2026;28;2.132;900,48;1.920,23;2.361,31;1,9067;1.044;67,14;Peixe Pronto
APT;Integração;AGD;R137;10/12/2025;28;1.632;904,28;1.475,83;1.528,23;1,9842;739;68,83;Peixe Pronto
APT;Integração;AGD;R138;12/12/2025;29;1.626;901,51;1.465,50;1.540,57;1,9695;769;67,87;Peixe Pronto
APT;Integração;AGD;R139;02/01/2026;29;1.715;904,37;1.550,81;1.777,51;1,8932;842;67,06;Peixe Pronto
APT;Integração;AGD;R140;12/02/2026;27;2.102;904,61;1.901,66;2.316,87;1,8988;921;69,54;Peixe Pronto
APT;Integração;AGD;R141;27/02/2026;28;2.566;901,66;2.313,64;2.421,09;1,6166;648;79,84;Peixe Pronto
APT;Integração;AGD;R142;04/03/2026;28;2.556;902,31;2.306,31;2.406,48;1,6053;660;79,48;Peixe Pronto
APT;Integração;AGD;R143;21/02/2026;27;2.508;900,87;2.259,58;2.439,31;1,6799;673;78,85;Peixe Pronto
APT;Integração;AGD;R144;24/02/2026;30;2.037;901,92;1.837,22;1.980,15;1,6317;741;73,33;Peixe Pronto
APT;Integração;AGD;R145;22/12/2025;27;1.827;902,04;1.648,06;1.874,29;1,984;838;68,56;Peixe Pronto
APT;Integração;AGD;R146;06/01/2026;29;2.053;903,02;1.853,78;2.109,22;1,872;1.002;67,2;Peixe Pronto
APT;Integração;AGD;R148;09/12/2025;29;1.733;903,68;1.566,11;1.607,41;1,97;846;67,2;Peixe Pronto
APT;Integração;AGD;R149;21/01/2026;27;2.106;902,84;1.900,94;2.359,76;1,9784;1.040;66,93;Peixe Pronto
APT;Integração;AGD;R150;10/01/2026;25;2.261;900,26;2.035,22;2.327,31;1,8947;847;72,74;Peixe Pronto
APT;Integração;AGD;R152;08/01/2026;29;1.823;904,17;1.648,51;1.889,21;1,8617;874;67,6;Peixe Pronto
APT;Integração;AGD;R153;17/01/2026;26;2.408;900,37;2.167,76;2.603,84;1,9523;1.087;68,89;Peixe Pronto
APT;Integração;AGD;R154;22/02/2026;27;2.527;901,32;2.277,75;2.457,79;1,6807;686;78,65;Peixe Pronto
APT;Integração;AGD;R155;25/01/2026;27;2.154;902,05;1.943,11;2.384,98;1,9337;950;69,4;Peixe Pronto
APT;Integração;AGD;R156;24/02/2026;28;2.521;905,6;2.283,40;2.472,73;1,672;696;78,38;Peixe Pronto
APT;Integração;AGD;R157;17/12/2025;29;1.118;904,47;1.010,93;1.106,39;1,9837;542;67,33;Peixe Pronto
APT;Integração;AGD;R158;20/12/2025;30;1.595;901;1.437,05;1.612,00;1,9609;893;64,11;Peixe Pronto
APT;Integração;AGD;R159;19/12/2025;30;1.584;900,48;1.426,34;1.588,84;1,9624;877;64,36;Peixe Pronto
APT;Integração;AGD;R160;07/02/2026;28;1.429;902,23;1.289,27;1.492,93;1,7769;604;70,29;Peixe Pronto
APT;Integração;AGD;R161;23/12/2025;30;1.683;903,82;1.521,25;1.719,92;1,9427;919;64,69;Peixe Pronto
APT;Integração;AGD;R162;10/02/2026;28;1.726;902,96;1.558,67;1.798,98;1,7768;720;70,57;Peixe Pronto
APT;Integração;AGD;R163;01/03/2026;29;2.558;902,58;2.308,73;2.414,27;1,6109;662;79,44;Peixe Pronto
ITA;Parceria;EDB;DBO42;23/02/2026;41;196.814;901,57;177.442,08;231.372,26;1,9135;221.383;47,06;Peixe Pronto
ITA;Parceria;ESP;ESP01;24/12/2025;22;75.408;904,46;68.204,09;74.401,06;2,2178;14.149;84,2;Peixe Pronto
ITA;Parceria;ESP;ESP02;23/12/2025;25;36.836;904,57;33.320,28;36.054,99;2,1412;8.607;81,06;Peixe Pronto
ITA;Parceria;ESP;ESP03;27/08/2025;8;65.893;990,03;65.236,30;509,6586;10,9356;4.107;94,13;Peixe Pronto
ITA;Parceria;ESP;ESP04;20/09/2025;11;51.605;901,68;46.530,88;11.619,48;2,9375;1.395;97,37;Peixe Pronto
ITA;Parceria;ESP;ESP05;27/08/2025;8;42.619;918,49;39.145,57;305,8248;16,8923;4.381;90,68;Peixe Pronto
APT;Integração;FSH;FSH002;16/09/2025;4;22.970;901,73;20.713,16;4.448,55;0;3;99,99;Peixe Pronto
APT;Integração;FSH;FSH004;05/10/2025;7;26.163;902,46;23.611,40;9.519,85;15,1842;2.489;91,31;Peixe Pronto
APT;Integração;FSH;FSH015;20/09/2025;4;27.850;901,19;25.098,13;6.378,82;0;59;99,79;Peixe Pronto
APT;Integração;FSH;FSH023;16/09/2025;4;14.765;901,73;13.314,38;2.859,66;0;2;99,99;Peixe Pronto
APT;Integração;FSH;FSH032;17/09/2025;4;21.390;902,73;19.309,26;4.338,29;0;13;99,94;Peixe Pronto
APT;Integração;FSH;FSH039;16/11/2025;13;26.113;902,2;23.559,02;18.959,71;2,601;3.369;88,57;Peixe Pronto
APT;Integração;FSH;FSH041;21/09/2025;5;28.042;902,19;25.298,68;6.742,62;29,3893;73;99,74;Peixe Pronto
APT;Integração;FSH;FSH057;28/09/2025;6;21.693;900;19.523,68;6.542,96;6,1153;144;99,34;Peixe Pronto
APT;Integração;FSH;FSH057;29/09/2025;6;21.693;905,64;19.645,96;6.757,35;5,6917;144;99,34;Peixe Pronto
APT;Integração;FSH;FSH102;24/11/2025;14;26.083;903,66;23.569,76;20.797,30;2,422;3.646;87,73;Peixe Pronto
APT;Integração;FSH;FSH110;16/09/2025;4;6.572;901,73;5.926,42;1.272,88;0;1;99,99;Peixe Pronto
APT;Integração;FSH;FSH111;15/10/2025;8;29.010;903,49;26.210,10;13.208,99;5,3383;2.966;90,72;Peixe Pronto
APT;Integração;FSH;FSH112;28/11/2025;14;25.720;900,35;23.157,18;21.431,60;2,3986;3.743;87,3;Peixe Pronto
ITA;Integração;ILA;ILA01;12/02/2026;30;51.993;900,46;46.817,59;61.435,83;2,1079;26.160;66,53;Peixe Pronto
ITA;Integração;ILA;ILA02;12/10/2025;9;16.746;904,12;15.140,81;6.885,47;6,3647;1.686;90,85;Peixe Pronto
ITA;Integração;ILA;ILA03;13/10/2025;9;21.484;904,22;19.426,22;9.032,74;6,0489;2.186;90,76;Peixe Pronto
ITA;Integração;ILA;ILA04;04/01/2026;21;51.624;904,43;46.689,96;54.829,90;2,2673;10.804;82,69;Peixe Pronto
ITA;Integração;ILA;ILA05;18/01/2026;23;34.057;904,05;30.789,58;39.215,55;2,287;9.490;78,21;Peixe Pronto
ITA;Integração;ILA;ILA07;02/03/2026;32;30.112;902,28;27.169,74;35.367,60;2,0063;16.475;64,64;Peixe Pronto
ITA;Integração;ILA;ILA08;19/02/2026;28;43.425;901,68;39.155,72;51.025,41;2,0923;17.442;71,34;Peixe Pronto
ITA;Integração;ILA;ILA09;10/10/2025;9;84.034;903,93;75.960,78;33.017,48;3,6837;1.113;98,69;Peixe Pronto
ITA;Integração;ILA;ILA10;18/10/2025;10;61.689;900,19;55.531,94;28.623,39;4,8313;6.651;90,27;Peixe Pronto
ITA;Integração;ILA;ILAB1;22/04/2026;37;60.740;903,7;54.890,83;66.540,12;1,8424;39.260;60,74;Peixe Pronto
ITA;Integração;ILA;ILAB2;06/03/2026;30;23.131;900,51;20.829,61;26.927,21;2,0566;10.601;68,57;Peixe Pronto
ITA;Integração;JTB;JTB01;09/10/2025;10;67.484;903,84;60.994,32;25.935,02;3,3551;1.065;98,45;Peixe Pronto
ITA;Integração;JTB;JTB02;14/11/2025;15;85.808;903,47;77.524,76;58.746,30;2,8273;10.980;88,66;Peixe Pronto
ITA;Integração;JTB;JTB03;06/11/2025;14;90.620;902,58;81.791,74;56.406,82;3,0776;11.238;88,97;Peixe Pronto
ITA;Integração;JTB;JTB04;04/10/2025;9;109.609;903,19;98.998,47;37.770,21;3,6219;1.233;98,89;Peixe Pronto
ITA;Integração;JTB;JTB05;11/09/2025;6;80.505;900,84;72.522,03;11.801,60;0;7.176;91,82;Peixe Pronto
ITA;Integração;JTB;JTB06;23/09/2025;7;50.494;902,05;45.548,44;12.562,95;4,9928;313;99,38;Peixe Pronto
ITA;Integração;JTB;JTB07;27/08/2025;3;46.821;909,03;42.561,87;332,5146;0;121;99,74;Peixe Pronto
APT;Integração;LDC;LDC001;29/03/2026;32;3.191;901,18;2.875,98;2.972,36;1,5745;1.393;69,62;Peixe Pronto
APT;Integração;LDC;LDC004;24/01/2026;30;3.063;901,4;2.760,99;3.390,76;1,9055;1.878;61,99;Peixe Pronto
APT;Integração;LDC;LDC006;24/01/2026;30;2.832;901,4;2.553,12;3.135,47;1,9055;1.737;61,99;Peixe Pronto
APT;Integração;LDC;LDC007;21/01/2026;29;3.095;902,84;2.794,51;3.469,00;1,9438;1.846;62,64;Peixe Pronto
APT;Integração;LDC;LDC010;29/03/2026;32;3.123;901,18;2.814,49;2.908,81;1,5745;1.363;69,62;Peixe Pronto
APT;Integração;LDC;LDC021;29/03/2026;32;3.154;901,18;2.842,10;2.937,34;1,5745;1.376;69,62;Peixe Pronto
APT;Integração;LDC;LDC022;01/01/2026;31;3.030;903,8;2.738,35;3.137,34;1,8838;1.841;62,2;Peixe Pronto
APT;Integração;LDC;LDC023;29/03/2026;32;3.163;901,18;2.850,25;2.945,77;1,5745;1.380;69,62;Peixe Pronto
APT;Integração;LDC;LDC024;23/01/2026;28;3.054;900,75;2.751,00;3.380,51;1,928;1.518;66,8;Peixe Pronto
APT;Integração;LDC;LDC025;12/03/2026;32;1.757;905,01;1.589,96;1.654,92;1,571;709;71,24;Peixe Pronto
APT;Integração;LDC;LDC026;10/02/2026;31;2.329;902,96;2.103,24;2.427,50;1,7631;1.233;65,39;Peixe Pronto
APT;Integração;LDC;LDC029;23/12/2025;31;2.949;903,82;2.665,79;3.013,94;1,935;1.884;61,03;Peixe Pronto
APT;Integração;LDC;LDC030;21/12/2025;30;3.146;901,52;2.836,26;3.203,56;1,9507;1.836;63,15;Peixe Pronto
APT;Integração;LDC;LDC033;23/12/2025;31;2.889;903,82;2.611,19;2.952,20;1,935;1.845;61,03;Peixe Pronto
APT;Integração;LDC;LDC034;29/03/2026;32;3.146;901,18;2.835,20;2.930,21;1,5745;1.373;69,62;Peixe Pronto
APT;Integração;LDC;LDC036;24/01/2026;30;2.821;901,4;2.542,50;3.122,43;1,9055;1.729;61,99;Peixe Pronto
APT;Integração;LDC;LDC038;21/01/2026;29;2.934;902,84;2.648,59;3.287,86;1,9438;1.749;62,64;Peixe Pronto
APT;Integração;LDC;LDC039;12/03/2026;32;1.852;905,01;1.675,71;1.744,18;1,571;747;71,24;Peixe Pronto
APT;Integração;LDC;LDC041;29/03/2026;32;3.110;901,18;2.802,57;2.896,49;1,5745;1.357;69,62;Peixe Pronto
APT;Integração;LDC;LDC041;29/03/2026;32;3.226;901,18;2.907,35;5.901,27;1,5745;1.408;69,62;Peixe Pronto
APT;Integração;LDC;LDC042;01/03/2026;32;3.302;901,95;2.978,06;3.112,76;1,5776;1.344;71,07;Peixe Pronto
APT;Integração;LDC;LDC043;21/01/2026;29;3.067;902,84;2.769,06;3.437,40;1,9438;1.829;62,64;Peixe Pronto
APT;Integração;LDC;LDC044;23/12/2025;31;2.745;903,82;2.481,01;2.805,03;1,935;1.753;61,03;Peixe Pronto
APT;Integração;LDC;LDC046;29/03/2026;32;3.191;901,18;2.875,98;2.972,36;1,5745;1.393;69,62;Peixe Pronto
APT;Integração;LDC;LDC047;21/01/2026;29;3.293;902,84;2.972,67;3.690,15;1,9438;1.963;62,64;Peixe Pronto
APT;Integração;LDC;LDC050;24/01/2026;30;2.790;901,4;2.514,56;3.088,12;1,9055;1.710;61,99;Peixe Pronto
APT;Integração;LDC;LDC051;12/03/2026;32;1.765;905,01;1.597,05;1.662,31;1,571;712;71,24;Peixe Pronto
APT;Integração;LDC;LDC052;01/01/2026;31;2.995;903,8;2.706,87;3.101,27;1,8838;1.820;62,2;Peixe Pronto
APT;Integração;LDC;LDC053;01/01/2026;31;2.822;903,8;2.550,58;2.922,22;1,8838;1.715;62,2;Peixe Pronto
APT;Integração;LDC;LDC054;23/12/2025;31;3.044;903,82;2.751,29;4.781,63;1,935;1.944;61,03;Peixe Pronto
APT;Integração;LDC;LDC054;12/03/2026;32;1.774;905,01;1.605,43;1.671,03;1,571;716;71,24;Peixe Pronto
APT;Integração;LDC;LDC056;29/03/2026;32;3.191;901,18;2.875,98;2.972,36;1,5745;1.393;69,62;Peixe Pronto
APT;Integração;LDC;LDC057;23/12/2025;31;2.819;903,82;2.547,75;2.880,48;1,935;1.800;61,03;Peixe Pronto
APT;Integração;LDC;LDC059;24/01/2026;30;2.925;901,4;2.636,93;3.238,41;1,9055;1.794;61,99;Peixe Pronto
APT;Integração;LDC;LDC060;12/03/2026;32;1.774;905,01;1.605,43;1.671,03;1,571;716;71,24;Peixe Pronto
APT;Integração;LDC;LDC061;12/03/2026;32;1.773;905,01;1.604,14;1.669,69;1,571;715;71,24;Peixe Pronto
APT;Integração;LDC;LDC063;12/03/2026;32;1.764;905,01;1.596,40;1.661,63;1,571;712;71,24;Peixe Pronto
APT;Integração;LDC;LDC065;12/03/2026;32;1.758;905,01;1.590,60;1.655,59;1,571;709;71,24;Peixe Pronto
APT;Integração;LDC;LDC068;10/02/2026;31;2.624;902,96;2.369,54;2.734,86;1,7631;1.389;65,39;Peixe Pronto
APT;Integração;LDC;LDC069;01/01/2026;31;2.682;903,8;2.424,09;2.777,30;1,8838;1.630;62,2;Peixe Pronto
APT;Integração;LDC;LDC070;12/03/2026;32;1.743;905,01;1.577,71;1.642,17;1,571;704;71,24;Peixe Pronto
APT;Integração;LDC;LDC072;01/01/2026;31;2.899;903,8;2.619,73;3.001,44;1,8838;1.761;62,2;Peixe Pronto
APT;Integração;LDC;LDC073;10/02/2026;31;2.772;902,96;2.502,98;2.888,88;1,7631;1.467;65,39;Peixe Pronto
APT;Integração;LDC;LDC075;29/03/2026;32;3.147;901,18;2.835,82;2.930,86;1,5745;1.373;69,62;Peixe Pronto
APT;Integração;LDC;LDC079;12/03/2026;32;1.760;905,01;1.593,18;1.658,28;1,571;711;71,24;Peixe Pronto
APT;Integração;LDC;LDC080;21/01/2026;29;2.876;902,84;2.596,56;3.223,27;1,9438;1.715;62,64;Peixe Pronto
APT;Integração;LDC;LDC081;21/12/2025;30;3.012;901,52;2.715,57;3.067,24;1,9507;1.758;63,15;Peixe Pronto
APT;Integração;LDC;LDC084;21/01/2026;29;2.981;902,84;2.691,57;3.341,22;1,9438;1.778;62,64;Peixe Pronto
APT;Integração;LDC;LDC087;23/12/2025;31;3.006;903,82;2.716,54;3.071,31;1,935;1.919;61,03;Peixe Pronto
APT;Integração;LDC;LDC088;01/01/2026;31;2.918;903,8;2.637,72;3.022,05;1,8838;1.774;62,2;Peixe Pronto
APT;Integração;LDC;LDC090;01/03/2026;32;3.292;901,95;2.969,09;3.103,38;1,5776;1.340;71,07;Peixe Pronto
APT;Integração;LDC;LDC092;23/12/2025;31;2.757;903,82;2.491,49;2.816,88;1,935;1.760;61,03;Peixe Pronto
APT;Integração;LDC;LDC093;21/01/2026;29;3.733;902,84;3.370,26;4.183,72;1,9438;2.226;62,64;Peixe Pronto
APT;Integração;LDC;LDC094;12/03/2026;32;1.778;905,01;1.609,30;1.675,06;1,571;718;71,24;Peixe Pronto
APT;Integração;LDC;LDC095;03/12/2025;32;3.006;905,18;2.720,81;2.629,48;1,9483;1.989;60,18;Peixe Pronto
APT;Integração;LDC;LDC099;01/03/2026;32;3.320;901,95;2.994,09;3.129,51;1,5776;1.351;71,07;Peixe Pronto
APT;Integração;LDC;LDC100;21/12/2025;30;2.578;901,52;2.324,46;2.625,48;1,9507;1.505;63,15;Peixe Pronto
APT;Integração;LDC;LDC101;01/03/2026;32;3.482;901,95;3.140,87;3.282,94;1,5776;1.418;71,07;Peixe Pronto
APT;Integração;LDC;LDC104;15/01/2026;22;4.871;905,55;4.410,99;5.060,06;1,8936;1.078;81,88;Peixe Pronto
APT;Integração;LDC;LDC105;01/03/2026;32;3.440;901,95;3.102,41;3.242,74;1,5776;1.400;71,07;Peixe Pronto
APT;Integração;LDC;LDC106;10/02/2026;31;2.542;902,96;2.295,14;2.648,99;1,7631;1.345;65,39;Peixe Pronto
APT;Integração;LDC;LDC108;26/12/2025;31;3.356;905,44;3.038,28;3.460,96;1,9236;2.254;59,81;Peixe Pronto
APT;Integração;LDC;LDC112;29/03/2026;32;3.188;901,18;2.872,84;2.969,11;1,5745;1.391;69,62;Peixe Pronto
APT;Integração;LDC;LDC116;01/03/2026;32;9.419;901,95;8.495,74;8.880,02;1,5776;3.835;71,07;Peixe Pronto
APT;Integração;LDC;LDC117;01/03/2026;32;9.446;901,95;8.519,46;8.904,81;1,5776;3.845;71,07;Peixe Pronto
APT;Integração;LDC;LDC131;30/09/2025;26;4.081;902,86;3.684,62;1.305,81;2,0332;1.139;78,18;Peixe Pronto
APT;Integração;LDC;LDC148;01/01/2026;31;2.779;903,8;2.511,79;2.877,77;1,8838;1.689;62,2;Peixe Pronto
APT;Integração;LDC;LDC151;21/01/2026;29;3.621;902,84;3.269,03;4.058,05;1,9438;2.159;62,64;Peixe Pronto
APT;Integração;LDC;LDC153;01/03/2026;32;3.407;901,95;3.072,93;3.211,92;1,5776;1.387;71,07;Peixe Pronto
APT;Integração;LDC;LDC154;23/12/2025;31;2.971;903,82;2.685,65;3.036,39;1,935;1.898;61,03;Peixe Pronto
APT;Integração;LDC;LDC155;10/02/2026;31;2.288;902,96;2.066,04;2.384,57;1,7631;1.211;65,39;Peixe Pronto
APT;Integração;LDC;LDC156;12/03/2026;32;1.753;905,01;1.586,09;1.650,90;1,571;707;71,24;Peixe Pronto
APT;Integração;LDC;LDC158;24/01/2026;30;2.612;901,4;2.354,74;2.891,85;1,9055;1.602;61,99;Peixe Pronto
APT;Integração;LDC;LDC164;24/01/2026;30;2.647;901,4;2.386,04;2.930,28;1,9055;1.623;61,99;Peixe Pronto
APT;Integração;LDC;LDC165;21/01/2026;29;3.001;902,84;2.709,67;3.363,68;1,9438;1.790;62,64;Peixe Pronto
APT;Integração;LDC;LDC166;29/03/2026;32;3.191;901,18;2.875,98;2.972,36;1,5745;1.393;69,62;Peixe Pronto
APT;Integração;LDC;LDC168;21/01/2026;29;3.036;902,84;2.741,34;3.403,00;1,9438;1.811;62,64;Peixe Pronto
APT;Integração;LDC;LDC169;26/01/2026;23;2.046;902,45;1.846,25;2.264,50;2,0105;709;74,26;Peixe Pronto
APT;Integração;LDC;LDC170;01/01/2026;31;2.988;903,8;2.700,68;3.094,19;1,8838;1.816;62,2;Peixe Pronto
APT;Integração;LDC;LDC179;13/12/2025;25;3.999;902,13;3.607,64;3.825,49;2,0408;1.455;73,32;Peixe Pronto
APT;Integração;LDC;LDC201;16/12/2025;22;8.447;903,9;7.635,01;8.295,74;2,0576;2.120;79,94;Peixe Pronto
APT;Integração;LDC;LDC203;20/12/2025;20;8.644;901;7.788,46;8.737,39;2,083;2.009;81,14;Peixe Pronto
APT;Integração;LDC;LDC204;29/10/2025;15;8.920;901,9;8.044,58;5.156,21;2,4713;1.442;86,08;Peixe Pronto
APT;Integração;LDC;LDC206;12/12/2025;22;8.327;901,51;7.506,57;7.891,94;2,0343;1.883;81,55;Peixe Pronto
APT;Integração;LDC;LDC208;01/11/2025;23;8.080;904,47;7.308,47;4.890,25;2,0742;2.054;79,74;Peixe Pronto
APT;Integração;LDC;LDC209;16/12/2025;22;8.388;903,9;7.582,27;8.238,43;2,0576;2.106;79,94;Peixe Pronto
APT;Integração;LDC;LDC210;15/11/2025;25;8.526;902,56;7.694,88;6.116,66;2,0463;3.084;73,43;Peixe Pronto
APT;Integração;LDC;LDC211;21/10/2025;22;7.888;903,68;7.128,22;4.029,40;2,3852;2.640;74,92;Peixe Pronto
APT;Integração;LDC;LDC218;12/09/2025;9;9.766;905,01;8.838,64;1.545,34;5,5863;994;90,77;Peixe Pronto
APT;Integração;LDC;LDC221;15/11/2025;25;7.641;902,56;6.896,89;5.482,34;2,0463;2.765;73,43;Peixe Pronto
APT;Integração;LDC;LDC230;15/01/2026;22;992;905,55;898,66;1.030,89;1,8989;220;81,88;Peixe Pronto
APT;Integração;LDC;LDC230;15/01/2026;22;603;905,55;545,72;1.656,92;1,8989;133;81,88;Peixe Pronto
APT;Integração;LDC;LDC231;30/09/2025;23;8.510;902,86;7.682,93;2.722,87;2,0163;1.276;86,96;Peixe Pronto
APT;Integração;LDC;LDC232;23/09/2025;23;8.647;901,04;7.791,20;2.213,65;2,0457;1.282;87,09;Peixe Pronto
APT;Integração;LDC;LDC243;16/12/2025;22;7.924;903,9;7.162,48;7.782,31;2,0576;1.989;79,94;Peixe Pronto
APT;Integração;LDC;LDC244;16/12/2025;22;8.050;903,9;7.276,64;7.906,35;2,0576;2.021;79,94;Peixe Pronto
APT;Integração;LDC;LDC245;23/12/2025;22;7.790;903,82;7.040,82;7.960,33;2,0304;2.034;79,3;Peixe Pronto
APT;Integração;LDC;LDC246;23/12/2025;22;7.863;903,82;7.106,76;8.034,88;2,0304;2.053;79,3;Peixe Pronto
APT;Integração;LDC;LDC255;27/11/2025;19;6.723;900,84;6.056,52;5.550,58;2,096;1.261;84,21;Peixe Pronto
APT;Integração;LDC;LDC264;21/10/2025;17;8.065;903,68;7.288,03;4.120,27;2,7377;2.256;78,14;Peixe Pronto
APT;Integração;LDC;LDC267;28/10/2025;16;9.370;901,04;8.443,05;5.331,86;2,4397;1.543;85,86;Peixe Pronto
APT;Integração;LDC;LDC267;24/12/2025;19;732;904,74;662,18;6.085,79;2,0806;153;82,7;Peixe Pronto
APT;Integração;LDC;LDC269;29/12/2025;22;8.010;902,06;7.225,83;8.215,95;1,9835;1.931;80,58;Peixe Pronto
APT;Integração;LDC;LDC272;27/12/2025;19;3.325;901,9;2.998,57;3.409,06;2,0581;659;83,45;Peixe Pronto
APT;Integração;LDC;LDC273;12/10/2025;16;8.760;900;7.883,64;3.754,68;2,5945;1.534;85,09;Peixe Pronto
APT;Integração;LDC;LDC273;13/10/2025;16;8.760;905,63;7.932,97;3.841,35;2,5817;1.534;85,09;Peixe Pronto
APT;Integração;LDC;LDC274;17/10/2025;21;2.615;904,78;2.365,74;1.238,85;2,1939;580;81,84;Peixe Pronto
APT;Integração;LDC;LDC276;29/10/2025;23;8.463;901,9;7.632,69;4.891,42;2,1117;2.103;80,1;Peixe Pronto
APT;Integração;LDC;LDC277;31/12/2025;22;8.664;903,22;7.825,72;8.962,25;1,9747;2.067;80,74;Peixe Pronto
APT;Integração;LDC;LDC281;13/10/2025;14;9.168;900,9;8.259,52;4.017,39;2,7502;1.440;86,43;Peixe Pronto
APT;Integração;LDC;LDC283;15/01/2026;22;8.785;905,55;7.955,20;9.125,80;1,9042;1.944;81,88;Peixe Pronto
APT;Integração;LDC;LDC284;13/01/2026;21;8.641;904,18;7.812,92;8.953,77;1,9032;1.891;82,04;Peixe Pronto
APT;Integração;LDC;LDC287;09/11/2025;20;8.282;901,89;7.469,76;5.562,58;2,1038;1.618;83,66;Peixe Pronto
APT;Integração;LDC;LDC288;27/12/2025;19;8.917;901,9;8.042,10;9.143,02;2,0582;1.768;83,45;Peixe Pronto
APT;Integração;LDC;LDC291;26/11/2025;19;8.984;900,25;8.087,77;7.335,00;2,0981;1.674;84,29;Peixe Pronto
APT;Integração;LDC;LDC296;10/10/2025;13;7.347;902,91;6.633,48;3.011,46;2,9665;1.027;87,73;Peixe Pronto
APT;Integração;LDC;LDC297;29/10/2025;23;8.239;901,9;7.431,14;4.762,26;2,1117;2.048;80,1;Peixe Pronto
APT;Integração;LDC;LDC298;17/12/2025;20;8.310;904,47;7.515,74;8.226,63;2,0966;1.849;81,8;Peixe Pronto
APT;Integração;LDC;LDC299;29/10/2025;23;7.462;901,9;6.730,43;4.313,21;2,1117;1.855;80,1;Peixe Pronto
APT;Integração;LDC;LDC300;22/11/2025;14;6.490;902,27;5.855,94;5.053,13;2,4445;915;87,65;Peixe Pronto
APT;Integração;LDC;LDC301;09/10/2025;20;5.272;902;4.755,05;2.109,87;2,2827;1.112;82,58;Peixe Pronto
APT;Integração;LDC;LDC302;28/11/2025;22;6.463;901,42;5.825,49;5.393,52;2,0604;1.517;80,98;Peixe Pronto
APT;Integração;LDC;LDC305;31/12/2025;22;6.253;903,22;5.648,14;6.468,42;1,9747;1.492;80,74;Peixe Pronto
APT;Integração;LDC;LDC308;02/10/2025;34;8.265;904,86;7.478,48;2.785,15;1,9388;4.726;63,62;Peixe Pronto
APT;Integração;LDC;LDC319;19/11/2025;18;8.693;900,87;7.831,52;6.528,00;2,0994;1.538;84,97;Peixe Pronto
APT;Integração;LDC;LDC370;08/11/2025;20;8.713;901,08;7.851,26;5.775,00;2,1232;1.702;83,66;Peixe Pronto
ITA;Parceria;LFB;LFB01;22/10/2025;10;34.562;900,58;31.125,95;17.291,84;4,7334;3.688;90,36;Peixe Pronto
ITA;Parceria;LFB;LFB02;31/01/2026;25;57.288;900;51.559,48;68.343,48;2,318;19.212;74,89;Peixe Pronto
ITA;Parceria;LFB;LFB02;01/02/2026;25;57.260;904,89;51.813,61;68.813,04;2,3146;19.240;74,85;Peixe Pronto
ITA;Parceria;LFB;LFB03;31/01/2026;25;57.288;900;51.559,48;68.343,48;2,318;19.212;74,89;Peixe Pronto
ITA;Parceria;LFB;LFB03;01/02/2026;25;57.260;904,89;51.813,61;68.813,04;2,3146;19.240;74,85;Peixe Pronto
ITA;Parceria;LFB;LFB04;04/05/2026;38;145.689;901,51;131.340,25;156.689,59;1,7949;109.311;57,13;Peixe Pronto
ITA;Parceria;LHS;LHS01;31/08/2025;4;43.258;904,62;39.132,19;1.875,89;0;242;99,44;Peixe Pronto
ITA;Parceria;LHS;LHS02;26/09/2025;8;185.880;902,32;167.723,54;51.621,89;4,2285;1.620;99,14;Peixe Pronto
ITA;Próprio;LON;LON01;25/02/2026;29;52.010;902,33;46.930,08;61.067,49;2,0757;22.065;70,21;Peixe Pronto
ITA;Próprio;LON;LON02;25/02/2026;29;62.772;902,33;56.641,74;73.704,73;2,0812;26.632;70,21;Peixe Pronto
ITA;Próprio;LON;LON03;28/02/2026;29;102.128;901,65;92.083,89;119.790,93;2,0686;44.571;69,62;Peixe Pronto
ITA;Próprio;LON;LON04;03/03/2026;30;103.547;901,05;93.300,35;120.620,42;2,0632;46.311;69,1;Peixe Pronto
ITA;Próprio;LON;LON06;23/12/2025;20;7.536;904,57;6.816,95;7.376,04;2,3484;1.272;85,56;Peixe Pronto
ITA;Próprio;LON;LON07;29/11/2025;16;27.755;900,82;25.002,52;22.059,68;2,5958;3.962;87,51;Peixe Pronto
ITA;Próprio;LON;LON10;17/01/2026;23;23.288;904,08;21.054,50;25.468,22;2,1137;5.029;82,24;Peixe Pronto
ITA;Próprio;LON;LON11;12/10/2025;9;82.101;904,12;74.229,59;33.758,36;5,7655;8.354;90,76;Peixe Pronto
ITA;Próprio;LON;LON12;25/09/2025;7;23.478;902,23;21.182,57;6.312,32;5,9136;110;99,53;Peixe Pronto
ITA;Próprio;LON;LON13;21/12/2025;19;24.956;904,79;22.580,46;24.033,26;2,3638;4.154;85,73;Peixe Pronto
ITA;Próprio;LON;LON14;01/10/2025;8;25.307;902,92;22.849,75;8.056,88;4,3933;182;99,28;Peixe Pronto
ITA;Próprio;LON;LON15;17/10/2025;10;21.323;900,09;19.192,89;9.698,94;4,9418;2.311;90,22;Peixe Pronto
ITA;Próprio;LON;LON16;16/10/2025;10;26.138;904,72;23.647,80;11.593,73;5,1574;2.775;90,4;Peixe Pronto
ITA;Próprio;LON;LON17;29/10/2025;12;19.939;901,53;17.975,94;11.125,38;5,459;4.152;82,77;Peixe Pronto
ITA;Próprio;LON;LON18;10/01/2026;22;24.439;903,64;22.083,77;26.899,48;2,2194;5.322;82,12;Peixe Pronto
ITA;Próprio;LON;LON19;14/10/2025;10;21.406;904,31;19.357,42;9.198,24;5,5646;2.213;90,63;Peixe Pronto
ITA;Próprio;LON;LON21;16/10/2025;10;16.142;904,72;14.604,34;7.160,02;5,1574;1.714;90,4;Peixe Pronto
ITA;Próprio;LON;LON24;16/10/2025;10;16.142;904,72;14.604,34;7.160,61;5,0078;1.714;90,4;Peixe Pronto
ITA;Próprio;LON;LON27;07/11/2025;13;25.187;902,66;22.734,95;15.892,75;3,2202;2.996;89,37;Peixe Pronto
ITA;Próprio;LON;LON28;02/09/2025;4;17.035;900,06;15.332,88;1.108,41;0;36;99,79;Peixe Pronto
ITA;Próprio;LON;LON29;22/10/2025;11;22.504;900,58;20.266,64;11.259,81;5,7916;3.804;85,54;Peixe Pronto
ITA;Próprio;LON;LON30;30/10/2025;12;23.953;901,64;21.596,90;13.576,35;5,3423;5.002;82,73;Peixe Pronto
ITA;Próprio;LON;LON31;26/10/2025;11;24.372;901,23;21.964,41;12.949,35;6,1298;5.030;82,89;Peixe Pronto
ITA;Próprio;LON;LON32;03/11/2025;12;26.229;902,32;23.667,27;15.648,17;3,3888;3.062;89,55;Peixe Pronto
ITA;Próprio;LON;LON33;31/01/2026;25;18.777;900;16.899,21;22.400,36;2,2925;6.347;74,74;Peixe Pronto
ITA;Próprio;LON;LON33;01/02/2026;25;18.768;904,89;16.982,50;22.554,26;2,2893;6.356;74,7;Peixe Pronto
ITA;Próprio;LON;LON34;29/10/2025;12;25.365;901,53;22.867,07;14.152,52;5,406;5.281;82,77;Peixe Pronto
ITA;Próprio;LON;LON35;13/11/2025;14;27.152;903,41;24.529,24;18.361,36;2,974;3.306;89,14;Peixe Pronto
ITA;Próprio;LON;LON36;21/12/2025;19;6.358;904,79;5.752,55;6.122,66;2,3704;1.058;85,73;Peixe Pronto
ITA;Próprio;LON;LON37;02/01/2026;21;6.957;904,63;6.293,11;7.295,83;2,2847;1.405;83,19;Peixe Pronto
ITA;Próprio;LON;LON38;03/01/2026;21;8.259;904,53;7.470,16;8.716,43;2,2933;1.728;82,69;Peixe Pronto
ITA;Próprio;LON;LON40;28/10/2025;12;8.315;901,43;7.495,19;4.565,43;5,8714;1.726;82,81;Peixe Pronto
ITA;Próprio;LON;LON42;25/10/2025;11;6.625;901,13;5.970,40;3.461,17;6,3042;1.364;82,93;Peixe Pronto
ITA;Próprio;LON;LON43;22/10/2025;11;4.305;900,58;3.877,22;2.154,12;5,7916;728;85,54;Peixe Pronto
ITA;Próprio;LON;LON44;14/10/2025;10;13.651;904,31;12.344,36;5.865,78;5,5646;1.411;90,63;Peixe Pronto
ITA;Próprio;LON;LON45;10/11/2025;13;23.768;903,22;21.467,61;15.476,29;3,0257;2.854;89,28;Peixe Pronto
ITA;Próprio;LON;LON46;29/11/2025;16;28.350;900,82;25.537,78;22.531,93;2,5776;4.046;87,51;Peixe Pronto
ITA;Próprio;LON;LON47;19/11/2025;15;22.620;904,1;20.450,76;16.290,45;2,7897;2.869;88,74;Peixe Pronto
ITA;Próprio;LON;LON49;13/11/2025;14;4.739;903,41;4.281,22;3.204,71;2,974;577;89,14;Peixe Pronto
ITA;Parceria;LRC;LRC01;03/01/2026;21;46.262;904,53;41.845,46;48.826,70;2,2821;9.738;82,61;Peixe Pronto
ITA;Parceria;LRC;LRC02;27/08/2025;3;48.996;927,98;45.467,28;355,2131;0;4;99,99;Peixe Pronto
ITA;Parceria;LRC;LRC03;02/12/2025;17;42.644;900,52;38.402,24;35.005,70;2,5499;6.356;87,03;Peixe Pronto
ITA;Parceria;LRC;LRC04;22/10/2025;11;41.873;900,58;37.709,91;20.951,00;5,7976;7.127;85,45;Peixe Pronto
ITA;Parceria;LRC;LRC05;27/08/2025;3;48.996;913,76;44.770,65;349,7707;0;4;99,99;Peixe Pronto
APT;Integração;LRG;"Tanque 001 - 5/8""";14/03/2026;30;4.862;904,93;4.399,45;4.574,23;1,589;1.512;76,27;Peixe Pronto
APT;Integração;LRG;"Tanque 002 - 5/8""";10/03/2026;31;4.587;903,38;4.143,82;4.312,79;1,5683;1.518;75,14;Peixe Pronto
APT;Integração;LRG;"Tanque 003 - 5/8""";12/03/2026;30;5.081;904,1;4.594,00;4.778,50;1,5895;1.547;76,66;Peixe Pronto
APT;Integração;LRG;"Tanque 004 - 5/8""";10/03/2026;31;4.504;903,38;4.068,48;4.234,37;1,5683;1.490;75,14;Peixe Pronto
APT;Integração;LRG;"Tanque 005 - 5/8""";10/03/2026;31;4.494;903,38;4.059,65;4.225,19;1,5683;1.487;75,14;Peixe Pronto
APT;Integração;LRG;"Tanque 006 - 5/8""";20/02/2026;30;4.255;904,84;3.849,95;4.152,45;1,6377;1.464;74,4;Peixe Pronto
APT;Integração;LRG;"Tanque 007 - 5/8""";20/02/2026;30;4.320;904,84;3.908,52;4.215,62;1,6377;1.486;74,4;Peixe Pronto
APT;Integração;LRG;"Tanque 008 - 5/8""";16/03/2026;30;5.225;905,69;4.731,84;4.918,37;1,5881;1.653;75,96;Peixe Pronto
APT;Integração;LRG;"Tanque 009 - 5/8""";16/03/2026;30;5.361;900,32;4.826,73;5.000,55;1,5891;1.718;75,73;Peixe Pronto
APT;Integração;LRG;"Tanque 010 - 5/8""";24/02/2026;30;4.146;901,92;3.739,66;4.030,60;1,6317;1.486;73,62;Peixe Pronto
APT;Integração;LRG;"Tanque 011 - 5/8""";09/04/2026;33;5.875;900,93;5.292,51;5.355,51;1,5372;3.105;65,42;Peixe Pronto
APT;Integração;LRG;"Tanque 012 - 5/8""";09/04/2026;33;5.706;900,93;5.141,04;5.202,24;1,5372;3.017;65,42;Peixe Pronto
APT;Integração;LRG;"Tanque 013 - 5/8""";09/04/2026;33;5.873;900,93;5.290,74;5.353,72;1,5372;3.104;65,42;Peixe Pronto
APT;Integração;LRG;"Tanque 014 - 5/8""";10/03/2026;31;4.626;903,38;4.179,11;4.349,52;1,5683;1.531;75,14;Peixe Pronto
APT;Integração;LRG;"Tanque 015 - 5/8""";21/02/2026;30;4.176;900,88;3.761,65;4.060,88;1,6385;1.442;74,32;Peixe Pronto
APT;Integração;LRG;"Tanque 016 - 5/8""";12/03/2026;30;4.831;904,1;4.367,35;4.542,75;1,5923;1.470;76,66;Peixe Pronto
APT;Integração;LRG;"Tanque 017 - 5/8""";21/02/2026;30;4.100;900,88;3.694,02;3.987,87;1,6385;1.417;74,32;Peixe Pronto
APT;Integração;LRG;"Tanque 018 - 5/8""";10/03/2026;31;4.407;903,38;3.980,92;4.143,24;1,5683;1.458;75,14;Peixe Pronto
APT;Integração;LRG;"Tanque 019 - 5/8""";22/02/2026;30;4.206;900,12;3.785,91;3.971,54;1,5829;1.308;76,28;Peixe Pronto
APT;Integração;LRG;"Tanque 020 - 5/8""";21/02/2026;30;3.880;900,88;3.495,83;3.773,91;1,6385;1.341;74,32;Peixe Pronto
APT;Integração;LRG;"Tanque 021 - 5/8""";21/02/2026;30;4.267;900,88;3.844,00;4.149,79;1,6385;1.474;74,32;Peixe Pronto
APT;Integração;LRG;"Tanque 022 - 5/8""";20/02/2026;30;4.236;904,84;3.833,12;4.134,30;1,6377;1.458;74,4;Peixe Pronto
APT;Integração;LRG;"Tanque 023 - 5/8""";16/03/2026;30;5.525;900,32;4.974,01;5.153,13;1,5891;1.770;75,73;Peixe Pronto
APT;Integração;LRG;"Tanque 024 - 5/8""";10/03/2026;31;4.767;903,38;4.306,72;4.482,33;1,5683;1.578;75,14;Peixe Pronto
APT;Integração;LRG;"Tanque 025 - 5/8""";09/04/2026;33;5.846;900,93;5.266,57;5.329,26;1,5372;3.090;65,42;Peixe Pronto
APT;Integração;LRG;"Tanque 026 - 5/8""";10/03/2026;31;2.662;903,38;2.404,84;2.502,90;1,5683;881;75,14;Peixe Pronto
APT;Integração;LRG;"Tanque 027 - 5/8""";09/04/2026;33;5.770;900,93;5.198,21;5.260,08;1,5372;3.050;65,42;Peixe Pronto
APT;Integração;LRG;"Tanque 028 - 1""";02/01/2026;28;1.971;904,37;1.782,42;2.042,97;1,9048;878;69,18;Peixe Pronto
APT;Integração;LRG;"Tanque 029 - 1""";19/12/2025;26;1.999;905,57;1.810,30;2.009,86;2,016;856;70,02;Peixe Pronto
APT;Integração;LRG;"Tanque 033 - 3/4""";07/01/2026;31;733;903,59;662,46;758,8769;1,8565;454;61,76;Peixe Pronto
APT;Integração;LRG;"Tanque 035 - 1"" ?";24/01/2026;26;1.867;901,4;1.682,97;2.066,85;1,9478;798;70,06;Peixe Pronto
APT;Integração;LRG;"Tanque 037 - 3/4""?";25/01/2026;23;2.177;901,67;1.962,81;2.408,50;2,0087;753;74,3;Peixe Pronto
APT;Integração;LRG;"Tanque 045 - 1""";08/12/2025;26;2.130;903,08;1.923,28;1.956,39;2,0203;792;72,89;Peixe Pronto
APT;Integração;LRG;"Tanque 049 - 1""";06/01/2026;29;1.940;903,02;1.751,84;1.993,23;1,8716;947;67,2;Peixe Pronto
APT;Integração;LRG;"Tanque 054 - 5/8""";02/03/2026;30;2.191;901,54;1.975,66;2.062,98;1,5708;705;75,67;Peixe Pronto
APT;Integração;LRG;"Tanque 056 - 1""";08/01/2026;28;2.050;904,17;1.853,83;2.124,51;1,8774;899;69,53;Peixe Pronto
APT;Integração;LRG;"Tanque 074 - 3/4""";23/01/2026;30;1.853;900,75;1.669,47;2.051,50;1,9142;1.070;63,41;Peixe Pronto
APT;Integração;LRG;"Tanque 077  - 5/8""";22/01/2026;29;1.721;903,47;1.554,79;1.928,80;1,9544;946;64,53;Peixe Pronto
APT;Integração;LRG;"Tanque 079 - 5/8""";29/03/2026;32;2.067;902,34;1.865,47;1.942,87;1,5809;975;67,96;Peixe Pronto
APT;Integração;LRG;"Tanque 081 - 1""";10/01/2026;28;1.995;905,31;1.805,97;2.071,36;1,8605;880;69,39;Peixe Pronto
APT;Integração;LRG;"Tanque 082 - 5/8""";02/03/2026;30;2.023;901,54;1.824,25;1.904,88;1,5766;598;77,2;Peixe Pronto
APT;Integração;LRG;"Tanque 083 - 5/8""";24/02/2026;30;2.106;901,92;1.899,17;2.046,92;1,6324;720;74,51;Peixe Pronto
APT;Integração;LRG;"Tanque 084 - 5/8""";25/03/2026;32;2.115;900,35;1.904,17;1.982,89;1,5756;846;71,43;Peixe Pronto
APT;Integração;LRG;"Tanque 085 - 5/8""";10/03/2026;31;2.086;903,38;1.884,34;1.961,18;1,5646;775;72,91;Peixe Pronto
APT;Integração;LRG;"Tanque 086 - 1""";13/12/2025;30;1.742;902,13;1.571,24;1.666,03;1,952;929;65,21;Peixe Pronto
APT;Integração;LRG;"Tanque 087 - 5/8""";26/02/2026;30;2.211;900,72;1.991,16;2.083,59;1,5794;690;76,2;Peixe Pronto
APT;Integração;LRG;"Tanque 088 - 5/8""";29/01/2026;30;1.824;900,48;1.642,61;2.019,92;1,8898;1.021;64,12;Peixe Pronto
APT;Integração;LRG;"Tanque 089 - 5/8""";06/02/2026;30;1.556;903,15;1.405,34;1.712,58;1,8729;925;62,72;Peixe Pronto
APT;Integração;LRG;"Tanque 090 - 5/8""";27/01/2026;29;1.978;903,24;1.786,83;2.190,77;1,8995;1.019;66,01;Peixe Pronto
APT;Integração;LRG;"Tanque 091 - 5/8""";29/01/2026;30;1.530;900,48;1.378,18;1.694,74;1,8898;857;64,12;Peixe Pronto
APT;Integração;LRG;"Tanque 092 - 5/8""";04/02/2026;30;1.602;901,66;1.444,72;1.763,42;1,8649;1.002;61,53;Peixe Pronto
APT;Integração;LRG;"Tanque 093 - 5/8""";31/03/2026;33;1.139;902,17;1.027,29;1.065,44;1,5647;574;66,47;Peixe Pronto
APT;Integração;LRG;"Tanque 094 - 5/8""";07/02/2026;30;2.227;902,23;2.009,50;2.326,94;1,7647;1.179;65,39;Peixe Pronto
APT;Integração;LRG;"Tanque 095 - 1""";17/12/2025;29;1.789;904,47;1.617,87;1.770,64;1,9707;889;66,79;Peixe Pronto
APT;Integração;LRG;"Tanque 096 - 5/8""";23/01/2026;30;1.862;900,75;1.677,47;2.061,32;1,9142;1.075;63,41;Peixe Pronto
APT;Integração;LRG;"Tanque 097 - 5/8""";26/01/2026;27;1.861;902,65;1.680,11;2.061,04;1,9321;793;70,13;Peixe Pronto
APT;Integração;LRG;"Tanque 098 - 5/8""";08/03/2026;31;1.988;904,07;1.797,26;1.873,55;1,5728;736;72,98;Peixe Pronto
APT;Integração;LRG;"Tanque 099 - 5/8""";02/01/2026;26;2.001;900,7;1.802,55;2.047,55;1,9115;792;71,65;Peixe Pronto
APT;Integração;LRG;"Tanque 100 - 5/8""";06/01/2026;29;1.956;903,02;1.766,40;2.009,80;1,8716;955;67,2;Peixe Pronto
APT;Integração;LRG;"Tanque 109 - 3/4""";27/01/2026;29;1.812;903,24;1.636,59;2.006,56;1,8995;933;66,01;Peixe Pronto
APT;Integração;LRG;"Tanque 121 - 3/4""";23/01/2026;30;1.768;900,75;1.592,94;1.957,45;1,9142;1.021;63,41;Peixe Pronto
APT;Integração;LRG;"Tanque 135 - 1""";26/12/2025;30;1.845;905,44;1.670,85;1.903,29;1,9206;1.051;63,72;Peixe Pronto
APT;Integração;LRG;"Tanque 141 (1""c.a.pet )";23/01/2026;29;1.764;904,14;1.595,31;1.975,96;1,9303;991;64,05;Peixe Pronto
APT;Integração;LRG;"Tanque 161 - 3/4""";19/01/2026;25;1.876;901,61;1.691,09;2.088,79;2,0405;838;69,11;Peixe Pronto
APT;Integração;LRG;"Tanque 164 - 3/4""";28/01/2026;29;1.922;903,82;1.737,23;2.142,73;1,8945;1.006;65,65;Peixe Pronto
APT;Integração;LRG;Tanque 165 (3/4 c.a.pet);22/02/2026;29;2.070;900,12;1.863,32;1.954,68;1,5848;590;77,82;Peixe Pronto
APT;Integração;LRG;Tanque 166 (3/4 c.a.pet );23/01/2026;29;1.763;904,14;1.594,15;1.974,53;1,9303;990;64,05;Peixe Pronto
APT;Integração;LRG;Tanque 167 (3/4 c.a.t  );29/01/2026;30;1.629;900,48;1.466,57;1.803,43;1,8899;1.002;61,9;Peixe Pronto
APT;Integração;LRG;"Tanque 169 - 3/4""";20/01/2026;28;1.803;902,23;1.626,44;2.007,46;1,9647;1.005;64,2;Peixe Pronto
APT;Integração;LRG;Tanque 170 (3/4 c.a.t );21/01/2026;29;1.562;902,84;1.409,79;1.750,07;1,9607;869;64,23;Peixe Pronto
APT;Integração;LRG;"Tanque 174 - 5/8""";29/01/2026;30;1.712;900,48;1.541,51;1.895,59;1,8857;974;63,73;Peixe Pronto
APT;Integração;LRG;"Tanque 176 - 3/4""";28/01/2026;29;1.862;903,82;1.683,24;2.076,14;1,8945;975;65,65;Peixe Pronto
APT;Integração;LRG;"Tanque 177 - 1""";20/12/2025;25;2.100;901;1.892,30;2.122,76;2,0315;837;71,51;Peixe Pronto
APT;Integração;LRG;"Tanque 300 - 1""";23/01/2026;26;1.783;900,75;1.605,65;1.973,07;1,9546;773;69,74;Peixe Pronto
APT;Integração;LRG;"Tanque 301 - 1"" 200L";19/01/2026;26;1.788;901,61;1.612,31;1.991,49;2,028;844;67,94;Peixe Pronto
APT;Integração;LRG;"Tanque 302 - 1""";15/01/2026;25;1.829;904,39;1.654,49;1.896,37;1,8649;671;73,18;Peixe Pronto
APT;Integração;LRG;"Tanque 303 - 1""";14/02/2026;27;1.692;902,98;1.527,90;1.754,90;1,7785;630;72,87;Peixe Pronto
APT;Integração;LRG;"Tanque 304 - 1""";19/12/2025;26;2.011;900,48;1.810,46;2.016,82;2,005;869;69,81;Peixe Pronto
APT;Integração;LRG;"Tanque 305 - 1""";17/01/2026;25;1.712;905,49;1.550,18;1.775,87;1,8541;624;73,29;Peixe Pronto
APT;Integração;LRG;"Tanque 306 - 1""";08/01/2026;24;1.919;904,17;1.735,14;1.988,49;1,9343;667;74,21;Peixe Pronto
APT;Integração;LRG;"Tanque 307 - 1""";17/01/2026;25;1.776;900,37;1.599,02;1.920,70;1,9646;771;69,73;Peixe Pronto
APT;Integração;LRG;"Tanque 308 - 1""";20/01/2026;26;1.914;902,23;1.726,48;2.130,93;2,0133;901;67,98;Peixe Pronto
APT;Integração;LRG;"Tanque 309 - 1""";06/01/2026;24;1.709;903,02;1.542,88;1.755,48;1,9278;598;74,06;Peixe Pronto
APT;Integração;LRG;"Tanque 310 - 1""";23/03/2026;31;2.245;901,26;2.023,13;2.092,14;1,5756;800;73,72;Peixe Pronto
APT;Integração;LRG;"Tanque 311 - 5/8""";24/02/2026;30;1.993;901,92;1.797,86;1.937,73;1,6383;693;74,21;Peixe Pronto
APT;Integração;LRG;"Tanque 312 - 1""";16/02/2026;28;1.907;904,54;1.725,17;1.992,27;1,7727;771;71,22;Peixe Pronto
APT;Integração;LRG;"Tanque 313 - 1""";12/01/2026;25;2.545;902,84;2.297,49;2.613,76;1,878;943;72,96;Peixe Pronto
APT;Integração;LRG;"Tanque 314 - 1""";14/02/2026;28;1.939;902,98;1.750,79;2.010,90;1,7721;762;71,78;Peixe Pronto
APT;Integração;LRG;"Tanque 315 - 1""";07/03/2026;29;2.360;903,57;2.132,61;2.223,53;1,603;647;78,49;Peixe Pronto
APT;Integração;LRG;"Tanque 316 - 1""";01/03/2026;29;2.372;902,58;2.140,95;2.238,83;1,61;614;79,44;Peixe Pronto
APT;Integração;LRG;"Tanque 317 - 1""";19/01/2026;28;1.674;901,61;1.509,15;1.864,07;1,9827;932;64,23;Peixe Pronto
APT;Integração;LRG;"Tanque 318 - 1""";19/01/2026;26;1.857;901,61;1.674,66;2.068,49;2,0136;885;67,74;Peixe Pronto
APT;Integração;LRG;"Tanque 319 - 1""";06/01/2026;24;1.911;903,02;1.725,69;1.963,48;1,9277;618;75,56;Peixe Pronto
APT;Integração;LRG;"Tanque 320 - 1""";14/01/2026;25;2.076;903,89;1.876,92;2.150,55;1,8716;739;73,76;Peixe Pronto
APT;Integração;LRG;"Tanque 321 - 1""";16/03/2026;30;282;900,32;253,98;263,1215;1,5889;86;76,66;Peixe Pronto
APT;Integração;LRG;"Tanque 322 - 1""";17/01/2026;26;1.584;900,37;1.425,94;1.712,80;1,9704;701;69,31;Peixe Pronto
APT;Integração;LRG;"Tanque 323 - 1""";18/01/2026;28;1.529;900,99;1.377,43;1.702,67;1,9843;850;64,26;Peixe Pronto
APT;Integração;LRG;"Tanque 324 - 1""";13/01/2026;25;1.807;903,38;1.632,73;1.870,07;1,8688;653;73,47;Peixe Pronto
APT;Integração;LRG;"Tanque 325 - 1""";20/01/2026;28;1.836;902,23;1.656,67;2.044,77;1,9811;990;64,98;Peixe Pronto
APT;Integração;LRG;"Tanque 326 - 1""";19/12/2025;26;1.980;905,57;1.793,18;1.990,85;2,016;848;70,02;Peixe Pronto
APT;Integração;LRG;"Tanque 327 - 1""";29/11/2025;15;53;901,12;47,65;44,5533;2,3321;8;86,69;Peixe Pronto
APT;Integração;LRG;"Tanque 328 - 1""";07/02/2026;28;1.838;902,23;1.658,65;1.920,67;1,7796;767;70,57;Peixe Pronto
APT;Integração;LRG;"Tanque 330 - 1""";06/01/2026;29;1.952;903,02;1.762,76;2.005,66;1,8716;953;67,2;Peixe Pronto
APT;Integração;LRG;"Tanque 331 - 1""";10/02/2026;29;1.131;902,96;1.020,91;1.178,31;1,7724;484;70,01;Peixe Pronto
APT;Integração;LRG;"Tanque 332 - 1""";16/12/2025;28;2.021;903,9;1.826,44;1.984,40;1,9738;959;67,81;Peixe Pronto
APT;Integração;LRG;"Tanque 333 - 1""";19/01/2026;26;1.696;901,61;1.528,69;1.888,20;2,0152;807;67,74;Peixe Pronto
APT;Integração;LRG;"Tanque 334 - 1""";26/12/2025;26;2.069;905,44;1.873,21;2.133,81;1,9833;865;70,51;Peixe Pronto
APT;Integração;LRG;"Tanque 335 - 1""";04/01/2026;24;1.663;901,86;1.499,67;1.704,92;1,9311;542;75,41;Peixe Pronto
APT;Integração;LRG;"Tanque 336 - 1""";06/01/2026;24;1.549;903,02;1.398,42;1.591,12;1,929;542;74,06;Peixe Pronto
APT;Integração;LRG;"Tanque 337 - 1""";15/01/2026;28;1.917;904,39;1.733,29;1.986,68;1,8355;859;69,04;Peixe Pronto
APT;Integração;LRG;"Tanque 338 - 1""";25/01/2026;27;1.707;902,05;1.539,58;1.889,68;1,9414;723;70,24;Peixe Pronto
APT;Integração;LRG;"Tanque 339 - 1""";04/01/2026;27;1.992;901,86;1.796,26;2.042,10;1,8936;867;69,67;Peixe Pronto
APT;Integração;LRG;"Tanque 340 - 1""";02/01/2026;28;1.971;904,37;1.782,33;2.042,87;1,8969;921;68,15;Peixe Pronto
APT;Integração;LRG;"Tanque 341 - 1""";14/01/2026;28;1.743;903,89;1.575,50;1.805,18;1,836;744;70,08;Peixe Pronto
APT;Integração;LRG;"Tanque 342 - 1""";06/01/2026;27;2.005;903,02;1.810,36;2.059,83;1,8835;867;69,8;Peixe Pronto
APT;Integração;LRG;"Tanque 343 - 1""";15/01/2026;28;1.855;904,39;1.677,72;1.922,98;1,8355;832;69,04;Peixe Pronto
APT;Integração;LRG;"Tanque 344 - 1""";16/12/2025;28;1.957;903,9;1.768,82;1.921,80;1,9738;929;67,81;Peixe Pronto
APT;Integração;LRG;"Tanque 345 - 1""";16/12/2025;29;1.904;903,9;1.720,65;1.869,46;1,9762;926;67,26;Peixe Pronto
APT;Integração;LRG;"Tanque 346 - 1""";04/03/2026;29;2.379;902,31;2.146,39;2.239,61;1,6025;626;79,16;Peixe Pronto
APT;Integração;LRG;"Tanque 347 - 1""";06/12/2025;27;2.090;901,89;1.884,66;1.882,21;1,9994;853;71;Peixe Pronto
APT;Integração;LRG;"Tanque 348 - 1""";16/12/2025;27;2.074;903,9;1.874,46;2.036,58;1,9978;879;70,23;Peixe Pronto
APT;Integração;LRG;"Tanque 349 - 1""";06/01/2026;29;1.958;903,02;1.768,22;2.011,88;1,8716;956;67,2;Peixe Pronto
APT;Integração;LRG;"Tanque 350 - 1""";02/01/2026;28;1.986;904,37;1.796,51;2.059,12;1,8969;929;68,15;Peixe Pronto
APT;Integração;LRG;"Tanque 351 - 1""";25/12/2025;26;2.091;904,89;1.891,80;2.154,14;1,9773;865;70,73;Peixe Pronto
APT;Integração;LRG;"Tanque 352 - 1""";23/12/2025;27;1.986;903,82;1.794,97;2.029,39;1,9836;882;69,25;Peixe Pronto
APT;Integração;LRG;"Tanque 353 - 1""";17/02/2026;29;2.183;903,88;1.973,06;2.177,96;1,6877;764;74,07;Peixe Pronto
APT;Integração;LRG;"Tanque 354 - 1""";13/02/2026;28;2.063;903,71;1.864,80;2.145,53;1,7813;826;71,43;Peixe Pronto
APT;Integração;LRG;"Tanque 355 - 1""";21/12/2025;26;1.974;901,52;1.779,16;2.009,65;2,0124;836;70,23;Peixe Pronto
APT;Integração;LRG;"Tanque 356 - 1""";25/02/2026;29;2.268;901,2;2.044,08;2.141,32;1,5871;593;79,28;Peixe Pronto
APT;Integração;LRG;"Tanque 358 - 1""";13/12/2025;30;1.930;902,13;1.740,65;1.845,67;1,952;1.029;65,21;Peixe Pronto
APT;Integração;LRG;"Tanque 359 - 1""";05/03/2026;29;2.336;902,74;2.108,61;2.199,57;1,6022;628;78,8;Peixe Pronto
APT;Integração;LRG;"Tanque 360 - 1""";11/01/2026;25;1.575;900,81;1.419,15;1.623,46;1,8992;565;73,62;Peixe Pronto
APT;Integração;LRG;"Tanque 361 - 1""";04/01/2026;27;1.995;901,86;1.798,77;2.044,96;1,8869;868;69,67;Peixe Pronto
APT;Integração;LRG;"Tanque 362 - 1""";15/01/2026;25;1.722;904,39;1.557,21;1.784,86;1,8701;631;73,18;Peixe Pronto
APT;Integração;LRG;"Tanque 363 - 1""";21/12/2025;31;1.676;901,52;1.510,55;1.706,16;1,9486;1.114;60,06;Peixe Pronto
APT;Integração;LRG;"Tanque 364 - 1""";26/12/2025;28;2.005;900,37;1.805,31;2.050,19;1,9428;961;67,6;Peixe Pronto
APT;Integração;LRG;"Tanque 366 - 1""";13/12/2025;30;1.798;902,13;1.621,83;1.719,67;1,952;959;65,21;Peixe Pronto
APT;Integração;LRG;"Tanque 368 - 5/8""";07/01/2026;28;2.034;903,59;1.838,24;2.105,78;1,873;895;69,46;Peixe Pronto
APT;Integração;LRG;"Tanque 369 - 1""";17/12/2025;27;2.070;904,47;1.872,60;2.049,43;2,0045;896;69,8;Peixe Pronto
APT;Integração;LRG;"Tanque 370 - 1""";17/12/2025;29;2.019;904,47;1.825,69;1.998,09;1,9679;1.003;66,79;Peixe Pronto
APT;Integração;LRG;"Tanque 371 - 1""";28/12/2025;29;1.983;901,49;1.787,63;2.031,74;1,9214;965;67,26;Peixe Pronto
APT;Integração;LRG;"Tanque 372 - 3/4""";15/03/2026;31;2.267;905,31;2.051,92;2.133,05;1,5894;733;75,55;Peixe Pronto
APT;Integração;LRG;"Tanque 373 - 1""";26/12/2025;26;1.452;905,44;1.314,68;1.497,58;1,9825;601;70,73;Peixe Pronto
APT;Integração;LRG;"Tanque 374 - 1""";26/12/2025;28;1.978;900,37;1.780,51;2.022,03;1,9273;959;67,33;Peixe Pronto
APT;Integração;LRG;"Tanque 375 - 1""";17/12/2025;27;2.056;904,47;1.859,35;2.034,92;2,0045;889;69,8;Peixe Pronto
APT;Integração;LRG;"Tanque 376 - 1""";16/12/2025;29;2.066;903,9;1.867,79;2.029,33;1,9762;1.006;67,26;Peixe Pronto
APT;Integração;LRG;"Tanque 377 - 1""";12/01/2026;28;1.930;902,84;1.742,38;1.982,22;1,8452;885;68,56;Peixe Pronto
APT;Integração;LRG;"Tanque 378 - 1""";19/12/2025;29;1.897;905,57;1.717,97;1.907,26;1,9765;969;66,19;Peixe Pronto
APT;Integração;LRG;"Tanque 379 - 1""";18/12/2025;29;2.004;905,02;1.814,02;1.999,64;1,9723;1.021;66,26;Peixe Pronto
APT;Integração;LRG;"Tanque 380 - 1""";18/12/2025;29;1.968;905,02;1.780,87;1.963,10;1,9793;978;66,79;Peixe Pronto
APT;Integração;LRG;"Tanque 381 - 1""";19/12/2025;25;2.257;905,57;2.043,89;2.269,19;2,0467;893;71,65;Peixe Pronto
APT;Integração;LRG;"Tanque 382 - 1""";18/12/2025;29;1.907;905,02;1.725,87;1.902,47;1,9723;971;66,26;Peixe Pronto
APT;Integração;LRG;"Tanque 383 - 1""";16/01/2026;25;1.924;904,88;1.741,15;1.996,39;1,8615;695;73,47;Peixe Pronto
APT;Integração;LRG;"Tanque 384 - 1""";23/12/2025;27;1.996;903,82;1.803,74;2.039,30;1,9836;886;69,25;Peixe Pronto
APT;Integração;LRG;"Tanque 385 - 1""";04/03/2026;29;2.335;902,31;2.106,51;2.198,00;1,6001;626;78,84;Peixe Pronto
APT;Integração;LRG;"Tanque 386 - 1""";27/01/2026;27;1.714;903,24;1.548,25;1.898,25;1,9184;751;69,54;Peixe Pronto
APT;Integração;LRG;"Tanque 387 - 1""";04/03/2026;29;2.399;902,31;2.164,96;2.258,99;1,6025;632;79,16;Peixe Pronto
APT;Integração;LRG;"Tanque 388 - 1""";23/12/2025;25;2.061;903,82;1.863,01;2.106,31;2,0031;836;71,15;Peixe Pronto
APT;Integração;LRG;"Tanque 389 - 1""";13/12/2025;30;1.731;902,13;1.561,24;1.655,42;1,952;923;65,21;Peixe Pronto
APT;Integração;LRG;"Tanque 390 - 1""";10/01/2026;28;1.963;905,31;1.777,08;2.038,22;1,8605;866;69,39;Peixe Pronto
APT;Integração;LRG;"Tanque 391 - 1""";04/01/2026;24;1.653;901,86;1.490,73;1.694,76;1,9453;561;74,66;Peixe Pronto
APT;Integração;LRG;"Tanque 392 - 1""";10/02/2026;28;2.034;902,96;1.837,04;2.120,27;1,7795;803;71,71;Peixe Pronto
APT;Integração;LRG;"Tanque 393 - 1""";19/12/2025;29;1.981;905,57;1.794,10;1.991,78;1,9745;1.012;66,19;Peixe Pronto
APT;Integração;LRG;"Tanque 394 - 1""";12/01/2026;25;1.724;902,84;1.556,61;1.770,89;1,8757;618;73,62;Peixe Pronto
APT;Integração;LRG;"Tanque 395 - 1""";26/12/2025;28;1.965;900,37;1.769,60;2.009,63;1,9273;954;67,33;Peixe Pronto
APT;Integração;LRG;"Tanque 396 - 1""";25/12/2025;26;2.063;904,89;1.866,46;2.125,29;1,9856;871;70,3;Peixe Pronto
APT;Integração;LRG;"Tanque 397 - 1""";18/12/2025;29;2.130;905,02;1.927,96;2.125,24;1,9723;1.085;66,26;Peixe Pronto
APT;Integração;LRG;"Tanque 398 - 1""";15/03/2026;31;1.791;900,33;1.612,78;1.671,52;1,5692;621;74,27;Peixe Pronto
APT;Integração;LRG;"Tanque 399 - 1""";08/01/2026;24;1.583;904,17;1.431,49;1.640,50;1,9174;559;73,91;Peixe Pronto
APT;Integração;LRG;"Tanque 400 - 1""";17/12/2025;27;2.076;904,47;1.877,66;2.054,96;2,0045;898;69,8;Peixe Pronto
APT;Integração;LRG;"Tanque 401 - 1""";19/12/2025;26;2.047;905,57;1.854,05;2.058,43;2,016;877;70,02;Peixe Pronto
APT;Integração;LRG;"Tanque 402 - 1""";13/01/2026;25;1.480;903,38;1.337,38;1.531,78;1,8724;535;73,47;Peixe Pronto
APT;Integração;LRG;"Tanque 403 - 1""";10/01/2026;28;1.974;905,31;1.787,49;2.050,16;1,859;883;69,11;Peixe Pronto
APT;Integração;LRG;"Tanque 404 - 1""";29/12/2025;29;1.974;902,06;1.780,37;2.024,32;1,9123;969;67,06;Peixe Pronto
APT;Integração;LRG;"Tanque 405 - 1""";08/01/2026;24;1.496;904,17;1.352,63;1.550,13;1,9248;528;73,91;Peixe Pronto
APT;Integração;LRG;"Tanque 406 - 1""";05/02/2026;24;1.757;901,61;1.583,87;1.838,00;1,8741;545;76,31;Peixe Pronto
APT;Integração;LRG;"Tanque 407 - 1""";11/01/2026;25;1.709;900,81;1.539,41;1.761,03;1,8959;617;73,47;Peixe Pronto
APT;Integração;LRG;"Tanque 408 - 1""";07/01/2026;28;2.002;903,59;1.808,75;2.071,99;1,8815;880;69,46;Peixe Pronto
APT;Integração;LRG;"Tanque 409 - 1""";31/12/2025;27;2.000;903,22;1.806,12;2.068,42;1,9262;879;69,46;Peixe Pronto
APT;Integração;LRG;"Tanque 410 - 1""";19/12/2025;26;1.989;900,48;1.790,99;1.995,13;2,0202;826;70,65;Peixe Pronto
APT;Integração;LRG;"Tanque 411 - 1""";06/01/2026;29;1.958;903,02;1.768,22;2.011,88;1,8716;956;67,2;Peixe Pronto
APT;Integração;LRG;"Tanque 412 - 1""";21/12/2025;27;1.987;901,52;1.791,69;2.023,80;2,0016;877;69,39;Peixe Pronto
APT;Integração;LRG;"Tanque 413 - 1""";03/01/2026;28;1.970;901,28;1.775,43;2.017,59;1,8907;889;68,9;Peixe Pronto
APT;Integração;LRG;"Tanque 414 - 1""";02/01/2026;28;2.005;904,37;1.813,70;2.078,82;1,9093;894;69,18;Peixe Pronto
APT;Integração;LRG;"Tanque 415 - 1""";01/01/2026;28;1.983;903,8;1.792,38;2.053,53;1,9184;878;69,32;Peixe Pronto
APT;Integração;LRG;"Tanque 416 - 1""";05/01/2026;27;2.051;902,44;1.851,34;2.105,58;1,8844;882;69,94;Peixe Pronto
APT;Integração;LRG;"Tanque 601 - 3/4""";16/03/2026;31;2.252;905,69;2.039,88;2.120,29;1,5874;722;75,73;Peixe Pronto
APT;Integração;LRG;"Tanque 602 - 3/4"" T200";29/01/2026;31;1.790;900,48;1.611,70;1.981,91;1,8891;1.160;60,67;Peixe Pronto
APT;Integração;LRG;"Tanque 603 - 3/4""";28/01/2026;27;2.091;903,82;1.889,57;2.330,63;1,909;923;69,36;Peixe Pronto
APT;Integração;LRG;"Tanque 604 - 3/4""";18/01/2026;25;1.833;900,99;1.651,38;2.041,31;2,0376;866;67,91;Peixe Pronto
APT;Integração;LRG;"Tanque 605 - 3/4""";25/01/2026;26;1.859;902,05;1.677,02;2.058,38;1,9432;780;70,45;Peixe Pronto
APT;Integração;LRG;"Tanque 606 - 3/4""";25/01/2026;26;1.790;902,05;1.615,04;1.982,30;1,9376;754;70,38;Peixe Pronto
APT;Integração;LRG;"Tanque 607 - 3/4""";18/01/2026;25;1.748;900,99;1.574,89;1.946,77;2,0261;826;67,91;Peixe Pronto
APT;Integração;LRG;"Tanque 608 - 3/4""";28/02/2026;30;2.234;902,61;2.016,09;2.167,41;1,6287;803;73,55;Peixe Pronto
APT;Integração;LRG;"Tanque 609 - 3/4""";22/02/2026;29;2.060;900,12;1.854,22;1.945,13;1,5812;587;77,82;Peixe Pronto
APT;Integração;LRG;"Tanque 610 - 3/4""";06/03/2026;30;2.064;902,43;1.862,21;1.941,02;1,5729;625;76,74;Peixe Pronto
APT;Integração;LRG;"Tanque 611 - 3/4""";12/03/2026;30;2.272;904,1;2.054,26;2.136,76;1,5882;701;76,43;Peixe Pronto
APT;Integração;LRG;"Tanque 612 - 3/4""";15/03/2026;30;2.269;905,31;2.053,97;2.135,17;1,5901;716;76,01;Peixe Pronto
APT;Integração;LRG;"Tanque 613 - 3/4""";16/03/2026;30;2.295;900,32;2.066,65;2.141,07;1,5886;736;75,73;Peixe Pronto
APT;Integração;LRG;"Tanque 614 - 3/4""";15/03/2026;31;2.279;905,31;2.062,87;2.144,42;1,5894;737;75,55;Peixe Pronto
APT;Integração;LRG;"Tanque 615 - 3/4""";15/03/2026;30;2.315;905,31;2.095,94;2.178,81;1,5901;731;76,01;Peixe Pronto
APT;Integração;LRG;"Tanque 617 - 3/4""";25/12/2025;28;1.983;904,89;1.794,79;2.043,68;1,9504;951;67,6;Peixe Pronto
APT;Integração;LRG;"a01 Tanque 181 (1"" inox)";17/11/2025;24;6.009;903,84;5.431,48;4.426,62;2,0015;1.501;80,02;Peixe Pronto
APT;Integração;LRG;"a02 Tanque 182 (1"" inox )";11/12/2025;22;5.999;904,89;5.428,53;5.671,00;2,0466;1.357;81,55;Peixe Pronto
APT;Integração;LRG;"a03 Tanque 183 (1"" inox)";03/10/2025;19;5.895;901,05;5.311,95;2.034,04;2,1056;612;90,6;Peixe Pronto
APT;Integração;LRG;"a04 Tanque 184 (1"" inox )";27/09/2025;19;6.408;900,12;5.768,14;1.877,27;2,1225;651;90,78;Peixe Pronto
APT;Integração;LRG;"a05 Tanque 185 (1"" inox )";14/12/2025;20;6.115;902,73;5.519,79;5.903,65;2,0888;1.271;82,79;Peixe Pronto
APT;Integração;LRG;"a06 Tanque 186 (1"" inox )";24/10/2025;22;5.407;901,93;4.877,11;2.896,36;2,333;1.821;74,81;Peixe Pronto
APT;Integração;LRG;"a07 Tanque 187 (1"" pvc)";18/11/2025;15;6.478;904,48;5.859,49;4.834,66;2,375;943;87,3;Peixe Pronto
APT;Integração;LRG;"a08 Tanque 188 (1"" inox )";11/11/2025;20;6.289;904,97;5.691,03;4.270,14;2,0827;1.243;83,49;Peixe Pronto
APT;Integração;LRG;"a10 Tanque 190 (1"" inox revest. )";29/10/2025;17;5.334;901,9;4.810,82;3.083,52;2,3444;925;85,22;Peixe Pronto
APT;Integração;LRG;"a11 Tanque 191 (1"" pvc )";28/12/2025;30;6.083;901,49;5.483,47;6.232,30;1,9054;3.396;64,17;Peixe Pronto
APT;Integração;LRG;"a12 Tanque 192 (1"" pvc )";22/01/2026;30;6.523;903,47;5.893,26;7.310,92;1,9404;3.905;62,55;Peixe Pronto
APT;Integração;LRG;"a13 Tanque 193 (1"" pvc )";26/10/2025;19;5.365;903,7;4.848,69;2.972,94;2,2995;1.250;81,11;Peixe Pronto
APT;Integração;LRG;"a14 Tanque 194 (1"" pvc )";05/12/2025;20;6.183;901,31;5.572,41;5.514,09;2,0731;1.218;83,54;Peixe Pronto
APT;Integração;LRG;"a15 Tanque 195 (1"" pvc )";10/01/2026;29;7.351;900,26;6.618,10;7.567,93;1,8551;3.578;67,26;Peixe Pronto
APT;Integração;LRG;"a16 Tanque 196 (1"" pvc )";17/01/2026;30;4.579;905,49;4.145,81;4.749,39;1,8112;2.390;65,7;Peixe Pronto
APT;Integração;LRG;"a17 Tanque 197 (1"" pvc )";05/12/2025;19;6.192;901,31;5.581,05;5.522,81;2,1131;1.132;84,55;Peixe Pronto
APT;Integração;LRG;"a19 Tanque 199 (1"" pvc )";13/01/2026;22;6.083;904,18;5.499,69;6.302,76;1,9028;1.353;81,8;Peixe Pronto
APT;Integração;LRG;"a20 Tanque 200 (1"" pvc )";19/12/2025;19;6.132;900,48;5.521,79;6.152,04;2,1043;1.305;82,45;Peixe Pronto
APT;Integração;LRG;"a21 Tanque 201 (1"" inox )";26/10/2025;23;5.316;903,7;4.803,86;2.945,28;2,3002;1.897;73,7;Peixe Pronto
APT;Integração;LRG;"a22 Tanque 202 (1"" inox )";11/11/2025;15;6.325;904,97;5.724,31;4.295,29;2,3489;1.005;86,29;Peixe Pronto
APT;Integração;LRG;"a23 Tanque 203 (1"" inox )";21/12/2025;22;5.712;901,52;5.149,11;5.816,44;2,0487;1.498;79,22;Peixe Pronto
APT;Integração;LRG;"a24 Tanque 204 (1"" inox )";11/10/2025;17;6.260;903,82;5.658,13;2.625,75;2,4944;1.156;84,42;Peixe Pronto
APT;Integração;LRG;"b01 Tanque 205 (1"" inox )";12/11/2025;16;7.199;905,62;6.519,38;4.958,34;2,3287;1.164;86,08;Peixe Pronto
APT;Integração;LRG;"b02  Tanque 206 (1"" 1/4 inox )";12/11/2025;18;6.230;905,62;5.641,93;4.290,82;2,1468;1.150;84,42;Peixe Pronto
APT;Integração;LRG;"b03 Tanque 207 (1"" 1/4 inox )";13/10/2025;21;5.730;900,9;5.162,08;2.510,40;2,2259;1.261;81,96;Peixe Pronto
APT;Integração;LRG;"b04 Tanque 208 (1"" 1/4 inox )";12/11/2025;18;6.252;905,62;5.661,77;4.305,91;2,2;1.117;84,84;Peixe Pronto
APT;Integração;LRG;"b05 Tanque 209 (1"" 1/4 inox )";18/11/2025;21;6.446;904,48;5.830,02;4.809,92;2,0624;1.270;83,54;Peixe Pronto
APT;Integração;LRG;"b06 Tanque 210 (1"" 1/4 inox )";15/11/2025;15;6.839;902,56;6.172,49;4.906,98;2,3315;1.066;86,51;Peixe Pronto
APT;Integração;LRG;"b07 Tanque 211 (1"" 1/4 inox )";26/09/2025;18;6.311;903,93;5.704,33;1.797,09;2,1616;592;91,42;Peixe Pronto
APT;Integração;LRG;"b08 Tanque 212 (1"" 1/4 inox )";02/10/2025;18;6.752;900,13;6.077,92;2.269,34;2,1694;623;91,56;Peixe Pronto
APT;Integração;LRG;"b09 Tanque 213 (1"" 1/4 inox )";09/10/2025;23;5.697;902;5.139,03;2.280,25;2,1854;1.470;79,49;Peixe Pronto
APT;Integração;LRG;"b10 Tanque 214 (1"" 1/4 inox )";22/10/2025;20;5.587;900,14;5.029,25;2.889,25;2,4233;1.726;76,4;Peixe Pronto
APT;Integração;LRG;"b11 Tanque 215 (1"" 1/4 inox )";17/10/2025;20;6.107;904,78;5.525,11;2.893,28;2,2663;1.251;82,99;Peixe Pronto
APT;Integração;LRG;"b12 Tanque 216 (1"" 1/4 inox )";21/12/2025;22;5.380;901,52;4.849,87;5.478,42;2,0452;1.411;79,22;Peixe Pronto
APT;Integração;LRG;"b13 Tanque 217 (1"" inox )";08/11/2025;17;6.362;901,08;5.732,71;4.216,88;2,2735;1.092;85,35;Peixe Pronto
APT;Integração;LRG;"b14 Tanque 218 (1"" inox )";05/12/2025;24;5.555;901,31;5.006,40;4.953,70;2,0357;1.606;77,57;Peixe Pronto
APT;Integração;LRG;"b15 Tanque 219 (1"" inox )";07/12/2025;20;5.943;902,48;5.363,48;5.406,54;2,0701;1.157;83,7;Peixe Pronto
APT;Integração;LRG;"b16 Tanque 220 (1"" inox )";21/12/2025;26;5.212;901,52;4.698,80;5.307,53;1,9979;2.254;69,81;Peixe Pronto
APT;Integração;LRG;"b17 Tanque 221 (1"" inox )";06/01/2026;24;4.971;903,02;4.488,86;5.107,41;1,9264;1.741;74,06;Peixe Pronto
APT;Integração;LRG;"b18 Tanque 222 (1"" inox )";02/01/2026;24;5.119;904,37;4.629,78;5.306,55;1,9586;1.561;76,64;Peixe Pronto
APT;Integração;LRG;"b19 Tanque 223 (1"" inox )";09/12/2025;23;6.266;903,68;5.662,00;5.811,63;2,0247;1.572;79,94;Peixe Pronto
APT;Integração;LRG;"b20 Tanque 224 (1"" inox )";26/10/2025;19;5.825;903,7;5.264,43;3.227,84;2,3215;1.350;81,19;Peixe Pronto
APT;Integração;LRG;"b21 Tanque 225 ( 1""inox B )";26/10/2025;15;5.423;903,7;4.900,41;3.004,82;2,516;886;85,95;Peixe Pronto
APT;Integração;LRG;"b22 Tanque 226 (1"" inox )";21/11/2025;24;4.996;902,16;4.507,46;3.845,77;1,9921;1.292;79,46;Peixe Pronto
APT;Integração;LRG;"b23 Tanque 227 (1"" inox )";13/10/2025;20;5.879;900,9;5.296,61;2.575,83;2,2732;1.237;82,62;Peixe Pronto
APT;Integração;LRG;"b24 Tanque 228 ( 1"" inox )";04/12/2025;15;5.843;901;5.264,89;5.161,85;2,3118;891;86,77;Peixe Pronto
APT;Integração;LRG;"c06 Tanque 229 ( 1"" pvc R )";29/11/2025;22;5.521;901,99;4.980,11;4.658,11;2,0436;1.283;81,15;Peixe Pronto
APT;Integração;LRG;"c07 Tanque 230 ( 1"" pvc R )";30/12/2025;25;4.702;902,64;4.244,20;4.827,75;1,9683;1.730;73,1;Peixe Pronto
APT;Integração;LRG;"c08 Tanque 231(1"" pvc B)";03/12/2025;24;5.124;905,18;4.637,72;4.482,34;2,0195;1.548;76,79;Peixe Pronto
APT;Integração;LRG;c09 Tanque 232 (5/8 pvc T juvenil);02/11/2025;18;5.922;905,32;5.361,49;3.637,81;2,2088;1.090;84,46;Peixe Pronto
APT;Integração;LRG;c10 Tanque 233 (inox? );07/11/2025;23;5.124;900,26;4.612,67;3.350,42;2,0591;1.289;79,9;Peixe Pronto
APT;Integração;LRG;"c11 Tanque 234 (1"" pvc B)";14/12/2025;22;5.068;902,73;4.575,42;4.893,62;2,0346;1.279;79,86;Peixe Pronto
APT;Integração;LRG;"c12 Tanque 235 (1"" pvc  azul T)";15/12/2025;20;5.550;903,32;5.013,58;5.407,69;2,0943;1.161;82,7;Peixe Pronto
APT;Integração;LRG;"c13 Tanque 236 ( 1"" pvc B)";02/10/2025;18;6.629;900,13;5.967,29;2.228,03;2,1633;619;91,46;Peixe Pronto
APT;Integração;LRG;c14 Tanque 237 (5/8 pvc/inox R juvenil);17/12/2025;25;4.912;904,47;4.443,10;4.862,89;2,0547;1.896;72,16;Peixe Pronto
APT;Integração;LRG;"c15 Tanque 238 (1"" pvc  azul B)";12/10/2025;20;5.335;900;4.801,48;2.286,58;2,2553;1.132;82,5;Peixe Pronto
APT;Integração;LRG;"c15 Tanque 238 (1"" pvc  azul B)";13/10/2025;20;5.335;905,63;4.831,53;2.339,36;2,2499;1.132;82,5;Peixe Pronto
APT;Integração;LRG;"c16 Tanque 239 (1"" pvc  azul RM)";20/12/2025;22;5.043;901;4.543,35;5.096,90;2,0383;1.348;78,9;Peixe Pronto
APT;Integração;LRG;c17 Tanque 240 (5/8 pvc  azul T juvenil);03/01/2026;23;5.299;901,28;4.776,08;5.427,49;1,9197;1.424;78,82;Peixe Pronto
APT;Integração;LRG;c18 Tanque 241 (5/8 pvc  azul/inox T juvenil);16/11/2025;20;6.829;903,21;6.168,30;4.965,64;2,0748;1.277;84,25;Peixe Pronto
APT;Integração;LRG;c19 Tanque 242 (5/8 pvc  azul T juvenil);03/12/2025;22;5.324;900,14;4.792,25;4.652,70;2,0481;1.191;81,72;Peixe Pronto
APT;Integração;LRG;"c20 Tanque 243 (1"" pvc R)";28/10/2025;17;5.629;901,04;5.072,03;3.202,86;2,3027;1.006;84,84;Peixe Pronto
APT;Integração;LRG;"c21 Tanque 244 (1"" pvc B)";19/10/2025;21;5.248;901,87;4.733,39;2.582,86;2,3962;1.722;75,3;Peixe Pronto
APT;Integração;LRG;"c22 Tanque 245 (1"" pvc B)";26/11/2025;23;5.560;900,25;5.005,81;4.534,25;2,0169;1.403;79,86;Peixe Pronto
APT;Integração;LRG;"c23 Tanque 246 (1"" pvc B)";11/10/2025;19;5.217;903,82;4.714,88;2.187,83;2,32;1.075;82,91;Peixe Pronto
APT;Integração;LRG;"c24 Tanque 247 (1"" pvc B)";16/10/2025;22;5.077;903,88;4.589,37;2.357,59;2,1739;1.218;80,66;Peixe Pronto
APT;Integração;LRG;"c25 Tanque 248 (1"" pvc  azul R)";12/11/2025;25;4.890;905,62;4.428,12;3.367,42;2,0289;1.532;76,14;Peixe Pronto
APT;Integração;LRG;"c26 Tanque 249 (1"" pvc R)";03/11/2025;24;5.585;901,36;5.034,00;3.475,33;2,0696;1.504;78,78;Peixe Pronto
APT;Integração;LRG;d01 Tanque 250 (5/8 pvc/inox R juvenil);04/01/2026;24;4.590;901,86;4.139,58;4.706,13;1,9428;1.558;74,66;Peixe Pronto
APT;Integração;LRG;"d02 Tanque 251 (1""inox R)";08/11/2025;21;5.480;901,08;4.938,09;3.632,22;2,0811;1.163;82,5;Peixe Pronto
APT;Integração;LRG;"d03 Tanque 252 (1""inox R)";17/11/2025;18;5.440;903,84;4.917,24;4.007,88;2,1475;918;85,57;Peixe Pronto
APT;Integração;LRG;"d04 Tanque 253 (1"" pvc  azul T)";30/12/2025;22;5.079;902,64;4.584,19;5.214,48;1,9556;1.268;80,02;Peixe Pronto
APT;Integração;LRG;d05 Tanque 254 (5/8 pvc azul R juvenil);21/10/2025;17;4.548;903,68;4.109,71;2.323,41;2,7703;1.272;78,14;Peixe Pronto
APT;Integração;LRG;d06 Tanque 255 (5/8 pvc/inox azul R juvenil);16/12/2025;24;5.125;903,9;4.632,88;5.033,80;2,0305;1.476;77,65;Peixe Pronto
APT;Integração;LRG;d07 Tanque 256 (5/8 pvc azul R juvenil);20/11/2025;14;5.239;905,02;4.741,10;4.004,59;2,4555;744;87,56;Peixe Pronto
APT;Integração;LRG;d08 Tanque 257 (5/8 pvc R juvenil);29/11/2025;19;5.355;901,99;4.829,79;4.517,82;2,1035;991;84,38;Peixe Pronto
APT;Integração;LRG;d09 Tanque 258 (5/8 pvc/inox T juvenil);02/12/2025;24;4.913;904,61;4.444,40;4.254,34;2,0177;1.264;79,54;Peixe Pronto
APT;Integração;LRG;"d10 Tanque 259 (1"" inox R)";19/12/2025;22;5.473;900,48;4.928,44;5.490,45;2,048;1.436;79,22;Peixe Pronto
APT;Integração;LRG;"d11 Tanque 260 (1"" pvc R)";03/12/2025;20;5.397;900,14;4.857,66;4.716,21;2,0643;1.089;83,2;Peixe Pronto
APT;Integração;LRG;d12 Tanque 261 (5/8 pvc R juvenil );29/12/2025;21;5.223;902,06;4.711,73;5.357,36;1,9951;1.169;81,72;Peixe Pronto
APT;Integração;LRG;d13 Tanque 262 (5/8 pvc R juvenil );22/11/2025;21;5.369;902,8;4.847,53;4.183,62;2,0389;1.078;83,29;Peixe Pronto
APT;Integração;LRG;"d14 Tanque 263 - 1""";12/11/2025;13;4.536;905,62;4.107,57;3.124,19;2,4952;590;88,48;Peixe Pronto
APT;Integração;LRG;"d15 Tanque 264 - 1""";23/12/2025;19;6.195;904,05;5.600,32;6.332,73;2,0879;1.303;82,62;Peixe Pronto
APT;Integração;LRG;"d16 Tanque 265 - 1""";06/01/2026;20;4.724;902,34;4.263,01;4.848,11;1,9765;977;82,87;Peixe Pronto
ITA;Próprio;M&T;M&T01;11/05/2026;40;32.246;902,48;29.101,57;34.345,68;1,7696;25.715;55,63;Peixe Pronto
ITA;Próprio;M&T;M&T02A;11/05/2026;40;222.537;902,48;200.835,54;237.026,17;1,7696;177.463;55,63;Peixe Pronto
ITA;Próprio;M&T;M&T03;28/12/2025;20;107.496;904,1;97.187,32;109.418,92;2,3434;18.267;85,47;Peixe Pronto
ITA;Próprio;M&T;M&T04;28/01/2026;24;86.306;900,05;77.679,69;102.756,37;2,33;28.427;75,22;Peixe Pronto
ITA;Próprio;M&T;M&T05;21/05/2026;41;121.363;903,29;109.625,79;128.147,43;1,7442;98.637;55,17;Peixe Pronto
ITA;Próprio;M&T;M&T07;23/11/2025;15;87.900;901,4;79.232,86;65.167,95;2,773;11.198;88,7;Peixe Pronto
ITA;Próprio;M&T;M&T10;31/10/2025;11;98.911;902,02;89.219,67;56.421,54;5,8425;20.178;83,06;Peixe Pronto
ITA;Próprio;M&T;M&T11;05/01/2026;22;55.238;904,31;49.952,89;59.031,66;2,2614;11.762;82,45;Peixe Pronto
ITA;Próprio;M&T;M&T12;22/10/2025;10;86.954;900,58;78.309,43;43.507,42;6,7848;14.293;85,88;Peixe Pronto
ITA;Próprio;M&T;M&T14;10/10/2025;8;112.706;903,93;101.878,65;44.283,07;3,8726;1.322;98,84;Peixe Pronto
ITA;Próprio;M&T;M&T15;19/09/2025;5;90.552;901,59;81.640,77;19.573,02;17,1223;15;99,98;Peixe Pronto
ITA;Próprio;M&T;M&T16;16/10/2025;9;104.659;904,72;94.686,85;46.421,80;5,9551;10.763;90,67;Peixe Pronto
ITA;Próprio;M&T;M&T17;13/02/2026;26;72.065;900,41;64.888,05;85.133,44;2,1754;25.959;73,52;Peixe Pronto
ITA;Próprio;M&T;M&T18;12/02/2026;27;31.509;900,46;28.372,57;37.231,56;2,1913;13.491;70,02;Peixe Pronto
ITA;Próprio;M&T;M&T19;02/03/2026;30;36.729;902,28;33.139,92;43.139,14;2,0681;16.454;69,06;Peixe Pronto
ITA;Próprio;M&T;M&T20;05/02/2026;26;35.697;900,94;32.160,84;42.341,89;2,2369;13.203;73;Peixe Pronto
ITA;Próprio;M&T;M&T21;12/02/2026;27;157.544;900,46;141.862,84;186.157,81;2,1967;67.456;70,02;Peixe Pronto
ITA;Próprio;M&T;M&T22;20/02/2026;28;179.520;901,59;161.854,37;210.914,75;2,09;72.480;71,24;Peixe Pronto
ITA;Próprio;M&T;M&T23;22/01/2026;24;105.204;900,26;94.711,23;123.951,50;2,3488;34.796;75,15;Peixe Pronto
ITA;Próprio;M&T;M&T24;17/01/2026;23;105.318;904,08;95.215,81;115.176,24;2,1312;21.720;82,9;Peixe Pronto
ITA;Próprio;M&T;M&T25;12/12/2025;17;81.098;900,18;73.002,91;72.910,60;2,5117;12.461;86,68;Peixe Pronto
ITA;Próprio;M&T;M&T26;27/12/2025;20;82.179;904,19;74.305,03;83.003,37;2,3594;13.869;85,56;Peixe Pronto
ITA;Próprio;M&T;M&T27;25/10/2025;11;108.945;901,13;98.173,96;56.909,80;8,008;21.897;83,26;Peixe Pronto
ITA;Próprio;M&T;M&T28;08/02/2026;26;160.903;900,77;144.935,85;190.356,14;2,2083;64.097;71,51;Peixe Pronto
ITA;Próprio;M&T;M&T29;25/02/2026;29;189.004;902,33;170.544,83;221.920,45;2,0699;80.996;70;Peixe Pronto
ITA;Próprio;M&T;M&T30;30/01/2026;25;120.288;900,03;108.263,52;143.573,59;2,2876;41.712;74,25;Peixe Pronto
ITA;Próprio;M&T;M&T31;19/02/2026;28;212.891;901,68;191.958,73;250.149,23;2,0843;84.909;71,49;Peixe Pronto
ITA;Próprio;M&T;M&T32;07/01/2026;22;82.200;904,06;74.313,80;88.910,18;2,2227;17.702;82,28;Peixe Pronto
ITA;Próprio;M&T;M&T33;15/01/2026;23;52.579;904,2;47.541,97;57.426,28;2,1301;11.322;82,28;Peixe Pronto
ITA;Próprio;M&T;M&T34;08/02/2026;26;15.000;900,77;13.511,24;17.745,42;2,2083;5.975;71,51;Peixe Pronto
ITA;Próprio;M&T;M&T35;08/02/2026;26;30.023;900,77;27.043,74;35.518,76;2,2138;11.960;71,51;Peixe Pronto
ITA;Próprio;M&T;M&T6A;31/01/2026;25;93.243;900;83.918,20;111.235,83;2,2839;32.521;74,14;Peixe Pronto
ITA;Próprio;M&T;M&T6A;01/02/2026;25;93.196;904,89;84.331,81;112.000,08;2,2809;32.568;74,1;Peixe Pronto
ITA;Próprio;M&T;M&T6B;09/02/2026;27;159.855;900,69;143.979,98;189.051,52;2,2078;65.145;71,05;Peixe Pronto
ITA;Próprio;M&T;M&TB2;04/05/2026;39;229.771;901,51;207.141,73;247.121,15;1,7894;175.229;56,73;Peixe Pronto
APT;Integração;PGP;Tanque 001 (3/4);19/02/2026;30;2.325;905,63;2.105,54;2.401,29;1,7307;976;70,43;Peixe Pronto
APT;Integração;PGP;Tanque 002 (3/4);07/02/2026;28;2.292;902,23;2.068,05;2.394,74;1,7809;943;70,85;Peixe Pronto
APT;Integração;PGP;Tanque 003 (3/4);24/01/2026;27;2.389;901,4;2.153,35;2.644,52;1,9432;1.069;69,08;Peixe Pronto
APT;Integração;PGP;Tanque 004 (3/4);04/03/2026;30;2.409;903,2;2.175,86;2.271,86;1,5794;781;75,52;Peixe Pronto
APT;Integração;PGP;Tanque 005 (3/4);28/01/2026;29;2.284;903,82;2.064,10;2.545,90;1,8968;1.181;65,91;Peixe Pronto
APT;Integração;PGP;Tanque 006 (3/4);14/03/2026;31;2.575;904,47;2.328,83;2.420,53;1,5624;876;74,61;Peixe Pronto
APT;Integração;PGP;Tanque 007 (3/4);15/03/2026;31;2.541;900,33;2.287,52;2.370,83;1,5669;863;74,64;Peixe Pronto
APT;Integração;PGP;Tanque 008 (3/4);10/02/2026;28;2.432;902,96;2.196,23;2.534,84;1,7845;987;71,14;Peixe Pronto
APT;Integração;PGP;Tanque 009 (3/4);31/01/2026;27;2.345;905,24;2.123,09;2.613,10;1,8996;1.077;68,54;Peixe Pronto
APT;Integração;PGP;Tanque 010 (3/4);24/02/2026;30;2.566;901,92;2.314,71;2.494,79;1,6317;920;73,62;Peixe Pronto
APT;Integração;PGP;Tanque 011 (3/4);09/03/2026;29;2.806;904,39;2.537,47;2.644,30;1,6;801;77,79;Peixe Pronto
APT;Integração;PGP;Tanque 012 (3/4);21/03/2026;31;2.519;900,6;2.268,80;2.346,56;1,5745;871;74,31;Peixe Pronto
APT;Integração;PGP;Tanque 013 (3/4);06/02/2026;28;2.340;903,15;2.113,25;2.575,27;1,8966;1.124;67,55;Peixe Pronto
APT;Integração;PGP;Tanque 014 (3/4);09/03/2026;29;2.385;904,39;2.157,35;2.248,17;1,6025;642;78,8;Peixe Pronto
APT;Integração;PGP;Tanque 015 (3/4);06/03/2026;29;2.445;903,17;2.208,34;2.303,04;1,5995;678;78,29;Peixe Pronto
APT;Integração;PGP;Tanque 016 (3/4);02/03/2026;29;2.646;901,54;2.385,91;2.491,36;1,5787;741;78,14;Peixe Pronto
APT;Integração;PGP;Tanque 017 (3/4);17/02/2026;30;2.308;903,88;2.086,31;2.302,97;1,6832;884;72,31;Peixe Pronto
APT;Integração;PGP;Tanque 018 (3/4);09/02/2026;28;2.306;903,85;2.084,18;2.547,78;1,89;1.094;67,82;Peixe Pronto
APT;Integração;PGP;Tanque 019 (3/4);08/03/2026;32;2.617;904,07;2.365,51;2.465,92;1,5722;1.078;70,81;Peixe Pronto
APT;Integração;PGP;Tanque 020 (3/4);16/02/2026;28;2.507;904,54;2.267,64;2.618,73;1,7726;999;71,5;Peixe Pronto
APT;Integração;PGP;Tanque 021 (3/4);03/02/2026;29;2.257;902,5;2.036,99;2.491,27;1,8755;1.235;64,63;Peixe Pronto
APT;Integração;PGP;Tanque 022 (3/4);24/02/2026;29;2.661;901,92;2.400,30;2.587,03;1,6393;868;75,41;Peixe Pronto
APT;Integração;PGP;Tanque 023 (3/4);07/02/2026;28;2.443;902,23;2.204,35;2.552,58;1,783;964;71,71;Peixe Pronto
APT;Integração;PGP;Tanque 024 (3/4);17/02/2026;30;2.261;903,88;2.043,83;2.256,08;1,6789;866;72,31;Peixe Pronto
APT;Integração;PGP;Tanque 025 (3/4);10/02/2026;26;2.534;904,15;2.290,98;2.797,45;1,9863;1.030;71,1;Peixe Pronto
APT;Integração;PGP;Tanque 026 (3/4);06/02/2026;28;2.382;903,15;2.150,98;2.621,24;1,8949;1.158;67,28;Peixe Pronto
APT;Integração;PGP;Tanque 027 (3/4);24/01/2026;24;2.828;901,4;2.549,00;3.130,41;2,0046;1.034;73,22;Peixe Pronto
APT;Integração;PGP;Tanque 028 (3/4);16/02/2026;29;2.438;904,54;2.205,39;2.546,84;1,7685;1.097;68,97;Peixe Pronto
APT;Integração;PGP;Tanque 029 (3/4);04/02/2026;28;2.386;901,66;2.151,52;2.626,13;1,8888;1.143;67,62;Peixe Pronto
APT;Integração;PGP;Tanque 030 (3/4);22/03/2026;32;2.321;900,93;2.091,03;2.162,44;1,5761;840;73,42;Peixe Pronto
APT;Integração;PGP;Tanque 031 (3/4);17/02/2026;30;2.326;903,88;2.102,65;2.321,01;1,6832;891;72,31;Peixe Pronto
APT;Integração;PGP;Tanque 032 (3/4);16/02/2026;28;2.493;904,54;2.255,35;2.604,53;1,775;994;71,5;Peixe Pronto
APT;Integração;PGP;Tanque 033 (3/4);19/01/2026;25;2.396;901,61;2.160,04;2.668,02;2,0269;1.109;68,35;Peixe Pronto
APT;Integração;PGP;Tanque 034 (3/4);04/02/2026;28;2.194;901,66;1.978,36;2.414,77;1,8958;1.038;67,89;Peixe Pronto
APT;Integração;PGP;Tanque 035 (3/4);26/01/2026;29;2.420;902,65;2.184,49;2.679,77;1,9043;1.208;66,71;Peixe Pronto
APT;Integração;PGP;Tanque 036 (3/4);01/03/2026;29;2.589;901,95;2.335,07;2.440,69;1,5785;726;78,1;Peixe Pronto
APT;Integração;PGP;Tanque 037 (3/4);15/03/2026;31;2.469;900,33;2.223,01;2.303,97;1,5669;839;74,64;Peixe Pronto
APT;Integração;PGP;Tanque 038 (3/4);23/01/2026;28;2.364;900,75;2.129,43;2.616,71;1,9286;1.175;66,8;Peixe Pronto
APT;Integração;PGP;Tanque 039 (3/4);25/02/2026;28;2.890;900,76;2.603,63;2.726,58;1,6162;698;80,56;Peixe Pronto
APT;Integração;PGP;Tanque 040 (3/4);21/03/2026;31;953;900,6;858,66;888,0951;1,5745;330;74,31;Peixe Pronto
APT;Integração;PGP;Tanque 041 (3/4);25/01/2026;24;2.539;902,05;2.290,58;2.811,46;1,97;941;72,97;Peixe Pronto
APT;Integração;PGP;Tanque 042 (3/4);05/03/2026;29;2.656;902,74;2.397,26;2.500,67;1,6012;707;78,96;Peixe Pronto
APT;Integração;PGP;Tanque 043 (3/4);28/02/2026;30;2.636;902,61;2.379,40;2.558,00;1,632;909;74,36;Peixe Pronto
APT;Integração;PGP;Tanque 044 (3/4);01/03/2026;29;3.769;901,95;3.399,30;3.553,05;1,5812;1.052;78,18;Peixe Pronto
APT;Integração;PGP;Tanque 045 (3/4);29/01/2026;29;2.309;900,48;2.079,06;2.556,62;1,8967;1.224;65,35;Peixe Pronto
APT;Integração;PGP;Tanque 046 (3/4);02/03/2026;29;2.607;901,54;2.350,15;2.454,03;1,5734;746;77,75;Peixe Pronto
APT;Integração;PGP;Tanque 047 (3/4);29/01/2026;25;2.555;900,48;2.300,60;2.829,04;1,9643;985;72,17;Peixe Pronto
APT;Integração;PGP;Tanque 048 (3/4);02/02/2026;24;1.557;900,73;1.402,84;1.633,30;1,866;490;76,08;Peixe Pronto
APT;Integração;PGP;Tanque 049 (3/4);09/02/2026;31;2.596;903,85;2.345,96;2.867,79;1,867;1.669;60,86;Peixe Pronto
APT;Integração;PGP;Tanque 050 (3/4);26/03/2026;32;1.614;900,85;1.454,41;1.512,76;1,5722;626;72,07;Peixe Pronto
APT;Integração;PGP;Tanque 051 (3/4);09/03/2026;29;606;904,39;548,02;571,0858;1,6;173;77,79;Peixe Pronto
APT;Integração;PGP;Tanque 052 (3/4);31/01/2026;29;2.278;905,24;2.062,40;2.538,41;1,8837;1.231;64,93;Peixe Pronto
APT;Integração;PGP;Tanque 053 (3/4);27/01/2026;26;2.370;903,24;2.141,06;2.625,07;1,93;988;70,59;Peixe Pronto
APT;Integração;PGP;Tanque 054 (3/4);24/01/2026;28;2.375;901,4;2.140,45;2.628,68;1,9168;1.153;67,31;Peixe Pronto
APT;Integração;PGP;Tanque 055 (3/4);23/03/2026;31;2.474;901,26;2.229,76;2.305,82;1,5736;882;73,72;Peixe Pronto
APT;Integração;PGP;Tanque 056 (3/4);28/02/2026;29;2.790;902,61;2.517,98;2.706,98;1,6328;876;76,1;Peixe Pronto
APT;Integração;PGP;Tanque 057 (3/4);19/01/2026;28;2.266;901,61;2.043,19;2.523,69;1,9764;1.234;64,75;Peixe Pronto
APT;Integração;PGP;Tanque 058 (3/4);08/02/2026;25;2.626;902,53;2.369,59;2.741,04;1,8645;877;74,95;Peixe Pronto
APT;Integração;PGP;Tanque 059 (3/4);04/03/2026;30;2.415;903,2;2.181,32;2.277,55;1,5794;783;75,52;Peixe Pronto
APT;Integração;PGP;Tanque 060 (3/4);20/02/2026;29;2.384;904,84;2.157,33;2.326,84;1,6405;732;76,52;Peixe Pronto
APT;Integração;PGP;Tanque 061 (3/4);12/03/2026;31;2.446;905,01;2.213,53;2.303,98;1,5697;806;75,21;Peixe Pronto
APT;Integração;PGP;Tanque 062 (3/4);21/02/2026;30;2.540;900,88;2.288,59;2.470,64;1,6348;878;74,32;Peixe Pronto
APT;Integração;PGP;Tanque 063 (3/4);20/02/2026;30;2.492;904,84;2.254,77;2.431,93;1,6343;844;74,7;Peixe Pronto
APT;Integração;PGP;Tanque 064 (3/4);12/02/2026;28;2.262;904,61;2.046,15;2.492,91;1,879;1.100;67,28;Peixe Pronto
APT;Integração;PGP;Tanque 065 (3/4);06/02/2026;28;2.212;903,15;1.997,34;2.434,01;1,8939;1.062;67,55;Peixe Pronto
APT;Integração;PGP;Tanque 066 (3/4);06/02/2026;28;2.115;903,15;1.910,10;2.327,70;1,8981;1.016;67,55;Peixe Pronto
APT;Integração;PGP;Tanque 067 (3/4);30/03/2026;33;3.049;901,68;2.748,94;2.838,26;1,5647;1.528;66,61;Peixe Pronto
APT;Integração;PGP;Tanque 068 (3/4);01/02/2026;29;2.277;901,04;2.051,78;2.513,58;1,8763;1.239;64,76;Peixe Pronto
APT;Integração;PGP;Tanque 069 (3/4);21/01/2026;28;2.301;902,84;2.077,35;2.578,75;1,9724;1.196;65,8;Peixe Pronto
APT;Integração;PGP;Tanque 070 (3/4);25/01/2026;29;2.352;902,05;2.122,00;2.604,55;1,9125;1.187;66,47;Peixe Pronto
APT;Integração;PGP;Tanque 071 (3/4);17/02/2026;27;2.613;903,88;2.361,97;2.607,25;1,6916;807;76,41;Peixe Pronto
APT;Integração;PGP;Tanque 072 (3/4);03/02/2026;30;2.211;902,5;1.995,10;2.440,04;1,8726;1.261;63,67;Peixe Pronto
APT;Integração;PGP;Tanque 073;20/02/2026;29;2.493;904,84;2.255,65;2.432,88;1,6405;765;76,52;Peixe Pronto
APT;Integração;PGP;Tanque 074;13/03/2026;31;2.523;904,73;2.282,39;2.373,83;1,5676;843;74,95;Peixe Pronto
APT;Integração;PGP;"Tanque 300 1"" 1/4";28/10/2025;18;5.357;901,04;4.826,63;3.047,89;2,252;995;84,33;Peixe Pronto
APT;Integração;PGP;"Tanque 301 (1"" 1/4)";14/11/2025;21;5.987;901,92;5.400,22;4.238,33;2,0638;1.231;82,95;Peixe Pronto
APT;Integração;PGP;"Tanque 302 (1"" 1/4)";11/12/2025;20;5.976;904,89;5.407,31;5.649,13;2,0848;1.163;83,7;Peixe Pronto
APT;Integração;PGP;"Tanque 303 (1"" 1/4)";01/12/2025;20;5.954;904,04;5.383,01;5.102,83;2,0928;1.117;84,21;Peixe Pronto
APT;Integração;PGP;"Tanque 304 (1"" 1/4)";12/11/2025;20;5.975;900,63;5.381,17;4.113,88;2,1058;1.174;83,58;Peixe Pronto
APT;Integração;PGP;"Tanque 305 (1"" 1/4)";26/12/2025;23;5.680;905,44;5.142,98;5.858,46;1,9719;1.483;79,3;Peixe Pronto
APT;Integração;PGP;"Tanque 306 (1"" 1/4)";07/12/2025;20;5.950;902,48;5.369,66;5.412,77;2,0775;1.201;83,2;Peixe Pronto
APT;Integração;PGP;"Tanque 307 (1"" 1/4)";14/12/2025;23;5.595;902,73;5.050,85;5.401,83;2,0361;1.482;79,06;Peixe Pronto
APT;Integração;PGP;"Tanque 308 (1"" 1/4)";31/10/2025;24;5.084;903,62;4.594,09;3.030,85;2,0886;1.321;79,38;Peixe Pronto
APT;Integração;PGP;"Tanque 309 (1"" 1/4)";19/11/2025;23;5.760;905,12;5.213,70;4.353,32;2,0111;1.335;81,19;Peixe Pronto
APT;Integração;PGP;"Tanque 310 (1"" 1/4)";21/11/2025;21;5.408;902,16;4.879,16;4.163,25;2,0312;1.151;82,46;Peixe Pronto
APT;Integração;PGP;"Tanque 311 (1"" 1/4)";13/12/2025;22;5.876;902,13;5.301,29;5.621,41;2,0322;1.446;80,26;Peixe Pronto
APT;Integração;PGP;"Tanque 312 (1"" 1/4)";26/11/2025;19;5.960;905,27;5.395,87;4.824,36;2,1038;1.090;84,55;Peixe Pronto
APT;Integração;PGP;"Tanque 313 (1"" 1/4)";10/01/2026;22;5.500;905,31;4.979,12;5.710,82;1,9024;1.271;81,23;Peixe Pronto
APT;Integração;PGP;"Tanque 314 (1"" 1/4)";15/10/2025;25;4.533;902,97;4.092,90;2.061,67;2,1566;1.290;77,84;Peixe Pronto
APT;Integração;PGP;"Tanque 315 (1"" 1/4)";18/11/2025;19;5.857;904,48;5.297,15;4.370,29;2,0832;1.077;84,46;Peixe Pronto
APT;Integração;PGP;"Tanque 316 (1"" 1/4)";19/11/2025;20;5.956;905,12;5.390,64;4.501,06;2,0755;1.106;84,33;Peixe Pronto
APT;Integração;PGP;"Tanque 317 (1"" 1/4)";06/10/2025;21;5.011;903,78;4.529,24;1.872,54;2,2841;1.061;82,53;Peixe Pronto
APT;Integração;PGP;"Tanque 318 (1"" 1/4)";16/10/2025;25;4.569;903,88;4.129,97;2.121,43;2,1491;1.357;77,1;Peixe Pronto
APT;Integração;PGP;"Tanque 319 (1"" 1/4)";13/11/2025;26;4.816;901,28;4.340,28;3.362,15;2,0412;1.808;72,7;Peixe Pronto
APT;Integração;PGP;"Tanque 320 (1"" 1/4)";19/01/2026;22;5.755;905,18;5.209,37;6.442,42;2,0682;1.922;74,96;Peixe Pronto
APT;Integração;PGP;"Tanque 321 (1"" 1/4)";02/01/2026;21;6.005;900,7;5.408,26;6.143,33;1,9599;1.299;82,21;Peixe Pronto
APT;Integração;PGP;"Tanque 322 (1"" 1/4)";08/11/2025;25;4.353;901,08;3.922,58;2.885,14;2,0733;1.599;73,14;Peixe Pronto
APT;Integração;PGP;"Tanque 323 (1"" 1/4)";23/10/2025;23;4.823;901,04;4.345,73;2.538,76;2,3144;1.692;74,03;Peixe Pronto
APT;Integração;PGP;"Tanque 324 (1"" 1/4)";28/10/2025;18;5.600;905,45;5.070,71;3.205,80;2,2507;1.054;84,16;Peixe Pronto
APT;Integração;PGP;"Tanque 325 (1"" 1/4)";23/12/2025;23;5.591;903,82;5.053,47;5.713,44;2,0124;1.531;78,51;Peixe Pronto
APT;Integração;PGP;"Tanque 326 1""";18/12/2025;21;5.968;905,02;5.401,59;5.955,17;2,0736;1.417;80,82;Peixe Pronto
APT;Integração;PGP;"Tanque 327 1""";12/11/2025;26;4.663;900,63;4.199,67;3.210,51;2,0287;1.751;72,7;Peixe Pronto
APT;Integração;PGP;"Tanque 328 1""";11/12/2025;23;5.808;900,91;5.232,10;5.452,82;2,0221;1.392;80,66;Peixe Pronto
APT;Integração;PGP;"Tanque 329 1""";02/01/2026;23;5.730;904,37;5.182,09;5.939,59;1,9493;1.525;78,98;Peixe Pronto
APT;Integração;PGP;"Tanque 330 1""";05/12/2025;25;5.303;901,31;4.780,05;4.729,73;2,0371;1.901;73,62;Peixe Pronto
APT;Integração;PGP;"Tanque 331 1""";26/12/2025;20;6.468;905,44;5.856,03;6.670,71;2,023;1.368;82,54;Peixe Pronto
APT;Integração;PGP;"Tanque 332 1""";26/12/2025;20;6.102;905,44;5.524,97;6.293,59;2,0235;1.291;82,54;Peixe Pronto
APT;Integração;PGP;"Tanque 333 (1"" 1/4)";03/12/2025;23;5.901;905,18;5.341,84;5.162,87;2,0375;1.408;80,74;Peixe Pronto
APT;Integração;PGP;"Tanque 334 (1"" 1/4)";08/01/2026;22;5.900;904,17;5.334,90;6.113,85;1,9075;1.364;81,23;Peixe Pronto
APT;Integração;PGP;"Tanque 335 (1"" 1/4)";23/11/2025;20;5.903;903,43;5.332,88;4.654,69;2,0526;1.128;83,96;Peixe Pronto
APT;Integração;PGP;"Tanque 336 1""";17/12/2025;20;5.942;904,47;5.374,73;5.883,11;2,0946;1.323;81,8;Peixe Pronto
APT;Integração;PGP;"Tanque 337 (1"" 1/4)";16/09/2025;4;3.207;901,73;2.891,53;621,011;0;0;99,99;Peixe Pronto
APT;Integração;PGP;"Tanque 338 (1"" 1/4)";22/11/2025;20;5.831;902,8;5.263,88;4.542,94;2,0574;1.100;84,12;Peixe Pronto
APT;Integração;PGP;"Tanque 339 (1"" 1/4)";07/11/2025;19;5.574;905,08;5.044,83;3.651,11;2,1297;1.062;84;Peixe Pronto
APT;Integração;PGP;"Tanque 340 (1"" 1/4)";23/10/2025;24;4.421;901,04;3.983,35;2.326,91;2,3081;1.635;73;Peixe Pronto
APT;Integração;PGP;"Tanque 341 (1"" 1/4)";26/10/2025;23;4.456;903,7;4.027,23;2.468,98;2,3126;1.603;73,55;Peixe Pronto
APT;Integração;PGP;"Tanque 342 (1"" 1/4)";21/11/2025;23;5.766;902,16;5.201,49;4.437,92;2,0175;1.382;80,66;Peixe Pronto
APT;Integração;PGP;"Tanque 343 (1"" 1/4)";12/11/2025;21;5.712;905,62;5.172,47;3.933,63;2,078;1.170;82,99;Peixe Pronto
APT;Integração;PGP;"Tanque 344 (1"" 1/4)";13/12/2025;19;6.084;902,13;5.488,90;5.820,65;2,0929;1.185;83,7;Peixe Pronto
APT;Integração;PGP;Tanque 401 (3/4);03/01/2026;23;3.001;901,28;2.705,14;3.074,10;1,9282;826;78,43;Peixe Pronto
APT;Integração;PGP;Tanque 402 (3/4);20/10/2025;25;2.159;902,77;1.949,04;1.082,63;2,3047;1.009;68,15;Peixe Pronto
APT;Integração;PGP;Tanque 403 (3/4);16/09/2025;4;3.205;901,73;2.889,73;620,6237;0;0;99,99;Peixe Pronto
APT;Integração;PGP;Tanque 404 (3/4);12/10/2025;24;2.351;904,73;2.127,28;1.008,51;2,1587;650;78,35;Peixe Pronto
APT;Integração;PGP;Tanque 405 (3/4);07/11/2025;28;2.136;905,08;1.933,03;1.398,81;2,0164;916;69,98;Peixe Pronto
APT;Integração;PGP;Tanque 406 (3/4);12/11/2025;28;2.749;905,62;2.489,33;1.892,97;2,0027;1.179;69,98;Peixe Pronto
APT;Integração;PGP;Tanque 407 (3/4);24/11/2025;26;2.778;904,05;2.511,73;2.216,34;2,0052;1.080;72,01;Peixe Pronto
APT;Integração;PGP;Tanque 408 (3/4);03/01/2026;22;3.029;901,28;2.730,12;3.102,48;1,9243;734;80,5;Peixe Pronto
APT;Integração;PGP;Tanque 409 (3/4);26/11/2025;28;2.312;900,25;2.081,43;1.885,36;1,9786;977;70,3;Peixe Pronto
APT;Integração;PGP;Tanque 410 (3/4);30/11/2025;23;2.947;902,56;2.660,15;2.513,34;2,0398;729;80,18;Peixe Pronto
APT;Integração;PGP;Tanque 411 (3/4);15/11/2025;26;2.444;902,56;2.205,50;1.753,16;2,0085;934;72,34;Peixe Pronto
APT;Integração;PGP;Tanque 412 (3/4);09/11/2025;25;2.472;901,89;2.229,55;1.660,16;2,0617;908;73,14;Peixe Pronto
APT;Integração;PGP;Tanque 413 (3/4);16/11/2025;26;2.522;903,21;2.278,32;1.833,94;2,0108;932;73,03;Peixe Pronto
APT;Integração;PGP;Tanque 414 (3/4);24/11/2025;26;2.790;904,05;2.521,90;2.225,31;2,0063;1.072;72,23;Peixe Pronto
APT;Integração;PGP;Tanque 415 (3/4);11/11/2025;25;2.443;904,97;2.210,68;1.658,59;2,0524;897;73,14;Peixe Pronto
APT;Integração;PGP;Tanque 416 (3/4);10/01/2026;22;3.073;900,26;2.766,07;3.163,06;1,8992;721;80,98;Peixe Pronto
APT;Integração;PGP;Tanque 418 (3/4);16/12/2025;18;3.129;903,9;2.828,33;3.073,39;2,1642;647;82,87;Peixe Pronto
APT;Integração;PGP;Tanque 419 (3/4);16/01/2026;22;3.113;901,25;2.805,64;3.210,58;1,8754;708;81,47;Peixe Pronto
APT;Integração;PGP;Tanque 420 (3/4);29/09/2025;25;3.134;901,94;2.826,32;974,4192;2,0094;632;83,21;Peixe Pronto
APT;Integração;PGP;Tanque 421 (3/4);26/11/2025;26;2.488;905,27;2.252,40;2.030,79;2,0132;967;72,01;Peixe Pronto
APT;Integração;PGP;Tanque 422 (3/4);23/10/2025;28;2.674;901,04;2.408,95;1.407,13;2,2291;1.474;64,45;Peixe Pronto
APT;Integração;PGP;Tanque 423 (3/4);26/11/2025;26;2.417;900,25;2.175,66;1.970,70;2,0086;949;71,8;Peixe Pronto
APT;Integração;PGP;Tanque 424 (3/4);07/12/2025;25;2.783;902,48;2.511,96;2.532,05;2,031;1.013;73,32;Peixe Pronto
APT;Integração;PGP;Tanque 425 (3/4);01/01/2026;22;3.071;903,8;2.775,75;3.180,19;1,9546;729;80,82;Peixe Pronto
APT;Integração;PGP;Tanque 426 (3/4);14/12/2025;25;2.728;902,73;2.463,02;2.634,17;2,0213;1.057;72,09;Peixe Pronto
APT;Integração;PGP;Tanque 427 (3/4);10/01/2026;22;3.327;905,31;3.012,42;3.455,11;1,9016;745;81,72;Peixe Pronto
APT;Integração;PGP;Tanque 428 (3/4);05/12/2025;25;2.756;901,31;2.483,57;2.457,43;2,033;1.002;73,32;Peixe Pronto
APT;Integração;PGP;Tanque 429 (3/4);07/12/2025;25;2.694;902,48;2.431,22;2.450,67;2,0373;980;73,32;Peixe Pronto
APT;Integração;PGP;Tanque 430 (3/4);11/12/2025;20;3.117;900,91;2.807,72;2.926,32;2,0666;610;83,62;Peixe Pronto
APT;Integração;PGP;Tanque 431 (3/4);17/09/2025;12;1.565;904,88;1.416,16;318,1966;2,6142;52;96,79;Peixe Pronto
APT;Integração;PGP;Tanque 432 (3/4);29/09/2025;25;3.087;901,94;2.784,30;959,9297;2,0131;623;83,21;Peixe Pronto
APT;Integração;PGP;Tanque 433 (3/4);03/11/2025;27;2.070;901,36;1.865,73;1.287,99;2,035;864;70,55;Peixe Pronto
APT;Integração;PGP;Tanque 434 (3/4);01/12/2025;27;2.441;904,04;2.206,36;2.091,38;2,0034;965;71,65;Peixe Pronto
APT;Integração;PGP;Tanque 435 (3/4);13/12/2025;25;2.879;902,13;2.597,28;2.753,98;2,0338;1.095;72,45;Peixe Pronto
APT;Integração;PGP;Tanque 436 (3/4);14/12/2025;20;3.101;902,73;2.799,41;2.994,10;2,0681;675;82,13;Peixe Pronto
APT;Integração;PGP;Tanque 437 (3/4);25/11/2025;24;2.815;904,67;2.546,82;2.271,96;2,0038;728;79,46;Peixe Pronto
APT;Integração;PGP;Tanque 438 (3/4);05/12/2025;24;2.790;901,31;2.515,09;2.488,61;2,0337;736;79,14;Peixe Pronto
APT;Integração;PGP;Tanque 439 (3/4);03/12/2025;24;2.847;905,18;2.576,74;2.490,41;2,0311;732;79,54;Peixe Pronto
APT;Integração;PGP;Tanque 440 (3/4);05/12/2025;25;2.782;901,31;2.507,47;2.481,07;2,0502;997;73,62;Peixe Pronto
APT;Integração;PGP;Tanque 441 (3/4);21/09/2025;26;3.076;903,94;2.780,23;733,803;2,0319;774;79,89;Peixe Pronto
APT;Integração;PGP;Tanque 442 (3/4);24/10/2025;28;1.828;901,93;1.648,58;978,9186;2,2124;1.015;64,29;Peixe Pronto
APT;Integração;PGP;Tanque 443 (3/4);02/01/2026;22;3.130;904,37;2.830,96;3.244,78;1,9579;747;80,74;Peixe Pronto
APT;Integração;PGP;Tanque 444 (3/4);13/12/2025;25;2.948;902,13;2.659,37;2.819,81;2,0311;1.121;72,45;Peixe Pronto
APT;Integração;PGP;Tanque 445 (3/4);15/12/2025;21;3.302;903,32;2.982,86;3.217,34;2,0819;739;81,72;Peixe Pronto
APT;Integração;PGP;Tanque 446 (3/4);14/12/2025;19;3.318;902,73;2.995,30;3.203,77;2,0997;678;83,03;Peixe Pronto
APT;Integração;PGP;Tanque 447 (3/4);10/01/2026;22;3.082;905,31;2.790,25;3.200,28;1,9101;720;81,06;Peixe Pronto
APT;Integração;PGP;Tanque 448 (3/4);01/01/2026;23;3.061;903,8;2.766,42;3.169,50;1,9425;772;79,86;Peixe Pronto
APT;Integração;PGP;Tanque 449 (3/4);11/12/2025;23;2.974;900,91;2.679,71;2.792,76;2,0335;721;80,5;Peixe Pronto
APT;Integração;PGP;Tanque 450 (3/4);08/12/2025;24;2.554;903,08;2.306,73;2.346,43;2,0392;739;77,57;Peixe Pronto
APT;Integração;PGP;Tanque 451 (3/4);26/12/2025;22;3.017;900,37;2.716,10;3.084,53;1,9891;738;80,34;Peixe Pronto
APT;Integração;PGP;Tanque 452 (3/4);25/11/2025;26;2.534;904,67;2.292,26;2.044,88;2,0196;939;72,96;Peixe Pronto
APT;Integração;PGP;Tanque 453 (3/4);01/01/2026;23;3.023;903,8;2.732,19;3.130,28;1,9614;755;80,02;Peixe Pronto
APT;Integração;PGP;Tanque 454 (3/4);26/11/2025;19;3.015;900,25;2.714,27;2.461,64;2,1382;544;84,72;Peixe Pronto
APT;Integração;PGP;Tanque 455 (3/4);02/10/2025;26;3.005;900,13;2.705,10;1.009,96;2,0067;753;79,97;Peixe Pronto
APT;Integração;PGP;Tanque 456 (3/4);25/12/2025;19;3.313;900,5;2.983,38;3.388,39;2,0549;657;83,45;Peixe Pronto
APT;Integração;PGP;Tanque 457 (3/4);08/12/2025;20;2.888;903,08;2.608,03;2.653,08;2,0746;576;83,37;Peixe Pronto
APT;Integração;PGP;Tanque 458 (3/4);24/12/2025;19;3.166;904,74;2.864,84;3.261,76;2,0897;659;82,78;Peixe Pronto
APT;Integração;PGP;Tanque 459 (3/4);07/01/2026;25;2.851;903,59;2.576,55;2.951,54;1,9131;1.034;73,4;Peixe Pronto
APT;Integração;PGP;Tanque 462 (5/8);22/03/2026;33;4.412;900,7;3.973,83;4.108,84;1,5587;2.057;68,2;Peixe Pronto
APT;Integração;PGP;Tanque 463 (5/8);04/04/2026;33;4.874;904,05;4.406,61;4.529,83;1,5435;2.499;66,11;Peixe Pronto
APT;Integração;PGP;Tanque 464 (5/8);02/03/2026;32;8.597;901,54;7.750,84;8.093,42;1,571;3.826;69,2;Peixe Pronto
APT;Integração;PGP;Tanque 465 (5/8);21/03/2026;33;5.976;900,9;5.384,23;5.570,04;1,5615;2.787;68,2;Peixe Pronto
APT;Integração;PGP;Tanque 466 (5/8);02/03/2026;32;9.195;901,54;8.289,28;8.655,65;1,571;4.091;69,2;Peixe Pronto
APT;Integração;PGP;Tanque 467 (5/8);21/03/2026;33;5.510;900,9;4.963,96;5.135,27;1,5615;2.569;68,2;Peixe Pronto
APT;Integração;PGP;Tanque 468 (5/8);04/04/2026;33;4.782;904,05;4.323,53;4.444,43;1,5435;2.452;66,11;Peixe Pronto
APT;Integração;PGP;Tanque 469 (5/8);04/04/2026;33;4.748;904,05;4.292,45;4.412,49;1,5435;2.434;66,11;Peixe Pronto
APT;Integração;PGP;Tanque 470 (5/8);04/04/2026;33;4.916;904,05;4.444,26;4.568,54;1,5435;2.520;66,11;Peixe Pronto
APT;Integração;PGP;Tanque 471 (5/8);04/04/2026;33;4.641;904,05;4.195,63;4.312,96;1,5435;2.379;66,11;Peixe Pronto
APT;Integração;PGP;Tanque 472 (5/8);22/03/2026;33;5.555;900,7;5.003,38;5.173,37;1,5587;2.590;68,2;Peixe Pronto
APT;Integração;PGP;Tanque 473 (5/8);22/03/2026;33;4.173;900,7;3.758,83;3.886,54;1,5587;1.946;68,2;Peixe Pronto
APT;Integração;PGP;Tanque 474 (5/8);22/03/2026;33;5.622;900,7;5.063,58;5.235,62;1,5587;2.621;68,2;Peixe Pronto
APT;Integração;PGP;Tanque 475 (5/8);21/03/2026;33;5.956;900,9;5.365,80;5.550,97;1,5615;2.777;68,2;Peixe Pronto
APT;Integração;PGP;Tanque 476 (5/8);22/03/2026;33;4.255;900,7;3.832,54;3.962,76;1,5587;1.984;68,2;Peixe Pronto
APT;Integração;PGP;Tanque 477 (5/8);04/04/2026;33;4.827;904,05;4.363,57;4.485,60;1,5435;2.474;66,11;Peixe Pronto
APT;Integração;PGP;Tanque 478 (5/8);16/02/2026;31;6.072;904,54;5.492,79;6.343,21;1,758;3.478;63,59;Peixe Pronto
APT;Integração;PGP;Tanque 479 (5/8);21/03/2026;33;7.229;900,9;6.512,32;6.737,06;1,5615;3.370;68,2;Peixe Pronto
APT;Integração;PGP;Tanque 480 (5/8);02/03/2026;32;9.601;901,54;8.655,51;9.038,07;1,571;4.272;69,2;Peixe Pronto
APT;Integração;PGP;Tanque 481 (5/8);17/02/2026;32;5.215;903,88;4.713,48;5.202,97;1,6752;2.694;65,93;Peixe Pronto
APT;Próprio;QTR;E202;20/12/2025;20;6.728;901;6.061,59;6.800,43;2,0773;1.563;81,14;Peixe Pronto
APT;Próprio;QTR;E203;12/11/2025;23;3.651;900,63;3.287,95;2.513,62;2,0438;891;80,38;Peixe Pronto
APT;Próprio;QTR;E204;16/01/2026;26;6.080;904,88;5.501,64;6.308,16;1,8459;2.346;72,16;Peixe Pronto
APT;Próprio;QTR;E205;10/01/2026;27;5.653;905,31;5.117,35;5.869,35;1,8653;2.364;70,51;Peixe Pronto
APT;Próprio;QTR;E206;12/11/2025;23;5.458;900,63;4.915,99;3.758,11;2,0532;1.333;80,38;Peixe Pronto
APT;Próprio;QTR;E207;14/11/2025;27;5.229;901,92;4.716,32;3.701,40;2,0075;2.135;71,01;Peixe Pronto
APT;Próprio;QTR;E208;22/10/2025;22;5.540;900,14;4.986,31;2.864,40;2,3718;1.872;74,74;Peixe Pronto
APT;Próprio;QTR;E209;24/11/2025;22;6.851;904,05;6.193,92;5.465,90;2,0441;1.508;81,96;Peixe Pronto
APT;Próprio;QTR;E210;12/10/2025;20;5.642;900;5.077,56;2.418,05;2,274;1.190;82,58;Peixe Pronto
APT;Próprio;QTR;E210;13/10/2025;20;5.642;905,63;5.109,33;2.473,87;2,2684;1.190;82,58;Peixe Pronto
APT;Próprio;QTR;E211;21/11/2025;26;5.494;902,16;4.956,73;4.229,09;2,0058;2.086;72,48;Peixe Pronto
APT;Próprio;QTR;E212;02/11/2025;22;6.244;900,52;5.622,61;3.829,34;2,1036;1.439;81,27;Peixe Pronto
APT;Próprio;QTR;E213;06/12/2025;26;5.734;901,89;5.171,80;5.165,41;2,0187;2.197;72,3;Peixe Pronto
APT;Próprio;QTR;E214;27/12/2025;21;6.804;900,92;6.129,64;6.963,88;1,9863;1.589;81,06;Peixe Pronto
APT;Próprio;QTR;E215;02/12/2025;31;4.507;904,61;4.077,38;3.902,76;1,9552;2.433;64,95;Peixe Pronto
APT;Próprio;QTR;E216;15/01/2026;23;5.031;904,39;4.550,02;5.215,20;1,8703;1.169;81,15;Peixe Pronto
APT;Próprio;QTR;E217;17/10/2025;26;4.804;900,06;4.323,59;2.273,40;2,1471;1.880;71,87;Peixe Pronto
APT;Próprio;QTR;E218;26/12/2025;29;6.099;900,37;5.491,65;6.236,57;1,9215;3.143;66;Peixe Pronto
APT;Próprio;QTR;E219;23/09/2025;21;5.293;901,04;4.769,52;1.355,17;2,0612;635;89,29;Peixe Pronto
APT;Próprio;QTR;E222;04/12/2025;26;5.840;900,73;5.260,19;5.155,83;2,0083;2.237;72,3;Peixe Pronto
APT;Próprio;QTR;E224;03/02/2026;25;6.114;902,5;5.517,58;6.748,09;1,9387;2.468;71,24;Peixe Pronto
APT;Próprio;QTR;E225;20/10/2025;20;5.180;902,77;4.675,95;2.597,52;2,438;1.613;76,25;Peixe Pronto
APT;Próprio;QTR;E226;27/10/2025;20;5.110;904,58;4.622,45;2.878,11;2,2597;1.225;80,66;Peixe Pronto
APT;Próprio;QTR;E227;14/01/2026;25;6.033;903,89;5.453,37;6.248,39;1,8735;2.220;73,1;Peixe Pronto
APT;Próprio;QTR;E228;11/12/2025;26;5.667;900,91;5.105,46;5.320,55;2,0007;2.163;72,38;Peixe Pronto
APT;Próprio;QTR;E229;07/11/2025;29;4.270;905,08;3.864,35;2.796,39;2,0005;1.961;68,52;Peixe Pronto
APT;Próprio;QTR;E230;12/01/2026;25;5.944;902,84;5.366,31;6.105,01;1,8741;2.203;72,96;Peixe Pronto
APT;Próprio;QTR;E231;03/10/2025;24;5.611;901,05;5.055,44;1.935,77;2,0011;929;85,79;Peixe Pronto
APT;Próprio;QTR;E232;08/11/2025;22;6.157;901,08;5.547,87;4.080,74;2,0641;1.442;81,02;Peixe Pronto
APT;Próprio;QTR;E233;05/12/2025;20;7.803;901,31;7.033,29;6.959,90;2,0624;1.557;83,37;Peixe Pronto
APT;Próprio;QTR;E236;15/12/2025;30;5.559;903,32;5.021,25;5.415,42;1,96;2.940;65,4;Peixe Pronto
APT;Próprio;QTR;E237;27/09/2025;23;5.392;900,12;4.853,13;1.579,43;2,0368;796;87,13;Peixe Pronto
APT;Próprio;QTR;E238;14/10/2025;24;5.556;901,81;5.010,65;2.486,98;2,1521;1.539;78,31;Peixe Pronto
APT;Próprio;QTR;E239;09/10/2025;24;5.779;902;5.212,76;2.312,86;2,1775;1.531;79,06;Peixe Pronto
APT;Próprio;QTR;E240;20/12/2025;29;4.997;901;4.502,48;5.050,59;1,9697;2.613;65,67;Peixe Pronto
APT;Próprio;QTR;E241;25/10/2025;27;4.467;902,82;4.032,99;2.433,63;2,2393;2.394;65,11;Peixe Pronto
APT;Próprio;QTR;E242;18/12/2025;22;6.654;905,02;6.021,70;6.638,52;2,0612;1.695;79,69;Peixe Pronto
APT;Próprio;QTR;E243;05/01/2026;26;5.802;902,44;5.235,53;5.954,53;1,912;2.319;71,44;Peixe Pronto
APT;Próprio;QTR;E244;06/10/2025;23;5.459;903,78;4.933,33;2.039,50;2,1865;1.394;79,65;Peixe Pronto
APT;Próprio;QTR;E245;23/11/2025;21;6.604;903,43;5.966,22;5.207,48;2,0405;1.389;82,62;Peixe Pronto
APT;Próprio;QTR;E246;30/12/2025;20;7.031;905,39;6.365,79;7.251,14;1,9976;1.445;82,95;Peixe Pronto
APT;Próprio;QTR;E247;10/12/2025;20;6.754;904,28;6.107,07;6.324,23;2,0965;1.274;84,12;Peixe Pronto
APT;Próprio;QTR;E248;25/12/2025;23;6.605;904,89;5.976,64;6.805,43;1,9801;1.766;78,9;Peixe Pronto
APT;Próprio;QTR;E249;28/10/2025;23;5.817;901,04;5.241,18;3.309,31;2,1188;1.420;80,38;Peixe Pronto
APT;Próprio;QTR;E250;21/10/2025;27;4.105;903,68;3.709,28;2.096,62;2,2721;2.124;65,9;Peixe Pronto
APT;Próprio;QTR;E251;08/11/2025;23;6.029;901,08;5.433,03;3.996,10;2,0549;1.548;79,58;Peixe Pronto
APT;Próprio;QTR;E252;21/11/2025;21;6.510;902,16;5.873,41;5.011,20;2,0488;1.354;82,79;Peixe Pronto
APT;Próprio;QTR;E253;02/03/2026;29;2.760;901,54;2.488,19;2.598,17;1,5771;744;78,77;Peixe Pronto
APT;Próprio;QTR;E256;20/10/2025;27;3.847;902,77;3.472,83;1.928,92;2,2791;1.982;66;Peixe Pronto
APT;Próprio;QTR;E257;22/12/2025;19;6.012;902,04;5.423,51;6.168,82;2,0953;1.280;82,45;Peixe Pronto
APT;Próprio;QTR;E258;24/12/2025;25;5.594;904,35;5.059,34;5.722,24;2,012;2.253;71,29;Peixe Pronto
APT;Próprio;QTR;E260;29/09/2025;20;6.863;901,94;6.190,32;2.134,34;2,0567;781;89,79;Peixe Pronto
APT;Próprio;QTR;E261;08/12/2025;17;7.356;900,15;6.621,57;6.724,43;2,2213;1.215;85,82;Peixe Pronto
APT;Próprio;QTR;E262;02/10/2025;20;6.946;900,13;6.252,74;2.334,61;2,0541;779;89,92;Peixe Pronto
APT;Próprio;QTR;E263;11/12/2025;26;5.568;900,91;5.016,69;5.228,04;2,0095;2.149;72,16;Peixe Pronto
APT;Próprio;QTR;E264;31/12/2025;26;5.869;903,22;5.300,73;6.070,55;1,9452;2.305;71,8;Peixe Pronto
APT;Próprio;QTR;E265;25/11/2025;22;5.606;904,67;5.071,80;4.524,80;2,0259;1.234;81,96;Peixe Pronto
APT;Próprio;QTR;E266;20/12/2025;29;3.275;901;2.950,57;3.309,76;1,9697;1.712;65,67;Peixe Pronto
APT;Próprio;QTR;E267;26/02/2026;30;7.537;900,72;6.788,87;7.104,02;1,5776;2.275;76,82;Peixe Pronto
APT;Próprio;QTR;E268;03/01/2026;25;5.991;901,28;5.399,63;6.136,08;1,9273;2.262;72,59;Peixe Pronto
APT;Próprio;QTR;E269;28/10/2025;23;3.389;905,45;3.068,43;1.939,70;2,1862;986;77,46;Peixe Pronto
APT;Próprio;QTR;E270;18/01/2026;25;5.539;900,99;4.990,96;6.169,46;2,0381;2.545;68,52;Peixe Pronto
APT;Próprio;QTR;E271;03/10/2025;24;4.613;901,05;4.156,61;1.591,56;2,01;775;85,62;Peixe Pronto
APT;Próprio;QTR;E272;20/10/2025;27;4.214;902,77;3.804,68;2.113,39;2,2664;2.172;66;Peixe Pronto
APT;Próprio;QTR;E273;10/01/2026;22;7.390;905,31;6.690,45;7.673,63;1,9044;1.690;81,39;Peixe Pronto
APT;Próprio;QTR;E274;06/11/2025;22;5.907;904,26;5.341,48;3.816,61;2,0723;1.369;81,18;Peixe Pronto
APT;Próprio;QTR;E275;26/11/2025;26;5.463;900,25;4.917,70;4.454,43;2,0215;2.077;72,45;Peixe Pronto
APT;Próprio;QTR;E279;15/10/2025;21;5.670;902,97;5.119,82;2.579,34;2,2203;1.210;82,41;Peixe Pronto
APT;Próprio;QTR;E280;14/12/2025;23;6.116;902,73;5.520,80;5.904,44;2,0363;1.604;79,22;Peixe Pronto
APT;Próprio;QTR;E281;01/01/2026;26;6.003;903,8;5.425,08;6.215,54;1,9428;2.324;72,09;Peixe Pronto
APT;Próprio;QTR;E282;26/02/2026;30;7.539;900,72;6.790,95;7.106,19;1,5776;2.276;76,82;Peixe Pronto
APT;Próprio;QTR;E283;03/01/2026;20;6.549;903,52;5.916,78;6.777,53;1,9833;1.385;82,54;Peixe Pronto
APT;Próprio;QTR;E284;03/01/2026;21;7.025;901,28;6.331,71;7.195,29;1,9426;1.495;82,46;Peixe Pronto
APT;Próprio;QTR;E285;02/12/2025;19;7.018;904,61;6.348,76;6.077,26;2,0846;1.308;84,29;Peixe Pronto
APT;Próprio;QTR;E286;21/11/2025;26;5.204;902,16;4.694,86;4.005,66;1,9892;1.954;72,7;Peixe Pronto
APT;Próprio;QTR;E287;03/01/2026;26;5.521;901,28;4.975,60;5.654,22;1,9141;2.199;71,51;Peixe Pronto
APT;Próprio;QTR;E288;24/12/2025;25;5.728;904,35;5.179,84;5.858,53;2,0016;2.322;71,15;Peixe Pronto
APT;Próprio;QTR;E289;12/11/2025;19;6.696;900,63;6.030,77;4.610,69;2,1119;1.304;83,7;Peixe Pronto
APT;Próprio;QTR;E290;06/12/2025;26;5.757;901,89;5.191,94;5.185,53;2,0144;2.181;72,52;Peixe Pronto
APT;Próprio;QTR;E291;22/12/2025;25;5.406;902,04;4.876,27;5.545,65;2,0199;2.184;71,22;Peixe Pronto
APT;Próprio;QTR;E292;09/12/2025;23;6.339;903,68;5.728,45;5.879,84;2,0319;1.512;80,74;Peixe Pronto
APT;Próprio;QTR;E293;02/10/2025;24;5.626;900,13;5.064,22;1.890,75;2,0142;932;85,79;Peixe Pronto
APT;Próprio;QTR;E294;12/11/2025;20;6.425;900,63;5.786,47;4.423,91;2,0954;1.274;83,45;Peixe Pronto
APT;Próprio;QTR;E295;10/01/2026;25;6.066;905,31;5.492,01;6.299,07;1,912;2.191;73,47;Peixe Pronto
APT;Próprio;QTR;E296;10/12/2025;21;6.826;904,28;6.172,64;6.392,14;2,0682;1.444;82,54;Peixe Pronto
APT;Próprio;QTR;E297;30/10/2025;28;4.365;902,77;3.940,98;2.562,86;2,0422;1.892;69,77;Peixe Pronto
APT;Próprio;QTR;E298;23/11/2025;21;6.427;903,43;5.806,04;5.067,68;2,0344;1.367;82,46;Peixe Pronto
APT;Próprio;QTR;E299;30/11/2025;19;7.288;902,56;6.577,81;6.214,79;2,122;1.358;84,29;Peixe Pronto
APT;Próprio;QTR;E300;03/10/2025;24;5.505;901,05;4.960,47;1.899,41;1,9963;925;85,62;Peixe Pronto
APT;Próprio;QTR;E304;27/11/2025;27;5.317;900,84;4.789,92;4.348,19;1,996;2.111;71,58;Peixe Pronto
APT;Próprio;QTR;E304;04/12/2025;26;4.659;900,73;4.196,91;8.461,84;2,0094;1.766;72,52;Peixe Pronto
APT;Próprio;QTR;E306;18/12/2025;29;5.967;905,02;5.400,10;5.952,67;1,9647;3.002;66,53;Peixe Pronto
APT;Próprio;QTR;E310;15/12/2025;30;5.921;903,32;5.348,55;5.768,41;1,96;3.132;65,4;Peixe Pronto
APT;Próprio;QTR;E311;12/02/2026;28;974;904,61;881,46;1.073,92;1,8884;457;68,09;Peixe Pronto
APT;Próprio;QTR;E311;25/02/2026;30;5.266;901,2;4.745,49;6.045,13;1,5794;1.565;77,09;Peixe Pronto
APT;Próprio;QTR;E312;25/02/2026;30;8.047;901,2;7.251,96;7.596,92;1,5788;2.392;77,09;Peixe Pronto
APT;Próprio;QTR;E313;02/12/2025;26;5.645;904,61;5.106,79;4.888,08;2,0124;2.116;72,74;Peixe Pronto
APT;Próprio;QTR;E314;08/10/2025;24;5.244;905,6;4.748,69;2.060,26;2,1886;1.359;79,41;Peixe Pronto
APT;Próprio;QTR;E315;16/12/2025;23;6.457;903,9;5.836,51;6.341,59;2,0313;1.776;78,43;Peixe Pronto
APT;Próprio;QTR;E316;22/01/2026;25;5.933;903,47;5.360,37;6.649,84;2,0149;2.519;70,2;Peixe Pronto
APT;Próprio;QTR;E317;24/10/2025;27;4.227;901,93;3.812,47;2.263,97;2,231;2.249;65,27;Peixe Pronto
APT;Próprio;QTR;E318;03/11/2025;27;5.016;901,36;4.520,81;3.120,90;2,0404;2.072;70,76;Peixe Pronto
APT;Próprio;QTR;E319;17/01/2026;25;6.005;900,37;5.406,85;6.494,53;1,9736;2.530;70,36;Peixe Pronto
APT;Próprio;QTR;E321;26/10/2025;27;4.602;903,7;4.159,05;2.549,65;2,2292;2.463;65,14;Peixe Pronto
APT;Próprio;QTR;E322;16/12/2025;18;2.524;902,63;2.278,59;2.473,96;2,1765;498;83,53;Peixe Pronto
APT;Próprio;QTR;E323;06/10/2025;25;4.415;903,78;3.989,94;1.649,49;2,166;1.217;78,39;Peixe Pronto
APT;Próprio;QTR;E324;25/10/2025;27;4.158;902,82;3.754,37;2.265,50;2,2334;2.229;65,11;Peixe Pronto
APT;Próprio;QTR;E325;05/11/2025;23;5.909;903,44;5.338,11;3.765,09;2,0612;1.457;80,22;Peixe Pronto
APT;Próprio;QTR;E326;03/11/2025;23;8.014;901,36;7.223,04;4.986,58;2,0792;2.006;79,98;Peixe Pronto
APT;Próprio;QTR;E327;20/10/2025;21;5.556;902,77;5.015,59;2.786,19;2,4381;1.745;76,1;Peixe Pronto
APT;Próprio;QTR;E328;17/11/2025;27;5.258;903,84;4.752,35;3.873,13;1,9957;2.025;72,19;Peixe Pronto
APT;Próprio;QTR;E329;17/11/2025;27;4.868;903,84;4.399,80;3.585,81;2;1.895;71,98;Peixe Pronto
APT;Próprio;QTR;E330;05/10/2025;24;4.801;902,87;4.334,34;1.747,26;2,1953;1.305;78,62;Peixe Pronto
APT;Próprio;QTR;E331;12/10/2025;20;5.912;904,73;5.348,70;2.535,94;2,2594;1.258;82,45;Peixe Pronto
APT;Próprio;QTR;E332;31/10/2025;23;5.866;903,62;5.301,04;3.497,24;2,0908;1.451;80,18;Peixe Pronto
APT;Próprio;QTR;E333;22/10/2025;22;4.605;904,87;4.166,85;2.384,08;2,3696;1.535;75;Peixe Pronto
APT;Próprio;QTR;E334;14/11/2025;27;4.979;901,92;4.490,90;3.524,49;1,9999;2.012;71,22;Peixe Pronto
APT;Próprio;QTR;E335;25/10/2025;23;4.882;902,82;4.408,01;2.660,24;2,29;1.773;73,37;Peixe Pronto
APT;Próprio;QTR;E336;28/10/2025;27;4.738;905,45;4.290,45;2.712,20;2,1313;2.066;69,64;Peixe Pronto
APT;Próprio;QTR;E337;22/10/2025;24;5.685;904,87;5.143,89;2.942,90;2,3044;2.079;73,22;Peixe Pronto
APT;Próprio;QTR;E338;08/11/2025;22;5.845;901,08;5.266,45;3.873,75;2,0647;1.383;80,86;Peixe Pronto
APT;Próprio;QTR;E339;28/10/2025;23;5.379;901,04;4.846,90;3.060,53;2,1037;1.327;80,22;Peixe Pronto
APT;Próprio;QTR;E341;26/10/2025;20;5.391;903,7;4.871,81;2.986,94;2,4133;1.651;76,55;Peixe Pronto
APT;Próprio;QTR;E342;30/11/2025;26;5.118;902,56;4.619,34;4.364,12;2,0199;1.989;72,01;Peixe Pronto
APT;Próprio;QTR;E343;19/12/2025;19;6.967;900,48;6.273,63;6.989,36;2,0936;1.508;82,21;Peixe Pronto
APT;Próprio;QTR;E344;02/12/2025;31;6.000;904,61;5.427,50;5.195,05;1,9552;3.238;64,95;Peixe Pronto
APT;Próprio;QTR;E345;24/11/2025;26;5.174;904,05;4.677,46;4.127,37;2,0103;1.989;72,23;Peixe Pronto
APT;Próprio;QTR;E347;19/12/2025;20;6.653;900,48;5.990,85;6.674,32;2,0716;1.546;81,14;Peixe Pronto
APT;Próprio;QTR;E348;25/10/2025;23;5.301;902,82;4.785,97;2.888,34;2,3121;1.867;73,96;Peixe Pronto
APT;Próprio;QTR;E349;02/12/2025;31;5.409;904,61;4.892,86;4.683,31;1,9552;2.919;64,95;Peixe Pronto
APT;Próprio;QTR;E350;16/11/2025;26;5.191;903,21;4.688,12;3.773,71;2,0003;1.952;72,67;Peixe Pronto
APT;Próprio;QTR;E351;12/11/2025;20;6.764;900,63;6.091,73;4.657,11;2,1067;1.329;83,58;Peixe Pronto
APT;Próprio;QTR;E352;18/10/2025;19;5.887;900,96;5.303,77;2.841,74;2,5588;1.772;76,86;Peixe Pronto
APT;Próprio;QTR;E353;19/12/2025;24;6.153;905,57;5.572,35;6.186,89;2,029;1.884;76,56;Peixe Pronto
APT;Próprio;QTR;E354;08/02/2026;26;4.516;902,53;4.075,54;4.714,40;1,8636;1.521;74,8;Peixe Pronto
APT;Próprio;QTR;E355;14/12/2025;23;6.315;902,73;5.700,32;6.096,43;2,0306;1.672;79,06;Peixe Pronto
APT;Próprio;QTR;E356;26/10/2025;22;5.272;903,7;4.764,07;2.920,88;2,3374;1.810;74,44;Peixe Pronto
APT;Próprio;QTR;E357;03/12/2025;21;6.407;905,18;5.799,12;5.605,19;2,0449;1.386;82,21;Peixe Pronto
APT;Próprio;QTR;E358;16/01/2026;25;6.189;904,88;5.599,91;6.420,83;1,8635;2.209;73,69;Peixe Pronto
APT;Próprio;QTR;E359;21/12/2025;22;7.130;901,52;6.428,17;7.261,27;2,0409;1.871;79,22;Peixe Pronto
APT;Próprio;QTR;E360;14/12/2025;21;6.599;902,73;5.957,35;6.371,65;2,0512;1.550;80,98;Peixe Pronto
APT;Próprio;QTR;E361;26/02/2026;30;8.278;900,72;7.456,55;7.802,69;1,5776;2.499;76,82;Peixe Pronto
APT;Próprio;QTR;M1;24/03/2026;31;25.859;901,6;23.314,07;24.108,57;1,5745;9.218;73,72;Peixe Pronto
APT;Próprio;QTR;M2;09/03/2026;31;26.716;903,72;24.144,18;25.148,15;1,5716;8.824;75,17;Peixe Pronto
APT;Próprio;QTR;M3;24/03/2026;31;8.518;901,6;7.680,08;7.941,80;1,5745;3.037;73,72;Peixe Pronto
APT;Próprio;QTR;R001;25/02/2026;31;15.294;901,2;13.783,12;14.438,75;1,5805;5.152;74,8;Peixe Pronto
APT;Próprio;QTR;R003;19/02/2026;31;11.130;905,63;10.080,03;11.495,89;1,7224;5.453;67,12;Peixe Pronto
APT;Próprio;QTR;R005;18/01/2026;29;9.452;900,99;8.516,27;10.527,19;1,967;5.797;61,99;Peixe Pronto
APT;Próprio;QTR;R006;13/03/2026;32;14.209;904,73;12.855,52;13.370,54;1,5681;5.726;71,28;Peixe Pronto
APT;Próprio;QTR;R009;03/02/2026;28;12.560;902,5;11.335,42;13.863,38;1,8848;6.259;66,74;Peixe Pronto
APT;Próprio;QTR;R010;18/01/2026;29;11.554;900,99;10.410,07;12.868,18;1,967;7.086;61,99;Peixe Pronto
APT;Próprio;QTR;R011;21/02/2026;30;13.850;900,88;12.476,79;13.469,30;1,6324;4.934;73,73;Peixe Pronto
APT;Próprio;QTR;R012;11/01/2026;29;6.759;900,81;6.088,77;6.965,36;1,851;3.320;67,06;Peixe Pronto
APT;Próprio;QTR;R013;31/01/2026;29;11.436;905,24;10.352,32;12.741,69;1,8874;6.037;65,45;Peixe Pronto
APT;Próprio;QTR;R016;22/02/2026;30;14.783;900,12;13.306,81;13.959,25;1,586;4.443;76,89;Peixe Pronto
APT;Próprio;QTR;R017;12/03/2026;31;12.901;905,01;11.675,86;12.152,96;1,5712;4.408;74,54;Peixe Pronto
APT;Próprio;QTR;R018;13/02/2026;30;13.030;903,71;11.775,53;13.548,19;1,7616;6.208;67,73;Peixe Pronto
APT;Próprio;QTR;R019;15/03/2026;31;14.488;900,33;13.043,64;13.518,70;1,5694;5.216;73,53;Peixe Pronto
APT;Próprio;QTR;R020;21/02/2026;30;13.145;900,88;11.841,79;12.783,78;1,6326;4.683;73,73;Peixe Pronto
APT;Próprio;QTR;R022;14/02/2026;30;12.766;902,98;11.527,48;13.240,08;1,76;5.969;68,14;Peixe Pronto
APT;Próprio;QTR;R023;28/01/2026;30;11.306;903,82;10.218,65;12.603,88;1,8778;6.354;64,02;Peixe Pronto
APT;Próprio;QTR;R024;31/01/2026;30;10.824;905,24;9.798,05;12.059,49;1,8708;6.356;63;Peixe Pronto
APT;Próprio;QTR;R025;09/02/2026;31;9.658;903,85;8.729,33;10.671,08;1,867;6.372;60,25;Peixe Pronto
APT;Próprio;QTR;R026;29/01/2026;29;14.080;900,48;12.678,58;15.590,83;1,903;7.293;65,88;Peixe Pronto
APT;Próprio;QTR;R027;16/03/2026;31;11.899;900,07;10.710,30;11.093,99;1,5638;4.275;73,57;Peixe Pronto
APT;Próprio;QTR;R028;02/03/2026;31;11.138;901,54;10.041,27;10.485,07;1,5691;4.230;72,47;Peixe Pronto
APT;Próprio;QTR;R031;23/01/2026;23;13.355;900,75;12.029,72;14.782,48;2,0069;4.657;74,15;Peixe Pronto
APT;Próprio;QTR;R032;10/01/2026;31;8.238;905,31;7.457,63;8.553,55;1,8369;5.126;61,64;Peixe Pronto
APT;Próprio;QTR;R034;08/01/2026;30;11.006;904,17;9.950,95;11.403,90;1,8451;6.008;64,69;Peixe Pronto
APT;Próprio;QTR;R035;13/02/2026;30;10.036;903,71;9.069,88;10.435,23;1,7584;4.931;67,06;Peixe Pronto
APT;Próprio;QTR;R036;18/01/2026;29;9.637;900,99;8.683,18;10.733,52;1,9636;5.989;61,68;Peixe Pronto
APT;Próprio;QTR;R037;11/01/2026;22;11.103;900,81;10.001,55;11.441,46;1,9011;2.484;81,72;Peixe Pronto
APT;Próprio;QTR;R039;13/03/2026;32;14.145;904,73;12.797,48;13.310,18;1,5681;5.700;71,28;Peixe Pronto
APT;Próprio;QTR;R040;23/01/2026;30;9.475;904,14;8.567,11;10.611,25;1,9317;5.544;63,09;Peixe Pronto
APT;Próprio;QTR;R041;13/03/2026;31;14.833;904,73;13.420,11;13.957,76;1,5647;5.158;74,2;Peixe Pronto
APT;Próprio;QTR;R042;29/01/2026;29;12.993;900,48;11.699,79;14.387,21;1,903;6.730;65,88;Peixe Pronto
APT;Próprio;QTR;R043;14/02/2026;30;12.433;902,98;11.227,22;12.895,21;1,76;5.814;68,14;Peixe Pronto
APT;Próprio;QTR;R044;22/01/2026;30;11.484;903,47;10.375,26;12.871,09;1,9406;6.783;62,87;Peixe Pronto
APT;Próprio;QTR;R045;09/03/2026;31;13.797;903,72;12.468,36;12.986,82;1,5709;4.928;73,68;Peixe Pronto
APT;Próprio;QTR;R046;09/01/2026;30;11.815;904,74;10.689,37;12.255,18;1,8515;6.616;64,1;Peixe Pronto
APT;Próprio;QTR;R048;01/02/2026;29;7.777;901,04;7.007,71;8.584,95;1,8796;4.292;64,44;Peixe Pronto
APT;Próprio;QTR;R050;14/02/2026;30;12.419;902,98;11.214,30;12.880,37;1,7604;5.807;68,14;Peixe Pronto
APT;Próprio;QTR;R051;13/02/2026;30;12.561;903,71;11.351,44;13.060,25;1,7584;6.171;67,06;Peixe Pronto
APT;Próprio;QTR;R052;09/03/2026;30;15.059;903,72;13.609,47;14.175,38;1,5708;4.834;75,7;Peixe Pronto
APT;Próprio;QTR;R053;09/01/2026;30;14.073;904,74;12.732,33;14.597,40;1,8478;7.661;64,75;Peixe Pronto
APT;Próprio;QTR;R054;06/02/2026;30;10.562;903,15;9.539,29;11.624,83;1,8768;6.027;63,67;Peixe Pronto
APT;Próprio;QTR;R055;31/01/2026;30;10.728;905,24;9.711,36;11.952,79;1,8708;6.300;63;Peixe Pronto
APT;Próprio;QTR;R056;13/03/2026;31;15.419;904,73;13.949,70;14.508,57;1,5689;5.257;74,57;Peixe Pronto
APT;Próprio;QTR;R057;31/01/2026;30;11.844;905,24;10.721,39;13.195,95;1,8769;6.955;63;Peixe Pronto
APT;Próprio;QTR;R060;02/03/2026;31;11.726;901,54;10.571,16;11.038,39;1,5691;4.453;72,47;Peixe Pronto
APT;Próprio;QTR;R062;23/01/2026;30;9.308;904,14;8.415,38;10.423,32;1,9317;5.445;63,09;Peixe Pronto
APT;Próprio;QTR;R064;28/01/2026;30;11.672;903,82;10.549,05;13.011,40;1,8778;6.559;64,02;Peixe Pronto
APT;Próprio;QTR;R066;12/03/2026;32;11.156;905,01;10.096,68;10.509,25;1,5703;4.662;70,53;Peixe Pronto
APT;Próprio;QTR;R067;09/01/2026;30;11.392;904,74;10.306,43;11.816,14;1,8478;6.201;64,75;Peixe Pronto
APT;Próprio;QTR;R069;04/02/2026;30;11.443;901,66;10.317,41;12.593,37;1,8653;6.601;63,42;Peixe Pronto
APT;Próprio;QTR;R070;06/02/2026;30;12.353;903,15;11.156,87;13.596,06;1,8768;7.049;63,67;Peixe Pronto
APT;Próprio;QTR;R072;04/02/2026;30;11.644;901,66;10.499,24;12.815,32;1,8653;6.718;63,42;Peixe Pronto
APT;Próprio;QTR;R073;04/02/2026;30;11.176;901,66;10.076,69;12.299,55;1,8653;6.447;63,42;Peixe Pronto
APT;Próprio;QTR;R074;09/02/2026;31;7.023;903,85;6.347,96;7.760,00;1,867;4.634;60,25;Peixe Pronto
APT;Próprio;QTR;R075;11/01/2026;30;10.235;900,81;9.219,47;10.546,78;1,8343;5.683;64,3;Peixe Pronto
APT;Próprio;QTR;R077;12/03/2026;32;13.949;905,01;12.623,72;13.139,55;1,5703;5.828;70,53;Peixe Pronto
APT;Próprio;QTR;R078;19/02/2026;31;11.915;905,63;10.790,61;12.306,28;1,7233;5.837;67,12;Peixe Pronto
APT;Próprio;QTR;R080;16/03/2026;31;12.731;900,07;11.459,24;11.869,76;1,5638;4.574;73,57;Peixe Pronto
APT;Próprio;QTR;R081;20/02/2026;31;10.655;904,84;9.641,32;10.398,85;1,6306;4.434;70,62;Peixe Pronto
APT;Próprio;QTR;R082;21/02/2026;30;13.962;900,88;12.578,42;13.579,01;1,6324;4.975;73,73;Peixe Pronto
APT;Próprio;QTR;R083;22/02/2026;30;12.033;900,12;10.831,07;11.362,13;1,586;3.616;76,89;Peixe Pronto
APT;Próprio;QTR;R084;09/03/2026;31;14.599;903,72;13.193,02;13.741,62;1,5716;4.821;75,17;Peixe Pronto
APT;Próprio;QTR;T01;28/09/2025;23;29.737;901,03;26.794,23;8.979,34;2,0264;4.598;86,61;Peixe Pronto
APT;Próprio;QTR;T02;12/11/2025;22;36.018;905,62;32.618,20;24.805,94;2,0575;8.525;80,86;Peixe Pronto
APT;Próprio;QTR;T03;23/11/2025;23;39.814;903,43;35.968,95;31.392,26;2,0232;9.843;80,18;Peixe Pronto
APT;Próprio;QTR;T04;06/01/2026;21;48.737;903,02;44.009,98;50.074,48;1,931;10.547;82,21;Peixe Pronto
APT;Próprio;QTR;T05;24/10/2025;23;33.887;901,93;30.563,39;18.150,61;2,3141;12.048;73,77;Peixe Pronto
APT;Próprio;QTR;T06;27/12/2025;22;50.751;900,92;45.722,63;51.945,49;1,9914;12.358;80,42;Peixe Pronto
APT;Próprio;QTR;T07;01/12/2025;22;42.955;904,04;38.833,33;36.809,66;2,0512;9.716;81,55;Peixe Pronto
APT;Próprio;QTR;T08;19/10/2025;23;35.238;901,87;31.780,35;17.340,35;2,3274;12.697;73,51;Peixe Pronto
APT;Próprio;QTR;T09;31/10/2025;23;26.580;903,62;24.018,40;15.845,60;2,0984;6.440;80,5;Peixe Pronto
APT;Próprio;QTR;T10;04/11/2025;23;25.129;902,61;22.681,41;15.788,89;2,0642;6.010;80,7;Peixe Pronto
APT;Próprio;QTR;T11;13/12/2025;21;36.757;902,13;33.159,34;35.163,50;2,0532;8.134;81,88;Peixe Pronto
APT;Próprio;QTR;T12;29/01/2026;24;42.584;900,48;38.345,80;47.153,75;1,9663;16.243;72,39;Peixe Pronto
APT;Próprio;QTR;V01;03/04/2026;34;36.174;902,42;32.644,03;33.370,30;1,544;20.731;63,57;Peixe Pronto
APT;Próprio;QTR;V02;03/04/2026;40;32.458;901,11;29.248,31;29.870,26;1,5247;29.959;52;Peixe Pronto
APT;Próprio;QTR;V03;12/05/2026;41;30.350;901,09;27.347,67;26.649,74;1,481;34.910;46,51;Peixe Pronto
APT;Próprio;QTR;V05;05/03/2026;33;41.487;902,81;37.454,63;39.072,07;1,5715;18.611;69,03;Peixe Pronto
APT;Próprio;QTR;V06;03/04/2026;40;33.055;902,42;29.829,25;30.492,90;1,5325;29.619;52,74;Peixe Pronto
APT;Próprio;QTR;V07;30/03/2026;40;31.853;901,79;28.724,16;29.659,77;1,5491;30.551;51,04;Peixe Pronto
APT;Próprio;QTR;V08;02/04/2026;41;29.727;902,23;26.820,57;27.483,33;1,5368;32.357;47,88;Peixe Pronto
APT;Próprio;QTR;V09;03/04/2026;34;27.080;902,42;24.437,85;24.981,55;1,544;15.520;63,57;Peixe Pronto
APT;Próprio;QTR;V10;16/03/2026;33;35.096;900,07;31.588,93;32.720,57;1,5645;15.881;68,85;Peixe Pronto
APT;Próprio;QTR;V11;02/04/2026;41;30.291;903,63;27.371,84;28.270,84;1,5456;32.242;48,44;Peixe Pronto
APT;Próprio;QTR;V12;06/04/2026;35;36.915;905,01;33.408,73;34.197,80;1,5363;21.798;62,87;Peixe Pronto
APT;Próprio;QTR;V13;29/03/2026;33;34.672;901,67;31.263,29;32.544,07;1,5646;17.747;66,14;Peixe Pronto
APT;Próprio;QTR;V14;09/04/2026;41;29.484;900,16;26.540,13;26.840,85;1,5171;33.180;47,05;Peixe Pronto
APT;Próprio;QTR;V15;03/04/2026;34;37.491;902,42;33.832,57;34.585,29;1,5425;21.604;63,44;Peixe Pronto
APT;Próprio;QTR;V17;03/04/2026;41;29.069;902,42;26.232,39;26.816,01;1,532;33.126;46,74;Peixe Pronto
APT;Próprio;QTR;V18;02/04/2026;34;35.983;903,63;32.514,76;33.582,67;1,5566;20.167;64,08;Peixe Pronto
APT;Próprio;QTR;V19;06/04/2026;38;36.118;905,01;32.687,21;33.459,23;1,5281;25.872;58,26;Peixe Pronto
APT;Próprio;QTR;V20;20/01/2026;39;22.400;902,23;20.209,62;24.944,02;1,9153;28.754;43,79;Peixe Pronto
APT;Próprio;QTR;V22;26/04/2026;41;29.440;901,68;26.545,02;25.829,33;1,4791;33.452;46,81;Peixe Pronto
APT;Próprio;QTR;V23;12/05/2026;41;27.706;901,09;24.965,74;24.328,61;1,481;31.870;46,51;Peixe Pronto
APT;Próprio;QTR;V24;19/03/2026;35;40.750;905,34;36.892,46;38.298,88;1,5525;19.298;67,86;Peixe Pronto
APT;Próprio;QTR;V25;14/04/2026;39;30.095;902,36;27.156,14;27.220,80;1,5099;26.474;53,2;Peixe Pronto
APT;Próprio;QTR;V26;23/04/2026;41;29.894;900,45;26.918,31;26.312,99;1,4855;32.567;47,86;Peixe Pronto
APT;Próprio;QTR;V27;18/04/2026;40;31.814;903,36;28.739,30;28.598,83;1,4999;31.078;50,58;Peixe Pronto
APT;Próprio;QTR;V28;12/05/2026;41;30.348;901,09;27.346,41;26.648,52;1,481;34.909;46,51;Peixe Pronto
APT;Próprio;QTR;V29;03/04/2026;33;38.897;901,45;35.063,77;35.818,44;1,5394;20.296;65,71;Peixe Pronto
APT;Próprio;QTR;V30;12/05/2026;41;30.600;901,09;27.573,54;26.869,85;1,4811;35.199;46,51;Peixe Pronto
APT;Próprio;QTR;V31;10/04/2026;41;28.900;900,42;26.022,41;26.265,08;1,5144;33.774;46,11;Peixe Pronto
APT;Próprio;QTR;V32;26/03/2026;36;40.099;905,56;36.312,26;37.664,53;1,5507;20.400;66,28;Peixe Pronto
APT;Próprio;QTR;V33;26/05/2026;42;31.573;904,85;28.568,40;28.142,13;1,5091;38.187;45,26;Peixe Pronto
APT;Próprio;QTR;V34;26/05/2026;42;31.573;904,85;28.568,40;28.142,13;1,5091;38.187;45,26;Peixe Pronto
APT;Próprio;QTR;V35;31/03/2026;33;27.829;902,17;25.106,54;26.038,94;1,5639;14.036;66,47;Peixe Pronto
APT;Próprio;QTR;V37;01/04/2026;33;39.030;902,64;35.230,13;36.455,61;1,5613;20.219;65,87;Peixe Pronto
APT;Próprio;QTR;V38;03/04/2026;33;37.023;902,49;33.412,83;34.157,99;1,5472;19.603;65,38;Peixe Pronto
APT;Próprio;QTR;V39;02/04/2026;33;38.066;902,02;34.336,12;35.178,96;1,5503;19.864;65,71;Peixe Pronto
APT;Próprio;QTR;V40;22/03/2026;32;22.463;900,7;20.232,20;20.919,61;1,5604;9.949;69,3;Peixe Pronto
APT;Próprio;QTR;V41;26/03/2026;36;40.030;905,56;36.249,83;37.599,79;1,5507;20.365;66,28;Peixe Pronto
ITA;Parceria;RBK;RBE01;25/01/2026;24;17.873;900,16;16.088,88;21.167,32;2,3615;5.781;75,56;Peixe Pronto
ITA;Parceria;RBK;RBE02;22/12/2025;19;89.306;904,68;80.793,09;86.704,97;2,4038;14.551;85,99;Peixe Pronto
ITA;Parceria;RBK;RBE03;12/01/2026;22;89.963;904,51;81.372,67;98.313,79;2,1999;18.937;82,61;Peixe Pronto
ITA;Próprio;RBT;RBL01;01/10/2025;9;43.633;902,92;39.397,31;13.892,00;3,6886;469;98,94;Peixe Pronto
ITA;Próprio;RBT;RBL03;27/10/2025;12;38.600;901,33;34.791,41;20.854,28;4,8518;8.318;82,27;Peixe Pronto
ITA;Parceria;RIZ;RIZ01;17/02/2026;30;172.488;901,83;155.554,34;202.723,50;2,0601;75.684;69,5;Peixe Pronto
ITA;Parceria;RIZ;RIZ02;11/02/2026;29;241.929;900,54;217.866,25;285.941,35;2,139;116.822;67,44;Peixe Pronto
ITA;Parceria;RIZ;RIZ03;22/01/2026;26;130.480;903,96;117.948,94;155.576,11;2,2951;48.272;73;Peixe Pronto
ITA;Parceria;ROE;ROE01;13/09/2025;5;95.603;901,08;86.145,62;15.491,96;0;5.197;94,84;Peixe Pronto
ITA;Parceria;ROE;ROE02;09/09/2025;5;83.124;900,67;74.866,93;10.649,56;0;176;99,79;Peixe Pronto
ITA;Parceria;ROE;ROE04;27/08/2025;3;65.445;942,23;61.664,58;481,7545;0;5;99,99;Peixe Pronto
ITA;Parceria;ROE;ROE05;27/08/2025;3;17.221;904,3;15.573,15;121,6652;0;10;99,94;Peixe Pronto
ITA;Parceria;RPA;RPA01;31/05/2026;42;133.131;904,36;120.398,21;139.170,98;1,7325;106.869;55,47;Peixe Pronto
ITA;Parceria;RPA;RPA04;11/11/2025;13;107.510;903,29;97.113,09;70.904,00;3,1322;12.490;89,59;Peixe Pronto
APT;Próprio;SFS;E200;25/11/2025;24;2.029;904,67;1.836,01;1.637,87;2,0047;538;79,06;Peixe Pronto
APT;Próprio;SFS;E201;05/01/2026;27;4.314;902,44;3.893,58;4.428,29;1,8853;1.873;69,73;Peixe Pronto
APT;Próprio;SFS;E202;31/12/2025;23;4.824;903,22;4.357,12;4.989,90;1,9542;1.235;79,62;Peixe Pronto
APT;Próprio;SFS;E203;13/12/2025;29;4.171;902,13;3.762,33;3.989,31;1,962;2.123;66,26;Peixe Pronto
APT;Próprio;SFS;E205;20/12/2025;23;4.428;901;3.989,32;4.475,37;2,0312;1.326;76,95;Peixe Pronto
APT;Próprio;SFS;E206;11/12/2025;29;3.766;900,91;3.392,41;3.535,33;1,9675;1.743;68,35;Peixe Pronto
APT;Próprio;SFS;E208;11/12/2025;25;4.320;904,89;3.909,04;4.083,64;2,053;1.548;73,62;Peixe Pronto
APT;Próprio;SFS;E209;07/11/2025;27;2.844;900,26;2.560,15;1.859,49;2,017;1.195;70,41;Peixe Pronto
APT;Próprio;SFS;E211;30/12/2025;27;4.098;902,64;3.698,69;4.207,24;1,9414;1.702;70,65;Peixe Pronto
APT;Próprio;SFS;E212;13/12/2025;25;3.160;902,13;2.850,73;3.022,71;2,0477;1.167;73,03;Peixe Pronto
APT;Próprio;SFS;E213;04/02/2026;26;2.886;901,66;2.601,85;3.175,80;1,9277;1.185;70,88;Peixe Pronto
APT;Próprio;SFS;E215;07/01/2026;26;4.388;903,59;3.964,54;4.541,53;1,9033;1.723;71,8;Peixe Pronto
APT;Próprio;SFS;E217;24/11/2025;29;4.045;904,05;3.657,23;3.227,12;1,9635;1.933;67,67;Peixe Pronto
APT;Próprio;SFS;E218;22/01/2026;27;3.524;903,47;3.183,46;3.949,26;1,9656;1.696;67,5;Peixe Pronto
APT;Próprio;SFS;E219;09/01/2026;29;3.903;904,74;3.530,77;4.047,97;1,857;1.864;67,67;Peixe Pronto
APT;Próprio;SFS;E220;03/01/2026;27;4.623;901,28;4.166,20;4.734,42;1,8959;2.019;69,6;Peixe Pronto
APT;Próprio;SFS;E221;22/01/2026;28;3.737;903,47;3.376,53;4.188,77;1,9549;1.940;65,83;Peixe Pronto
APT;Próprio;SFS;E222;06/11/2025;27;3.117;904,26;2.818,23;2.013,51;2,0333;1.283;70,83;Peixe Pronto
APT;Próprio;SFS;E223;11/11/2025;29;4.327;904,97;3.915,87;2.937,82;1,9944;1.950;68,94;Peixe Pronto
APT;Próprio;SFS;E224;09/02/2026;29;3.771;903,85;3.408,74;4.166,98;1,8796;1.971;65,68;Peixe Pronto
APT;Próprio;SFS;E226;04/11/2025;29;1.101;902,61;993,8;691,7358;2,0024;501;68,73;Peixe Pronto
APT;Próprio;SFS;E229;17/01/2026;28;3.690;900,37;3.322,18;3.990,50;1,925;1.947;65,46;Peixe Pronto
APT;Próprio;SFS;E230;14/01/2026;26;4.645;903,89;4.198,86;4.811,00;1,8674;1.767;72,45;Peixe Pronto
APT;Próprio;SFS;E232;02/01/2026;23;2.711;904,37;2.451,42;2.809,77;1,952;680;79,94;Peixe Pronto
APT;Próprio;SFS;E233;30/11/2025;25;1.689;902,56;1.524,81;1.440,57;2,0498;622;73,1;Peixe Pronto
APT;Próprio;SFS;E234;01/12/2025;27;4.029;904,04;3.642,50;3.452,68;2,0105;1.594;71,65;Peixe Pronto
APT;Próprio;SFS;E236;29/12/2025;27;5.004;902,06;4.513,70;5.132,18;1,9376;2.107;70,37;Peixe Pronto
APT;Próprio;SFS;E237;31/12/2025;26;4.389;903,22;3.964,50;4.540,26;1,9358;1.817;70,73;Peixe Pronto
APT;Próprio;SFS;E238;01/03/2026;30;1.085;901,95;978,34;1.022,60;1,5782;342;76,01;Peixe Pronto
APT;Próprio;SFS;E239;20/12/2025;24;4.786;901;4.312,28;4.837,46;2,0458;1.592;75,04;Peixe Pronto
APT;Próprio;SFS;E240;07/01/2026;27;4.621;903,59;4.175,34;4.783,01;1,8875;1.913;70,72;Peixe Pronto
APT;Próprio;SFS;E241;22/11/2025;28;4.198;902,8;3.790,07;3.270,72;1,962;1.792;70,09;Peixe Pronto
APT;Próprio;SFS;E242;07/11/2025;24;3.207;900,26;2.887,42;2.097,28;2,051;860;78,86;Peixe Pronto
APT;Próprio;SFS;E243;08/01/2026;25;1.500;904,17;1.356,59;1.554,67;1,9274;534;73,76;Peixe Pronto
APT;Próprio;SFS;E244;26/12/2025;25;4.305;900,37;3.876,52;4.402,36;1,9887;1.632;72,52;Peixe Pronto
APT;Próprio;SFS;E245;19/12/2025;28;4.742;900,48;4.270,32;4.756,84;1,989;2.280;67,53;Peixe Pronto
APT;Próprio;SFS;E246;25/11/2025;29;1.641;904,67;1.484,13;1.323,96;1,9598;793;67,4;Peixe Pronto
APT;Próprio;SFS;E248;09/01/2026;26;3.849;904,74;3.482,21;3.992,29;1,896;1.501;71,94;Peixe Pronto
APT;Próprio;SFS;E250;07/11/2025;29;3.918;900,26;3.527,25;2.561,91;1,9901;1.869;67,7;Peixe Pronto
APT;Próprio;SFS;E251;12/12/2025;26;3.495;901,51;3.151,20;3.312,63;2,0033;1.393;71,51;Peixe Pronto
APT;Próprio;SFS;E252;23/01/2026;26;3.504;904,14;3.168,10;3.924,02;1,9913;1.520;69,75;Peixe Pronto
APT;Próprio;SFS;E253;22/01/2026;28;4.085;903,47;3.690,29;4.578,02;1,9664;2.070;66,36;Peixe Pronto
APT;Próprio;SFS;E256;28/12/2025;29;3.235;901,49;2.916,08;3.314,30;1,9051;1.691;65,67;Peixe Pronto
APT;Próprio;SFS;E257;30/11/2025;27;2.533;902,56;2.285,74;2.159,45;2,0099;1.048;70,72;Peixe Pronto
APT;Próprio;SFS;E258;26/10/2025;28;3.234;903,7;2.922,27;1.791,46;2,2291;1.760;64,75;Peixe Pronto
APT;Próprio;SFS;E260;07/12/2025;26;2.960;902,48;2.671,01;2.692,37;2,0081;1.158;71,87;Peixe Pronto
APT;Próprio;SFS;E261;22/12/2025;28;3.831;902,04;3.455,91;3.930,31;1,9814;1.808;67,94;Peixe Pronto
APT;Próprio;SFS;E263;15/12/2025;28;4.649;903,32;4.199,33;4.528,97;1,9824;2.071;69,18;Peixe Pronto
APT;Próprio;SFS;E264;10/01/2026;26;4.541;900,26;4.088,04;4.674,75;1,8719;1.797;71,65;Peixe Pronto
APT;Próprio;SFS;E266;28/11/2025;27;3.571;901,42;3.219,21;2.980,49;2,0189;1.433;71,37;Peixe Pronto
APT;Próprio;SFS;E267;25/11/2025;24;5.083;904,67;4.598,00;4.101,78;2,0234;1.476;77,49;Peixe Pronto
APT;Próprio;SFS;E268;21/12/2025;26;3.544;901,52;3.195,07;3.608,99;2,0143;1.457;70,87;Peixe Pronto
APT;Próprio;SFS;E269;04/12/2025;30;4.528;900,73;4.078,79;3.997,87;1,9698;2.265;66,66;Peixe Pronto
APT;Próprio;SFS;E270;26/12/2025;25;4.436;905,44;4.016,11;4.574,82;1,9902;1.705;72,23;Peixe Pronto
APT;Próprio;SFS;E271;16/01/2026;27;4.950;904,88;4.479,45;5.136,11;1,8473;2.015;71,07;Peixe Pronto
APT;Próprio;SFS;E272;02/11/2025;26;1.814;905,32;1.642,29;1.114,20;2,0612;690;72,45;Peixe Pronto
APT;Próprio;SFS;E273;23/12/2025;25;3.663;903,82;3.310,77;3.743,15;1,9981;1.475;71,29;Peixe Pronto
APT;Próprio;SFS;E274;26/12/2025;29;2.703;900,37;2.433,27;2.763,33;1,9245;1.392;66;Peixe Pronto
APT;Próprio;SFS;E275;30/12/2025;29;4.474;902,64;4.038,16;4.593,38;1,9083;2.217;66,86;Peixe Pronto
APT;Próprio;SFS;E276;26/12/2025;25;4.352;905,44;3.940,28;4.488,45;1,9921;1.661;72,37;Peixe Pronto
APT;Próprio;SFS;E278;19/11/2025;29;4.650;905,12;4.208,89;3.514,03;1,979;2.055;69,35;Peixe Pronto
APT;Próprio;SFS;E279;30/11/2025;26;4.114;902,56;3.713,28;3.508,12;2,0331;1.599;72,01;Peixe Pronto
APT;Próprio;SFS;E280;11/12/2025;28;3.793;900,91;3.417,52;3.561,50;1,9673;1.674;69,39;Peixe Pronto
APT;Próprio;SFS;E282;30/10/2025;27;3.501;902,77;3.160,55;2.055,34;2,0624;1.412;71,26;Peixe Pronto
APT;Próprio;SFS;E285;28/10/2025;28;3.716;905,45;3.364,26;2.126,71;2,1185;1.749;67,99;Peixe Pronto
APT;Próprio;SFS;E286;25/10/2025;27;1.127;902,82;1.017,73;614,1265;2,25;594;65,5;Peixe Pronto
APT;Próprio;SFS;E288;21/11/2025;26;4.008;902,16;3.615,45;3.084,70;1,9973;1.485;72,96;Peixe Pronto
APT;Próprio;SFS;E289;07/11/2025;28;4.435;900,26;3.992,80;2.900,05;2,0136;1.941;69,56;Peixe Pronto
APT;Próprio;SFS;E290;10/01/2026;24;3.918;905,31;3.546,85;4.068,06;1,9208;1.372;74,06;Peixe Pronto
APT;Próprio;SFS;E291;26/12/2025;26;2.268;900,37;2.041,84;2.318,81;1,9705;961;70,23;Peixe Pronto
APT;Próprio;SFS;E292;31/10/2025;28;2.438;903,62;2.203,23;1.453,38;2,0435;1.076;69,39;Peixe Pronto
APT;Próprio;SFS;E293;08/10/2025;25;4.585;901,09;4.131,59;1.791,18;2,163;1.341;77,37;Peixe Pronto
APT;Próprio;SFS;E295;07/01/2026;23;3.881;903,59;3.507,21;4.017,64;1,9217;1.098;77,96;Peixe Pronto
APT;Próprio;SFS;E296;31/12/2025;21;5.302;903,22;4.788,53;5.483,96;1,9809;1.147;82,21;Peixe Pronto
APT;Próprio;SFS;E298;18/01/2026;24;4.773;900,99;4.300,76;5.316,29;2,0637;2.103;69,42;Peixe Pronto
APT;Próprio;SFS;E299;13/10/2025;26;2.462;900,9;2.217,72;1.078,34;2,1711;885;73,55;Peixe Pronto
APT;Próprio;SFS;E300;22/11/2025;29;2.814;902,8;2.540,07;2.192,00;1,9611;1.294;68,49;Peixe Pronto
APT;Próprio;SFS;E301;18/01/2026;26;3.044;900,99;2.742,18;3.389,69;2,0226;1.492;67,1;Peixe Pronto
APT;Próprio;SFS;E302;18/10/2025;26;3.821;900,96;3.442,16;1.844,03;2,1487;1.503;71,76;Peixe Pronto
APT;Próprio;SFS;E303;15/01/2026;23;2.535;904,39;2.292,85;2.628,04;1,868;605;80,74;Peixe Pronto
APT;Próprio;SFS;E304;07/11/2025;24;1.608;905,08;1.454,97;1.052,92;2,0503;451;78,07;Peixe Pronto
APT;Próprio;SFS;E305;18/01/2026;25;3.504;900,99;3.157,32;3.902,84;2,0376;1.610;68,52;Peixe Pronto
APT;Próprio;SFS;E306;04/01/2026;26;4.706;901,86;4.244,11;4.824,96;1,9133;1.888;71,37;Peixe Pronto
APT;Próprio;SFS;E307;01/11/2025;26;2.880;904,47;2.604,67;1.742,75;2,0674;1.105;72,27;Peixe Pronto
APT;Próprio;SFS;E308;25/01/2026;27;4.434;902,05;3.999,55;4.909,06;1,9198;2.000;68,91;Peixe Pronto
APT;Próprio;SFS;E309;15/11/2025;29;3.640;902,56;3.285,69;2.611,68;1,9693;1.745;67,6;Peixe Pronto
APT;Próprio;SFS;E311;09/02/2026;27;2.744;903,85;2.480,34;3.032,07;1,9027;1.226;69,12;Peixe Pronto
APT;Próprio;SFS;E313;11/11/2025;29;4.408;904,97;3.989,48;2.993,05;1,9952;1.987;68,94;Peixe Pronto
APT;Próprio;SFS;E315;17/12/2025;28;3.267;904,47;2.954,67;3.233,67;1,9785;1.498;68,56;Peixe Pronto
APT;Próprio;SFS;E316;01/12/2025;30;3.778;904,04;3.415,45;3.237,25;1,9539;1.981;65,6;Peixe Pronto
APT;Próprio;SFS;E317;26/11/2025;29;1.944;900,25;1.750,18;1.585,31;1,9579;952;67,13;Peixe Pronto
APT;Próprio;SFS;E318;15/11/2025;27;1.242;902,56;1.121,19;891,2329;1,9933;496;71,47;Peixe Pronto
APT;Próprio;SFS;E319;02/11/2025;26;2.334;905,32;2.113,25;1.433,65;2,0764;901;72,16;Peixe Pronto
APT;Próprio;SFS;E320;26/01/2026;28;4.157;902,65;3.752,37;4.603,12;1,9125;2.050;66,97;Peixe Pronto
APT;Próprio;SFS;E321;01/12/2025;29;3.202;904,04;2.894,76;2.743,72;1,9762;1.525;67,74;Peixe Pronto
APT;Próprio;SFS;E323;26/11/2025;31;2.434;905,27;2.203,18;1.986,42;1,9488;1.317;64,88;Peixe Pronto
APT;Próprio;SFS;E324;12/02/2026;28;4.661;904,61;4.216,33;5.136,94;1,8969;2.143;68,5;Peixe Pronto
APT;Próprio;SFS;E325;14/11/2025;28;3.594;901,92;3.241,95;2.544,20;1,9923;1.589;69,35;Peixe Pronto
APT;Próprio;SFS;E326;30/11/2025;30;3.813;902,56;3.441,34;3.251,20;1,9616;2.005;65,54;Peixe Pronto
APT;Próprio;SFS;E327;29/11/2025;30;2.269;901,99;2.046,87;1.914,39;1,9732;1.166;66,06;Peixe Pronto
APT;Próprio;SFS;E329;16/11/2025;29;4.227;903,21;3.818,06;3.073,36;1,9696;1.973;68,18;Peixe Pronto
APT;Próprio;SFS;E331;17/11/2025;25;2.099;903,84;1.897,41;1.546,38;2,0325;754;73,58;Peixe Pronto
APT;Próprio;SFS;E332;03/12/2025;30;2.767;905,18;2.504,58;2.420,67;1,9491;1.472;65,27;Peixe Pronto
APT;Próprio;SFS;E333;13/12/2025;27;2.211;902,13;1.994,25;2.114,56;1,9951;940;70,16;Peixe Pronto
APT;Próprio;SFS;E334;18/11/2025;30;2.978;904,48;2.693,22;2.221,79;1,9514;1.431;67,54;Peixe Pronto
APT;Próprio;SFS;E335;01/02/2026;29;3.233;901,04;2.913,11;3.568,76;1,8829;1.759;64,76;Peixe Pronto
APT;Próprio;SFS;E336;29/12/2025;25;4.645;902,06;4.189,97;4.764,09;1,9703;1.728;72,88;Peixe Pronto
APT;Próprio;SFS;E338;05/11/2025;23;3.791;903,44;3.425,30;2.415,94;2,0476;964;79,74;Peixe Pronto
APT;Próprio;SFS;E339;02/11/2025;25;2.431;905,32;2.200,85;1.493,15;2,0659;799;75,26;Peixe Pronto
APT;Próprio;SFS;E340;30/11/2025;26;4.218;902,56;3.806,60;3.596,28;2,0172;1.621;72,23;Peixe Pronto
APT;Próprio;SFS;E342;08/11/2025;28;3.271;901,08;2.947,43;2.167,80;1,9952;1.474;68,94;Peixe Pronto
APT;Próprio;SFS;E346;11/01/2026;27;4.559;900,81;4.106,49;4.697,70;1,8615;1.952;70,02;Peixe Pronto
APT;Próprio;SFS;E347;06/12/2025;28;3.830;901,89;3.454,17;3.449,69;1,9786;1.662;69,74;Peixe Pronto
APT;Próprio;SFS;E348;13/12/2025;28;3.187;902,13;2.875,46;3.048,93;1,9879;1.439;68,9;Peixe Pronto
APT;Próprio;SFS;E350;23/01/2026;28;4.511;900,75;4.063,31;4.993,12;1,9253;2.242;66,8;Peixe Pronto
APT;Próprio;SFS;E351;02/11/2025;29;1.541;900,52;1.387,92;945,2133;2,0203;697;68,87;Peixe Pronto
APT;Próprio;SFS;E352;22/10/2025;27;3.498;900,14;3.148,47;1.808,53;2,2672;1.818;65,8;Peixe Pronto
APT;Próprio;SFS;E353;11/12/2025;24;1.164;900,91;1.048,95;1.093,14;2,0303;366;76,1;Peixe Pronto
APT;Próprio;SFS;E354;29/11/2025;24;3.761;901,99;3.392,33;3.172,99;2,0412;1.191;75,95;Peixe Pronto
APT;Próprio;SFS;E355;14/01/2026;23;6.672;903,89;6.031,19;6.910,44;1,8685;1.559;81,06;Peixe Pronto
APT;Próprio;SFS;E356;14/12/2025;27;1.949;902,73;1.759,58;1.881,75;2,0162;818;70,44;Peixe Pronto
APT;Próprio;SFS;E357;02/12/2025;25;2.321;904,61;2.099,97;2.010,03;2,0457;826;73,77;Peixe Pronto
APT;Próprio;SFS;E451;17/11/2025;24;1.089;903,84;984,41;802,2899;2,0193;299;78,47;Peixe Pronto
APT;Próprio;SFS;E452;29/01/2026;26;1.394;900,48;1.254,93;1.543,19;1,9437;582;70,53;Peixe Pronto
APT;Próprio;SFS;E453;11/12/2025;28;1.178;900,91;1.061,51;1.106,23;1,9802;515;69,6;Peixe Pronto
APT;Próprio;SFS;E454;14/11/2025;24;1.238;901,92;1.116,74;876,4251;2,0297;336;78,66;Peixe Pronto
APT;Próprio;SFS;E455;25/01/2026;25;1.406;902,05;1.268,18;1.556,57;1,9663;544;72,1;Peixe Pronto
APT;Próprio;SFS;E456;29/12/2025;25;1.321;902,06;1.191,97;1.355,30;1,975;492;72,88;Peixe Pronto
APT;Próprio;SFS;E457;19/11/2025;25;1.348;905,12;1.219,73;1.018,36;2,026;406;76,83;Peixe Pronto
APT;Próprio;SFS;E458;29/12/2025;25;1.052;902,06;949,37;1.079,45;1,975;392;72,88;Peixe Pronto
APT;Próprio;SFS;E459;17/01/2026;27;930;900,37;837,52;1.006,00;1,9358;449;67,45;Peixe Pronto
APT;Próprio;SFS;E460;19/01/2026;27;1.223;901,61;1.102,49;1.361,76;1,9865;643;65,53;Peixe Pronto
APT;Próprio;SFS;E461;20/10/2025;27;1.169;902,77;1.055,14;586,0961;2,2668;602;66;Peixe Pronto
APT;Próprio;SFS;E462;19/09/2025;22;1.578;902,1;1.423,36;347,7418;2,0279;205;88,49;Peixe Pronto
APT;Próprio;SFS;E463;28/10/2025;27;397;901,04;358,14;226,1303;2,0639;158;71,62;Peixe Pronto
APT;Próprio;SFS;E464;08/12/2025;21;563;903,08;508,83;517,5902;2,0536;121;82,37;Peixe Pronto
APT;Próprio;SFS;E465;28/01/2026;26;1.214;903,82;1.096,95;1.353,00;1,9425;494;71,06;Peixe Pronto
APT;Próprio;SFS;E467;13/12/2025;28;1.116;902,13;1.006,43;1.067,14;1,9771;508;68,7;Peixe Pronto
APT;Próprio;SFS;E468;19/11/2025;25;1.068;905,12;966,65;807,0645;2,0224;351;75,26;Peixe Pronto
APT;Próprio;SFS;E469;04/01/2026;24;1.312;901,86;1.183,11;1.345,04;1,9419;470;73,62;Peixe Pronto
APT;Próprio;SFS;E473;15/01/2026;29;1.253;904,39;1.133,28;1.298,96;1,8336;584;68,21;Peixe Pronto
APT;Próprio;SFS;E475;30/10/2025;28;401;902,77;362,16;235,5193;2,0467;174;69,77;Peixe Pronto
APT;Próprio;SFS;E476;16/09/2025;22;1.598;903,96;1.444,30;310,2418;2,0263;194;89,16;Peixe Pronto
APT;Próprio;SFS;E478;17/10/2025;26;1.299;904,78;1.175,47;615,4568;2,1444;506;71,98;Peixe Pronto
APT;Próprio;SFS;E479;15/11/2025;29;933;902,56;842,03;669,2963;1,9767;436;68,15;Peixe Pronto
APT;Próprio;SFS;E481;12/12/2025;28;1.250;901,51;1.127,22;1.184,96;1,9761;552;69,39;Peixe Pronto
APT;Próprio;SFS;E482;14/01/2026;27;1.557;903,89;1.407,06;1.612,19;1,8503;631;71,15;Peixe Pronto
APT;Próprio;SFS;E483;08/01/2026;27;1.342;904,17;1.213,11;1.390,24;1,8742;559;70,58;Peixe Pronto
APT;Próprio;SFS;E486;19/01/2026;27;1.243;901,61;1.120,80;1.384,39;1,984;654;65,53;Peixe Pronto
APT;Próprio;SFS;E487;13/01/2026;26;1.342;903,38;1.212,19;1.388,40;1,8605;529;71,72;Peixe Pronto
APT;Próprio;SFS;E489;17/01/2026;26;1.602;905,49;1.450,44;1.661,60;1,8492;617;72,19;Peixe Pronto
APT;Próprio;SFS;E490;17/01/2026;28;1.265;900,37;1.138,63;1.367,69;1,9283;667;65,46;Peixe Pronto
APT;Próprio;SFS;E492;14/11/2025;24;1.446;901,92;1.304,18;1.023,53;2,0359;383;79,06;Peixe Pronto
APT;Próprio;SFS;E493;17/10/2025;26;1.387;904,78;1.254,92;657,0555;2,1343;540;71,98;Peixe Pronto
APT;Próprio;SFS;E494;09/01/2026;28;1.300;904,74;1.176,20;1.348,49;1,8686;568;69,6;Peixe Pronto
APT;Próprio;SFS;E495;29/11/2025;26;1.325;901,99;1.194,89;1.117,63;2,0144;509;72,23;Peixe Pronto
APT;Próprio;SFS;E496;12/12/2025;28;962;901,51;866,89;911,2957;1,9709;428;69,18;Peixe Pronto
APT;Próprio;SFS;E497;02/11/2025;28;1.035;905,32;937,22;635,8182;2,0354;460;69,25;Peixe Pronto
APT;Próprio;SFS;E498;17/11/2025;18;763;903,84;689,42;561,9259;2,1316;132;85,23;Peixe Pronto
APT;Próprio;SFS;E499;03/02/2026;28;1.621;902,5;1.463,08;1.789,37;1,8946;808;66,74;Peixe Pronto
APT;Próprio;SFS;E500;13/01/2026;29;940;903,38;849,24;972,6909;1,8308;452;67,53;Peixe Pronto
APT;Próprio;SFS;E501;27/11/2025;31;1.210;900,84;1.089,60;997,2906;1,9489;673;64,24;Peixe Pronto
APT;Próprio;SFS;E502;07/11/2025;28;737;900,26;663,8;482,128;2,0184;323;69,56;Peixe Pronto
APT;Próprio;SFS;E503;20/10/2025;27;1.165;902,77;1.051,56;584,0714;2,2804;600;66;Peixe Pronto
APT;Próprio;SFS;E504;01/10/2025;24;1.044;903,77;943,78;343,5489;2,0129;169;86,09;Peixe Pronto
APT;Próprio;SFS;ET02;17/10/2025;26;28.605;904,78;25.881,78;13.551,30;2,1579;11.138;71,98;Peixe Pronto
APT;Próprio;SFS;ET03;29/11/2025;27;26.497;901,99;23.900,20;22.353,32;2,0085;11.083;70,51;Peixe Pronto
APT;Próprio;SFS;ET04;26/11/2025;27;20.327;905,27;18.401,27;16.592,04;1,995;7.984;71,8;Peixe Pronto
APT;Próprio;SFS;ET05;15/10/2025;26;23.227;902,97;20.973,44;10.564,71;2,1585;8.947;72,19;Peixe Pronto
APT;Próprio;SFS;ET07;06/11/2025;29;24.645;904,26;22.285,87;15.922,36;2,0064;11.214;68,73;Peixe Pronto
APT;Próprio;SFS;ET10;25/02/2026;29;28.490;901,2;25.675,25;26.896,56;1,5847;8.321;77,4;Peixe Pronto
APT;Próprio;SFS;ET11;15/01/2026;25;21.317;904,39;19.278,99;22.097,41;1,8865;7.380;74,28;Peixe Pronto
APT;Próprio;SFS;ET17;25/12/2025;27;16.843;904,89;15.241,09;17.354,61;1,9725;7.405;69,46;Peixe Pronto
APT;Próprio;SFS;ET18;18/11/2025;27;27.965;904,48;25.294,10;20.866,49;1,9821;11.377;71,08;Peixe Pronto
APT;Próprio;SFS;ET19;16/11/2025;28;28.642;903,21;25.869,58;20.823,75;1,9688;12.348;69,88;Peixe Pronto
APT;Próprio;SFS;ET20;10/12/2025;26;30.088;904,28;27.207,80;28.175,29;2,0004;11.902;71,65;Peixe Pronto
APT;Próprio;SFS;M2;18/03/2026;31;30.663;900,98;27.626,95;28.618,36;1,5877;9.988;75,43;Peixe Pronto
APT;Próprio;SFS;M3;31/03/2026;33;23.735;902,17;21.412,97;22.208,20;1,5639;11.971;66,47;Peixe Pronto
APT;Próprio;SFS;M4;21/03/2026;31;31.063;900,6;27.974,89;28.933,75;1,5757;11.073;73,72;Peixe Pronto
APT;Próprio;SFS;M5;25/03/2026;32;31.106;901,93;28.055,23;29.012,56;1,5745;11.685;72,69;Peixe Pronto
APT;Próprio;SFS;M6;12/03/2026;31;42.885;905,01;38.811,68;40.397,58;1,5744;13.907;75,51;Peixe Pronto
APT;Próprio;SFS;R001;09/01/2026;29;3.270;904,74;2.958,66;3.392,06;1,8602;1.621;66,86;Peixe Pronto
APT;Próprio;SFS;R002;07/02/2026;29;4.630;902,23;4.177,07;4.836,93;1,7788;2.117;68,62;Peixe Pronto
APT;Próprio;SFS;R004;09/01/2026;29;3.207;904,74;2.901,80;3.326,86;1,8602;1.590;66,86;Peixe Pronto
APT;Próprio;SFS;R005;11/01/2026;28;4.043;900,81;3.642,07;4.166,42;1,8466;1.890;68,15;Peixe Pronto
APT;Próprio;SFS;R006;14/02/2026;30;4.466;902,98;4.032,66;4.631,78;1,7589;2.121;67,8;Peixe Pronto
APT;Próprio;SFS;R007;04/01/2026;29;3.057;901,86;2.756,92;3.134,24;1,8702;1.538;66,53;Peixe Pronto
APT;Próprio;SFS;R008;27/01/2026;29;3.174;903,24;2.866,53;3.514,55;1,8935;1.697;65,15;Peixe Pronto
APT;Próprio;SFS;R009;11/01/2026;28;3.653;900,81;3.290,33;3.764,03;1,8466;1.707;68,15;Peixe Pronto
APT;Próprio;SFS;R010;04/02/2026;29;4.409;901,66;3.975,36;4.852,30;1,8787;2.324;65,48;Peixe Pronto
APT;Próprio;SFS;R011;27/01/2026;29;3.263;903,24;2.947,15;3.613,39;1,8935;1.745;65,15;Peixe Pronto
APT;Próprio;SFS;R012;29/01/2026;29;3.495;900,48;3.147,44;3.870,40;1,8978;1.875;65,09;Peixe Pronto
APT;Próprio;SFS;R013;04/01/2026;29;3.135;901,86;2.827,12;3.214,04;1,8702;1.577;66,53;Peixe Pronto
APT;Próprio;SFS;R014;20/02/2026;29;5.654;904,84;5.116,13;5.518,11;1,6383;1.825;75,6;Peixe Pronto
APT;Próprio;SFS;R016;11/01/2026;28;3.789;900,81;3.413,10;3.904,48;1,8466;1.771;68,15;Peixe Pronto
APT;Próprio;SFS;R017;29/01/2026;29;3.561;900,48;3.206,64;3.943,20;1,8978;1.910;65,09;Peixe Pronto
APT;Próprio;SFS;R018;27/01/2026;29;3.512;903,24;3.171,95;3.889,02;1,8935;1.878;65,15;Peixe Pronto
APT;Próprio;SFS;R019;07/02/2026;29;3.939;902,23;3.553,64;4.115,01;1,7788;1.801;68,62;Peixe Pronto
APT;Próprio;SFS;R020;09/01/2026;29;3.269;904,74;2.957,45;3.390,67;1,8602;1.620;66,86;Peixe Pronto
APT;Próprio;SFS;R022;20/02/2026;29;5.703;904,84;5.160,60;5.566,07;1,6383;1.841;75,6;Peixe Pronto
APT;Próprio;SFS;R023;08/01/2026;29;3.300;904,17;2.984,03;3.419,73;1,8636;1.641;66,79;Peixe Pronto
APT;Próprio;SFS;R025;29/01/2026;29;3.734;900,48;3.361,96;4.134,19;1,8978;2.002;65,09;Peixe Pronto
APT;Próprio;SFS;R026;04/01/2026;29;3.286;901,86;2.963,92;3.369,56;1,8702;1.654;66,53;Peixe Pronto
APT;Próprio;SFS;R027;19/02/2026;31;4.290;905,63;3.884,73;4.430,39;1,7183;2.037;67,8;Peixe Pronto
APT;Próprio;SFS;R028;27/01/2026;29;3.501;903,24;3.162,54;3.877,47;1,8935;1.873;65,15;Peixe Pronto
APT;Próprio;SFS;R029;11/01/2026;28;3.153;900,81;2.840,36;3.249,29;1,8466;1.474;68,15;Peixe Pronto
APT;Próprio;SFS;R030;29/01/2026;29;3.228;900,48;2.906,55;3.574,17;1,8978;1.731;65,09;Peixe Pronto
APT;Próprio;SFS;R031;08/01/2026;29;3.143;904,17;2.842,10;3.257,08;1,8636;1.563;66,79;Peixe Pronto
APT;Próprio;SFS;R032;29/01/2026;31;1.489;900,48;1.341,08;1.649,12;1,8829;978;60,37;Peixe Pronto
APT;Próprio;SFS;R033;07/02/2026;29;4.097;902,23;3.696,03;4.279,90;1,7788;1.873;68,62;Peixe Pronto
APT;Próprio;SFS;R034;29/01/2026;31;2.999;900,48;2.700,64;3.320,97;1,8829;1.969;60,37;Peixe Pronto
APT;Próprio;SFS;R035;29/01/2026;31;2.508;900,48;2.258,15;2.776,84;1,8829;1.646;60,37;Peixe Pronto
APT;Próprio;SFS;R036;29/01/2026;31;2.846;900,48;2.562,57;3.151,18;1,8829;1.868;60,37;Peixe Pronto
APT;Próprio;SFS;R037;04/01/2026;29;3.187;901,86;2.874,52;3.267,93;1,8702;1.604;66,53;Peixe Pronto
APT;Próprio;SFS;R038;14/02/2026;30;4.138;902,98;3.736,35;4.291,44;1,7589;1.965;67,8;Peixe Pronto
APT;Próprio;SFS;R039;07/02/2026;29;4.075;902,23;3.676,22;4.256,96;1,7788;1.863;68,62;Peixe Pronto
APT;Próprio;SFS;R040;11/01/2026;28;3.070;900,81;2.765,47;3.163,61;1,8466;1.435;68,15;Peixe Pronto
APT;Próprio;SFS;R041;27/01/2026;29;3.452;903,24;3.118,40;3.823,36;1,8935;1.847;65,15;Peixe Pronto
APT;Próprio;SFS;R042;29/01/2026;31;3.360;900,48;3.025,72;3.720,72;1,8829;2.206;60,37;Peixe Pronto
APT;Próprio;SFS;R044;04/01/2026;29;3.225;901,86;2.908,12;3.306,13;1,8702;1.622;66,53;Peixe Pronto
APT;Próprio;SFS;R045;08/01/2026;29;3.185;904,17;2.880,15;3.300,68;1,8636;1.584;66,79;Peixe Pronto
APT;Próprio;SFS;R046;19/02/2026;31;4.550;905,63;4.120,51;4.699,28;1,7183;2.161;67,8;Peixe Pronto
APT;Próprio;SFS;R047;13/01/2026;29;3.821;903,38;3.451,88;3.953,65;1,8294;1.837;67,53;Peixe Pronto
APT;Próprio;SFS;R048;07/02/2026;29;4.543;902,23;4.099,06;4.746,60;1,7788;2.078;68,62;Peixe Pronto
APT;Próprio;SFS;R049;19/02/2026;31;4.487;905,63;4.063,41;4.634,16;1,7183;2.131;67,8;Peixe Pronto
APT;Próprio;SFS;R050;27/01/2026;29;3.595;903,24;3.246,69;3.980,65;1,8935;1.922;65,15;Peixe Pronto
APT;Próprio;SFS;R051;27/01/2026;29;3.805;903,24;3.436,77;4.213,70;1,8935;2.035;65,15;Peixe Pronto
APT;Próprio;SFS;R052;16/02/2026;30;4.380;904,54;3.961,56;4.574,91;1,7615;2.105;67,54;Peixe Pronto
APT;Próprio;SFS;R053;07/02/2026;29;4.573;902,23;4.125,69;4.777,43;1,7788;2.091;68,62;Peixe Pronto
APT;Próprio;SFS;R054;07/02/2026;29;4.039;902,23;3.644,03;4.219,68;1,7788;1.847;68,62;Peixe Pronto
APT;Próprio;SFS;R055;13/01/2026;29;3.554;903,38;3.210,90;3.677,64;1,8294;1.709;67,53;Peixe Pronto
APT;Próprio;SFS;R056;13/01/2026;29;1.650;903,38;1.490,45;1.707,10;1,8294;793;67,53;Peixe Pronto
APT;Próprio;SFS;R058;29/01/2026;31;3.470;900,48;3.124,66;3.842,38;1,8829;2.278;60,37;Peixe Pronto
APT;Próprio;SFS;R059;04/01/2026;29;1.184;901,86;1.067,37;1.213,45;1,8702;595;66,53;Peixe Pronto
APT;Próprio;SFS;R060;27/01/2026;29;3.526;903,24;3.184,90;3.904,89;1,8935;1.886;65,15;Peixe Pronto
APT;Próprio;SFS;R061;20/02/2026;29;5.617;904,84;5.082,61;5.481,96;1,6383;1.813;75,6;Peixe Pronto
APT;Próprio;SFS;R062;19/02/2026;31;4.408;905,63;3.992,18;4.552,93;1,7183;2.094;67,8;Peixe Pronto
APT;Próprio;SFS;R063;14/02/2026;30;4.471;902,98;4.037,56;4.637,40;1,7589;2.124;67,8;Peixe Pronto
APT;Próprio;SFS;R065;11/01/2026;28;4.012;900,81;3.613,84;4.134,12;1,8466;1.875;68,15;Peixe Pronto
APT;Próprio;SFS;R067;09/01/2026;29;3.794;904,74;3.432,32;3.935,09;1,8602;1.880;66,86;Peixe Pronto
APT;Próprio;SFS;R068;11/01/2026;28;4.015;900,81;3.616,91;4.137,63;1,8466;1.877;68,15;Peixe Pronto
APT;Próprio;SFS;R069;26/12/2025;30;3.809;900,37;3.429,65;3.894,87;1,9088;2.139;64,04;Peixe Pronto
APT;Próprio;SFS;R070;07/02/2026;29;3.412;902,23;3.078,79;3.565,15;1,7788;1.561;68,62;Peixe Pronto
APT;Próprio;SFS;R071;19/02/2026;31;4.673;905,63;4.231,64;4.826,03;1,7183;2.219;67,8;Peixe Pronto
APT;Próprio;SFS;R073;27/01/2026;29;3.705;903,24;3.346,74;4.103,31;1,8935;1.982;65,15;Peixe Pronto
APT;Próprio;SFS;R075;16/02/2026;30;4.864;904,54;4.399,56;5.080,72;1,7615;2.338;67,54;Peixe Pronto
APT;Próprio;SFS;R076;14/02/2026;30;4.027;902,98;3.635,94;4.176,12;1,7589;1.912;67,8;Peixe Pronto
APT;Próprio;SFS;R077;09/01/2026;29;3.064;904,74;2.771,74;3.177,76;1,8602;1.518;66,86;Peixe Pronto
APT;Próprio;SFS;R079;13/01/2026;29;3.943;903,38;3.561,70;4.079,43;1,8294;1.895;67,53;Peixe Pronto
APT;Próprio;SFS;R082;13/01/2026;29;3.978;903,38;3.593,43;4.115,77;1,8294;1.912;67,53;Peixe Pronto
APT;Próprio;SFS;R083;13/01/2026;29;3.912;903,38;3.534,25;4.047,99;1,8294;1.881;67,53;Peixe Pronto
APT;Próprio;SFS;R084;11/01/2026;28;2.635;900,81;2.373,21;2.714,88;1,8466;1.231;68,15;Peixe Pronto
APT;Próprio;SFS;R085;11/01/2026;28;3.375;900,81;3.039,87;3.477,52;1,8466;1.577;68,15;Peixe Pronto
APT;Próprio;SFS;R086;29/01/2026;31;3.075;900,48;2.768,59;3.404,53;1,8829;2.018;60,37;Peixe Pronto
APT;Próprio;SFS;R087;08/01/2026;29;2.774;904,17;2.508,13;2.874,34;1,8636;1.379;66,79;Peixe Pronto
APT;Próprio;SFS;R088;29/01/2026;31;3.268;900,48;2.943,09;3.619,11;1,8829;2.146;60,37;Peixe Pronto
APT;Próprio;SFS;R090;13/01/2026;29;3.719;903,38;3.359,76;3.848,14;1,8294;1.788;67,53;Peixe Pronto
APT;Próprio;SFS;R091;04/01/2026;29;3.301;901,86;2.977,12;3.384,57;1,8702;1.661;66,53;Peixe Pronto
APT;Próprio;SFS;R092;16/02/2026;30;4.065;904,54;3.676,89;4.246,16;1,7615;1.954;67,54;Peixe Pronto
APT;Próprio;SFS;R094;20/02/2026;29;5.886;904,84;5.326,14;5.744,62;1,6383;1.900;75,6;Peixe Pronto
APT;Próprio;SFS;R095;04/01/2026;29;3.431;901,86;3.094,11;3.517,58;1,8702;1.726;66,53;Peixe Pronto
APT;Próprio;SFS;R096;20/02/2026;29;5.326;904,84;4.819,25;5.197,90;1,6383;1.719;75,6;Peixe Pronto
APT;Próprio;SFS;R097;20/02/2026;29;5.970;904,84;5.402,07;5.826,52;1,6383;1.927;75,6;Peixe Pronto
APT;Próprio;SFS;R098;11/01/2026;28;3.664;900,81;3.300,76;3.775,97;1,8466;1.713;68,15;Peixe Pronto
APT;Próprio;SFS;R099;14/02/2026;30;4.888;902,98;4.414,07;5.069,85;1,7589;2.322;67,8;Peixe Pronto
APT;Próprio;SFS;R100;16/02/2026;30;4.504;904,54;4.073,96;4.704,71;1,7615;2.165;67,54;Peixe Pronto
APT;Próprio;SFS;R101;14/02/2026;30;4.583;902,98;4.138,57;4.753,42;1,7589;2.177;67,8;Peixe Pronto
APT;Próprio;SFS;R102;14/02/2026;30;4.661;902,98;4.208,98;4.834,29;1,7589;2.214;67,8;Peixe Pronto
APT;Próprio;SFS;R104;29/01/2026;29;3.866;900,48;3.480,94;4.280,50;1,8978;2.073;65,09;Peixe Pronto
APT;Próprio;SFS;R105;14/02/2026;30;4.796;902,98;4.330,81;4.974,22;1,7589;2.278;67,8;Peixe Pronto
APT;Próprio;SFS;R106;11/01/2026;28;3.522;900,81;3.173,08;3.629,90;1,8466;1.647;68,15;Peixe Pronto
APT;Próprio;SFS;R107;19/02/2026;31;4.699;905,63;4.255,59;4.853,34;1,7183;2.232;67,8;Peixe Pronto
APT;Próprio;SFS;R108;18/12/2025;31;3.637;905,02;3.291,24;3.628,02;1,9475;2.180;62,52;Peixe Pronto
APT;Próprio;SFS;R111;08/01/2026;29;3.531;904,17;3.192,99;3.659,20;1,8636;1.756;66,79;Peixe Pronto
APT;Próprio;SFS;R112;08/01/2026;29;3.382;904,17;3.058,31;3.504,86;1,8636;1.682;66,79;Peixe Pronto
APT;Próprio;SFS;R113;25/12/2025;31;3.829;904,89;3.465,19;3.945,72;1,9278;2.321;62,27;Peixe Pronto
APT;Próprio;SFS;R113;19/02/2026;31;4.584;905,63;4.151,21;8.680,01;1,7183;2.177;67,8;Peixe Pronto
APT;Próprio;SFS;R114;18/12/2025;31;3.701;905,02;3.349,51;3.692,26;1,9475;2.219;62,52;Peixe Pronto
APT;Próprio;SFS;R115;08/01/2026;29;3.654;904,17;3.304,11;3.786,55;1,8636;1.817;66,79;Peixe Pronto
APT;Próprio;SFS;R116;20/02/2026;29;5.876;904,84;5.316,56;5.734,29;1,6383;1.896;75,6;Peixe Pronto
APT;Próprio;SFS;R117;16/02/2026;30;4.856;904,54;4.392,84;5.072,96;1,7615;2.335;67,54;Peixe Pronto
APT;Próprio;SFS;R118;16/02/2026;30;4.486;904,54;4.057,47;4.685,67;1,7615;2.156;67,54;Peixe Pronto
APT;Próprio;SFS;R119;16/02/2026;30;4.781;904,54;4.325,03;4.994,66;1,7615;2.299;67,54;Peixe Pronto
APT;Próprio;SFS;R120;19/02/2026;31;4.605;905,63;4.170,24;4.756,00;1,7183;2.187;67,8;Peixe Pronto
APT;Próprio;SFS;R125;09/01/2026;29;3.397;904,74;3.073,60;3.523,83;1,8602;1.684;66,86;Peixe Pronto
APT;Próprio;SFS;R126;09/01/2026;29;2.965;904,74;2.682,82;3.075,81;1,8602;1.470;66,86;Peixe Pronto
APT;Próprio;SFS;R127;09/01/2026;29;3.268;904,74;2.956,85;3.389,98;1,8602;1.620;66,86;Peixe Pronto
APT;Próprio;SFS;R128;29/01/2026;29;3.996;900,48;3.598,75;4.425,37;1,8978;2.144;65,09;Peixe Pronto
APT;Próprio;SFS;R129;29/01/2026;29;4.552;900,48;4.099,29;5.040,89;1,8978;2.442;65,09;Peixe Pronto
APT;Próprio;SFS;R130;04/02/2026;29;4.454;901,66;4.016,10;4.902,03;1,8787;2.348;65,48;Peixe Pronto
APT;Próprio;SFS;R131;04/02/2026;29;4.092;901,66;3.689,59;4.503,49;1,8787;2.157;65,48;Peixe Pronto
APT;Próprio;SFS;R132;04/02/2026;29;4.430;901,66;3.994,25;4.875,36;1,8787;2.335;65,48;Peixe Pronto
APT;Próprio;SFS;R133;04/02/2026;29;4.409;901,66;3.975,36;4.852,30;1,8787;2.324;65,48;Peixe Pronto
APT;Próprio;SFS;R134;04/02/2026;29;3.899;901,66;3.515,41;4.290,89;1,8787;2.055;65,48;Peixe Pronto
APT;Próprio;SFS;R135;16/02/2026;30;2.943;904,54;2.661,61;3.073,69;1,7615;1.414;67,54;Peixe Pronto
APT;Próprio;SFS;R140;29/01/2026;25;12.671;900,48;11.409,82;14.030,63;1,9386;5.205;70,88;Peixe Pronto
APT;Próprio;SFS;R141;24/01/2026;25;12.883;901,4;11.612,80;14.261,63;1,9583;5.230;71,13;Peixe Pronto
APT;Próprio;SFS;R142;24/01/2026;25;9.688;901,4;8.732,84;10.724,77;1,9583;3.933;71,13;Peixe Pronto
APT;Próprio;SFS;R143;24/01/2026;25;9.350;901,4;8.427,66;10.349,98;1,9583;3.795;71,13;Peixe Pronto
APT;Próprio;SFS;R144;25/01/2026;25;12.789;902,05;11.536,61;14.160,07;1,951;5.057;71,67;Peixe Pronto
APT;Próprio;SFS;R145;25/01/2026;25;9.716;902,05;8.763,97;10.756,93;1,951;3.841;71,67;Peixe Pronto
APT;Próprio;SFS;R146;25/01/2026;25;9.612;902,05;8.670,24;10.641,88;1,951;3.800;71,67;Peixe Pronto
APT;Próprio;SFS;R147;28/01/2026;25;12.801;903,82;11.570,08;14.270,75;1,9318;5.178;71,2;Peixe Pronto
APT;Próprio;SFS;R148;28/01/2026;25;9.756;903,82;8.817,69;10.875,90;1,9318;3.946;71,2;Peixe Pronto
APT;Próprio;SFS;R149;28/01/2026;25;9.264;903,82;8.373,01;10.327,43;1,9318;3.747;71,2;Peixe Pronto
APT;Próprio;SFS;R150;29/01/2026;25;9.495;900,48;8.550,34;10.514,34;1,9386;3.901;70,88;Peixe Pronto
APT;Próprio;SFS;R151;29/01/2026;25;9.438;900,48;8.498,64;10.450,77;1,9386;3.877;70,88;Peixe Pronto
APT;Próprio;SFS;R2-074;20/01/2026;29;3.736;902,23;3.370,82;4.160,48;1,9637;2.154;63,43;Peixe Pronto
APT;Próprio;SFS;V01;09/05/2026;41;28.088;900,03;25.279,64;24.592,79;1,4753;31.885;46,83;Peixe Pronto
APT;Próprio;SFS;V02;09/05/2026;41;2.810;900,03;2.529,10;2.460,39;1,4753;3.190;46,83;Peixe Pronto
APT;Próprio;SFS;V03;26/03/2026;33;37.214;905,56;33.699,41;34.954,38;1,5592;17.654;67,82;Peixe Pronto
APT;Próprio;SFS;V04;13/03/2026;31;27.915;904,73;25.255,33;26.267,13;1,5686;9.518;74,57;Peixe Pronto
APT;Próprio;SFS;V05;09/05/2026;41;30.416;900,03;27.375,00;26.631,22;1,4753;34.528;46,83;Peixe Pronto
APT;Próprio;SFS;V06;09/05/2026;41;30.416;900,03;27.375,00;26.631,22;1,4753;34.528;46,83;Peixe Pronto
APT;Próprio;SFS;V07;26/05/2026;42;63.359;904,85;57.330,51;56.475,07;1,509;76.634;45,26;Peixe Pronto
APT;Próprio;SFS;V09;20/03/2026;32;47.776;901,12;43.051,40;44.560,48;1,5629;19.926;70,57;Peixe Pronto
APT;Próprio;SFS;V10;03/06/2026;42;20.216;901,3;18.220,58;18.056,14;1,5295;24.784;44,92;Peixe Pronto
APT;Próprio;SFS;V12;25/03/2026;33;57.473;901,93;51.836,43;53.605,21;1,561;27.395;67,72;Peixe Pronto
APT;Próprio;SFS;V13;10/04/2026;35;43.190;900,42;38.889,51;39.252,18;1,5194;26.721;61,78;Peixe Pronto
APT;Próprio;SFS;V14;30/03/2026;33;45.973;901,79;41.457,42;42.807,78;1,5617;23.951;65,75;Peixe Pronto
APT;Próprio;SFS;V15;03/06/2026;42;24.708;901,3;22.269,59;22.068,62;1,5296;30.292;44,92;Peixe Pronto
APT;Próprio;SFS;V17;09/04/2026;35;43.007;900,16;38.713,57;39.152,22;1,5235;26.818;61,59;Peixe Pronto
APT;Próprio;SFS;V18;10/04/2026;35;43.188;900,42;38.887,84;39.250,49;1,5194;26.720;61,78;Peixe Pronto
APT;Próprio;SFS;V19;30/03/2026;33;45.281;901,79;40.833,70;42.163,74;1,5617;23.591;65,75;Peixe Pronto
APT;Próprio;SFS;V20;02/04/2026;34;44.641;903,63;40.338,96;41.663,84;1,5572;24.951;64,15;Peixe Pronto
APT;Próprio;SFS;V21;20/03/2026;32;36.249;901,12;32.664,68;33.809,68;1,5629;15.119;70,57;Peixe Pronto
APT;Próprio;SFS;V22;20/03/2026;32;36.118;901,12;32.546,41;33.687,26;1,5656;14.833;70,89;Peixe Pronto
APT;Próprio;SFS;V23;20/03/2026;32;29.571;901,12;26.646,57;27.580,61;1,5629;12.333;70,57;Peixe Pronto
ITA;Próprio;SLU;SLU01;06/09/2025;4;24.671;900,42;22.214,27;2.470,76;0;52;99,79;Peixe Pronto
ITA;Próprio;SLU;SLU02;05/09/2025;4;22.154;900,34;19.946,43;2.010,42;0;47;99,79;Peixe Pronto
ITA;Próprio;SLU;SLU03;27/08/2025;3;17.358;913,76;15.860,77;123,9122;0;1;99,99;Peixe Pronto
ITA;Próprio;SLU;SLU04;27/08/2025;3;20.557;927,98;19.076,87;149,038;0;2;99,99;Peixe Pronto
ITA;Próprio;SLU;SLU05;16/12/2025;19;29.897;900,46;26.920,91;27.628,24;2,4052;4.836;86,08;Peixe Pronto
ITA;Próprio;SLU;SLU06;27/01/2026;25;20.787;900,08;18.709,93;24.704,69;2,3109;7.027;74,74;Peixe Pronto
ITA;Próprio;SLU;SLU07;01/01/2026;21;9.457;904,72;8.555,74;9.846,05;2,2848;1.899;83,28;Peixe Pronto
ITA;Próprio;SLU;SLU08;12/12/2025;18;10.494;900,18;9.446,51;9.434,57;2,4721;1.661;86,34;Peixe Pronto
ITA;Próprio;SLU;SLU09;04/02/2026;26;58.468;901,04;52.682,16;69.383,24;2,2463;20.867;73,7;Peixe Pronto
ITA;Próprio;SLU;SLU10;10/04/2026;35;20.152;904,72;18.232,07;22.390,38;1,858;10.113;66,59;Peixe Pronto
ITA;Próprio;SLU;SLU11;03/02/2026;26;22.205;901,12;20.009,14;26.361,75;2,2583;7.789;74,03;Peixe Pronto
ITA;Próprio;SLU;SLU12;04/02/2026;26;40.516;901,04;36.506,64;48.079,82;2,2518;14.460;73,7;Peixe Pronto
ITA;Próprio;SLU;SLU13;03/04/2026;34;18.170;901,54;16.380,55;20.069,53;1,8729;8.283;68,69;Peixe Pronto
ITA;Próprio;SLU;SLU14;17/04/2026;36;16.021;904,28;14.487,45;17.697,39;1,8557;9.611;62,5;Peixe Pronto
ITA;Próprio;SLU;SLU15;06/10/2025;8;30.468;903,38;27.524,16;11.029,64;3,8236;327;98,94;Peixe Pronto
ITA;Próprio;SLU;SLU16;28/09/2025;7;30.530;902,5;27.553,15;9.018,36;4,8907;189;99,38;Peixe Pronto
ITA;Integração;SON;SON01;24/12/2025;20;20.721;904,46;18.740,98;20.443,77;2,3192;3.545;85,39;Peixe Pronto
ITA;Integração;SON;SON02;22/01/2026;24;15.671;900,26;14.107,91;18.463,46;2,3437;5.183;75,15;Peixe Pronto
ITA;Integração;SON;SON03;24/01/2026;24;15.968;900,19;14.374,27;18.877,87;2,3333;5.345;74,92;Peixe Pronto
ITA;Integração;SON;SON04;13/03/2026;31;26.848;904,72;24.289,78;31.359,00;2,0444;13.012;67,36;Peixe Pronto
ITA;Integração;SON;SON05;03/10/2025;8;48.548;903,1;43.843,46;16.305,48;3,9638;423;99,14;Peixe Pronto
ITA;Integração;SON;SON06;03/10/2025;8;54.207;903,1;48.954,70;18.206,36;3,9638;473;99,14;Peixe Pronto
ITA;Integração;SON;SON07;02/09/2025;4;85.021;904,78;76.925,34;5.324,83;0;220;99,74;Peixe Pronto
ITA;Integração;SON;SON09;04/04/2026;34;55.145;900,75;49.671,80;60.862,12;1,8694;25.180;68,65;Peixe Pronto
ITA;Integração;SON;SON10;02/03/2026;30;43.671;902,28;39.402,99;51.291,97;2,0681;19.563;69,06;Peixe Pronto
ITA;Integração;SON;SON11;02/12/2025;17;40.919;900,52;36.848,13;33.589,04;2,5672;6.098;87,03;Peixe Pronto
ITA;Integração;SON;SON12;05/01/2026;21;66.103;904,31;59.778,09;70.642,55;2,2602;13.995;82,53;Peixe Pronto
ITA;Integração;SON;SON13;22/01/2026;24;43.590;903,96;39.403,43;51.973,62;2,3698;14.301;75,3;Peixe Pronto
ITA;Integração;SON;SON14;04/01/2026;21;61.954;904,43;56.032,74;65.801,51;2,2623;13.041;82,61;Peixe Pronto
ITA;Integração;SON;SON15;09/03/2026;30;49.158;900,23;44.253,87;57.024,70;2,0432;22.817;68,3;Peixe Pronto
ITA;Integração;SON;SON16;21/12/2025;19;60.516;904,79;54.754,71;58.277,56;2,344;10.072;85,73;Peixe Pronto
ITA;Integração;SON;SON17;04/02/2026;26;58.492;901,04;52.703,41;69.411,22;2,2366;20.875;73,7;Peixe Pronto
ITA;Integração;SON;SON18;20/03/2026;32;58.925;903,19;53.220,49;65.620,54;1,8926;22.952;71,97;Peixe Pronto
ITA;Integração;SON;SON19;08/10/2025;9;85.387;903,74;77.167,61;32.078,21;3,8042;959;98,89;Peixe Pronto
ITA;Integração;SON;SON20;23/11/2025;15;36.844;901,4;33.211,21;27.317,05;2,6897;5.007;88,04;Peixe Pronto
ITA;Integração;SON;SON21;09/01/2026;22;56.815;903,78;51.348,86;62.177,97;2,2109;12.305;82,2;Peixe Pronto
ITA;Integração;SON;SON22;29/10/2025;12;21.229;901,53;19.138,71;11.845,02;5,2608;4.446;82,68;Peixe Pronto
ITA;Integração;SON;SON23;28/03/2026;33;46.285;901,6;41.730,17;50.973,87;1,8661;20.156;69,66;Peixe Pronto
ITA;Integração;SON;SON24;01/06/2026;43;21.290;900,41;19.169,33;21.928,59;1,7214;18.460;53,56;Peixe Pronto
ITA;Integração;SON;SON25;01/06/2026;43;30.528;900,41;27.488,09;31.444,77;1,7214;26.472;53,56;Peixe Pronto
ITA;Integração;SON;SON26;01/06/2026;43;50.881;900,41;45.813,49;52.407,96;1,7214;44.119;53,56;Peixe Pronto
ITA;Integração;SON;SON27;23/05/2026;45;36.888;903,98;33.345,76;38.449,82;1,7255;48.612;43,14;Peixe Pronto
ITA;Próprio;SOP;SOP02;22/01/2026;24;18.765;900,26;16.893,78;22.109,41;2,3488;6.207;75,15;Peixe Pronto
ITA;Próprio;SOP;SOP03;28/12/2025;20;16.287;904,1;14.724,92;16.578,97;2,2874;2.863;85,05;Peixe Pronto
ITA;Próprio;SOP;SOP04;14/01/2026;23;27.362;904,29;24.743,62;29.890,16;2,127;5.859;82,36;Peixe Pronto
ITA;Próprio;SOP;SOP05;13/10/2025;10;26.584;904,22;24.037,54;11.176,89;5,6067;2.734;90,67;Peixe Pronto
ITA;Próprio;SOP;SOP06;13/09/2025;5;30.765;901,08;27.721,94;4.985,36;0;2.676;92;Peixe Pronto
ITA;Próprio;SOP;SOP07;10/01/2026;22;30.679;903,64;27.722,61;33.767,95;2,2112;6.756;81,95;Peixe Pronto
ITA;Próprio;SOP;SOP08;06/11/2025;13;34.572;902,58;31.203,85;21.518,32;3,1942;4.132;89,32;Peixe Pronto
ITA;Próprio;SOP;SOP09;22/01/2026;25;22.248;900,26;20.028,87;26.212,40;2,2975;7.716;74,25;Peixe Pronto
ITA;Próprio;SOP;SOP10;24/01/2026;25;21.471;900,19;19.328,47;25.384,27;2,305;7.476;74,18;Peixe Pronto
ITA;Próprio;SOP;SOP11;04/01/2026;21;32.120;904,43;29.050,12;34.114,72;2,2693;6.800;82,53;Peixe Pronto
ITA;Próprio;SOP;SOP13;17/11/2025;15;43.014;904,02;38.885,18;30.275,08;2,8127;5.407;88,83;Peixe Pronto
ITA;Parceria;WBA;WBA03;12/12/2025;20;61.358;900,18;55.233,22;55.163,39;2,3162;10.642;85,22;Peixe Pronto
ITA;Parceria;WBA;WBA04;29/12/2025;27;84.586;900,04;76.130,66;86.181,22;2,1119;32.414;72,3;Peixe Pronto
ITA;Parceria;WBA;WBA05;27/08/2025;5;103.318;909,03;93.919,29;733,7445;0;682;99,34;Peixe Pronto
ITA;Parceria;WBA;WBA06;22/04/2026;39;123.091;903,7;111.237,88;134.845,52;1,8221;84.909;59,18;Peixe Pronto
ITA;Parceria;WBA;WBA07;08/02/2026;28;48.625;900,77;43.800,14;57.526,32;2,1798;23.375;67,54;Peixe Pronto
ITA;Parceria;WRR;WRR001;21/12/2025;20;22.963;904,79;20.776,78;22.114,16;2,2885;4.037;85,05;Peixe Pronto
ITA;Parceria;WRR;WRR002;09/09/2025;6;38.040;900,67;34.261,12;4.873,53;0;3.452;91,68;Peixe Pronto
ITA;Parceria;WRR;WRR003;28/12/2025;21;38.005;900,12;34.208,83;38.420,99;2,2248;6.995;84,45;Peixe Pronto
ITA;Parceria;WRR;WRR004;28/09/2025;8;22.607;902,5;20.402,56;6.677,92;3,846;231;98,99;Peixe Pronto
ITA;Parceria;WRR;WRR005;27/08/2025;4;7.132;923,23;6.584,97;51,4451;0;19;99,74;Peixe Pronto
ITA;Parceria;WRR;WRR006;12/09/2025;6;21.002;900,92;18.920,72;3.271,79;0;1.906;91,68;Peixe Pronto
ITA;Parceria;WRR;WRR007;12/09/2025;6;9.790;900,92;8.820,25;1.525,21;0;889;91,68;Peixe Pronto
ITA;Parceria;WRR;WRR008;29/09/2025;9;10.433;902,59;9.416,70;3.173,91;3,8328;112;98,94;Peixe Pronto
ITA;Parceria;WRR;WRR009;03/06/2026;42;107.978;900,88;97.275,22;112.156,20;1,7301;90.022;54,53;Peixe Pronto
ITA;Parceria;WRR;WRR011;21/06/2026;45;40.835;904,62;36.939,63;41.972,31;1,7457;49.165;45,37;Peixe Pronto
ITA;Parceria;ZIM;ZIM01;08/11/2025;15;52.664;903,07;47.559,05;33.402,91;2,7602;7.096;88,13;Peixe Pronto
ITA;Parceria;ZIM;ZIM02;08/11/2025;15;82.485;903,07;74.490,08;52.317,81;2,7828;11.115;88,13;Peixe Pronto
ITA;Parceria;ZIM;ZIM03;16/10/2025;12;35.658;904,72;32.260,75;15.818,98;3,8445;4.342;89,15;Peixe Pronto
